{"type":"FeatureCollection","features":[{"type":"Feature","properties":{"cislo":8001,"kod":31647,"mestskaCast":"praha-8"},"geometry":{"type":"Polygon","coordinates":[[[14.436659,50.091895],[14.436866,50.092324],[14.436836,50.092486],[14.436831,50.092512],[14.436796,50.0927],[14.436708,50.093163],[14.436689,50.093266],[14.436622,50.093623],[14.436605,50.09371],[14.436563,50.093935],[14.43655,50.094003],[14.436547,50.09402],[14.436548,50.094026],[14.436614,50.094295],[14.436746,50.094307],[14.43677,50.094309],[14.436805,50.094312],[14.436883,50.094319],[14.436891,50.094319],[14.436936,50.094323],[14.437233,50.094349],[14.437274,50.094353],[14.437283,50.094354],[14.437333,50.094358],[14.437697,50.094389],[14.439392,50.094535],[14.43997,50.09458],[14.441206,50.094675],[14.441311,50.094684],[14.441388,50.09469],[14.441402,50.094691],[14.441402,50.094691],[14.441558,50.094025],[14.441627,50.093767],[14.441927,50.09256],[14.442199,50.091486],[14.442348,50.090854],[14.44241,50.090696],[14.442462,50.090583],[14.442515,50.09047],[14.442592,50.090304],[14.442719,50.090107],[14.442831,50.08998],[14.442958,50.089846],[14.443093,50.08974],[14.443272,50.089629],[14.443449,50.089527],[14.443589,50.089467],[14.443802,50.089395],[14.443997,50.089339],[14.444293,50.089275],[14.444617,50.089212],[14.444948,50.089178],[14.444964,50.089171],[14.444759,50.089127],[14.444669,50.089108],[14.444408,50.089054],[14.444206,50.089012],[14.443943,50.088957],[14.443691,50.088905],[14.44349,50.088863],[14.443429,50.088851],[14.443253,50.088829],[14.443175,50.088612],[14.443112,50.08844],[14.443112,50.088437],[14.443115,50.088417],[14.443118,50.088389],[14.443118,50.088388],[14.443132,50.088271],[14.443139,50.088215],[14.443139,50.088212],[14.443235,50.087412],[14.443138,50.087423],[14.443097,50.087427],[14.442975,50.087396],[14.442423,50.087418],[14.441844,50.087441],[14.441713,50.087427],[14.441686,50.087423],[14.440911,50.087321],[14.440155,50.087215],[14.439821,50.087164],[14.439685,50.087138],[14.439502,50.087094],[14.439254,50.087032],[14.439103,50.086988],[14.438983,50.086947],[14.438876,50.086911],[14.438826,50.086894],[14.438705,50.086843],[14.438542,50.08677],[14.438351,50.086673],[14.438212,50.086599],[14.438085,50.086358],[14.438057,50.086305],[14.437474,50.086498],[14.437457,50.086504],[14.437574,50.086745],[14.437677,50.087029],[14.437764,50.087359],[14.437812,50.087677],[14.437824,50.087844],[14.437843,50.087995],[14.437846,50.088001],[14.437977,50.088111],[14.437971,50.088274],[14.437942,50.088538],[14.437933,50.088814],[14.437936,50.089054],[14.437938,50.089274],[14.437935,50.089497],[14.437776,50.089463],[14.437747,50.089456],[14.437588,50.089422],[14.437569,50.089418],[14.437338,50.089367],[14.437371,50.089886],[14.43736,50.089902],[14.437266,50.090036],[14.437131,50.090228],[14.43706,50.090326],[14.437048,50.090344],[14.437005,50.090404],[14.436996,50.090417],[14.436974,50.090447],[14.43687,50.090632],[14.436813,50.090719],[14.436397,50.09135],[14.436659,50.091895]]]}},{"type":"Feature","properties":{"cislo":8002,"kod":31649,"mestskaCast":"praha-8"},"geometry":{"type":"Polygon","coordinates":[[[14.445264,50.091203],[14.446989,50.091582],[14.447922,50.089786],[14.447922,50.089785],[14.447922,50.089785],[14.447705,50.08974],[14.447318,50.08966],[14.446801,50.089553],[14.446553,50.089501],[14.446065,50.0894],[14.445726,50.08933],[14.445725,50.08933],[14.445724,50.089329],[14.445567,50.089297],[14.445566,50.089297],[14.445527,50.089289],[14.445354,50.089253],[14.445156,50.089212],[14.444964,50.089171],[14.444948,50.089178],[14.444617,50.089212],[14.444293,50.089275],[14.443997,50.089339],[14.443802,50.089395],[14.443589,50.089467],[14.443449,50.089527],[14.443272,50.089629],[14.443093,50.08974],[14.442958,50.089846],[14.442831,50.08998],[14.442719,50.090107],[14.442592,50.090304],[14.442515,50.09047],[14.442462,50.090583],[14.445264,50.091203]]]}},{"type":"Feature","properties":{"cislo":8003,"kod":31651,"mestskaCast":"praha-8"},"geometry":{"type":"Polygon","coordinates":[[[14.441558,50.094025],[14.441906,50.094046],[14.442274,50.094042],[14.442657,50.094031],[14.442989,50.093997],[14.443354,50.093938],[14.443601,50.093905],[14.443519,50.093762],[14.443459,50.093648],[14.443422,50.093554],[14.443394,50.093488],[14.443399,50.093398],[14.44342,50.0933],[14.443457,50.093194],[14.443527,50.093064],[14.44419,50.093195],[14.444479,50.092504],[14.445264,50.091203],[14.442462,50.090583],[14.44241,50.090696],[14.442348,50.090854],[14.442199,50.091486],[14.441927,50.09256],[14.441627,50.093767],[14.441558,50.094025]]]}},{"type":"Feature","properties":{"cislo":8004,"kod":31653,"mestskaCast":"praha-8"},"geometry":{"type":"Polygon","coordinates":[[[14.446473,50.092943],[14.446419,50.092929],[14.446324,50.092912],[14.446989,50.091582],[14.445264,50.091203],[14.444479,50.092504],[14.44419,50.093195],[14.443527,50.093064],[14.443457,50.093194],[14.44342,50.0933],[14.443399,50.093398],[14.443394,50.093488],[14.443422,50.093554],[14.443459,50.093648],[14.443519,50.093762],[14.443601,50.093905],[14.443354,50.093938],[14.442989,50.093997],[14.442657,50.094031],[14.442274,50.094042],[14.441906,50.094046],[14.441558,50.094025],[14.441402,50.094691],[14.441402,50.094691],[14.441504,50.094699],[14.441523,50.0947],[14.441557,50.094707],[14.444522,50.09528],[14.446728,50.096155],[14.447425,50.096354],[14.44851,50.094239],[14.446088,50.093689],[14.446473,50.092943]]]}},{"type":"Feature","properties":{"cislo":8005,"kod":31655,"mestskaCast":"praha-8"},"geometry":{"type":"Polygon","coordinates":[[[14.451295,50.094013],[14.45176,50.093156],[14.451908,50.093187],[14.452163,50.092719],[14.4501,50.092274],[14.446989,50.091582],[14.446324,50.092912],[14.446419,50.092929],[14.446473,50.092943],[14.446526,50.092957],[14.447968,50.093275],[14.450675,50.093877],[14.451295,50.094013]]]}},{"type":"Feature","properties":{"cislo":8006,"kod":31657,"mestskaCast":"praha-8"},"geometry":{"type":"Polygon","coordinates":[[[14.452163,50.092719],[14.453117,50.090961],[14.45335,50.090528],[14.453395,50.09045],[14.453396,50.090447],[14.453361,50.090439],[14.453341,50.090435],[14.453291,50.090425],[14.453252,50.090417],[14.45325,50.09042],[14.453246,50.090428],[14.453203,50.09042],[14.45321,50.090408],[14.452992,50.090365],[14.452738,50.090316],[14.45262,50.090293],[14.452553,50.09028],[14.452493,50.090378],[14.452307,50.090362],[14.452304,50.090361],[14.452109,50.09032],[14.452032,50.090304],[14.451922,50.090279],[14.451964,50.090206],[14.451802,50.090173],[14.451639,50.09014],[14.451623,50.09017],[14.451615,50.090168],[14.451509,50.090144],[14.451449,50.09013],[14.451465,50.090098],[14.451132,50.090032],[14.451137,50.090018],[14.450925,50.08998],[14.450914,50.090001],[14.450872,50.089991],[14.450882,50.089973],[14.450482,50.089892],[14.450471,50.08991],[14.45047,50.08991],[14.45043,50.089901],[14.450439,50.089883],[14.450334,50.089861],[14.45018,50.089829],[14.45014,50.089821],[14.450087,50.089813],[14.449913,50.089777],[14.449716,50.089736],[14.449585,50.08971],[14.449577,50.089724],[14.449551,50.089719],[14.449558,50.089705],[14.44936,50.08967],[14.449242,50.089659],[14.448992,50.089634],[14.448777,50.089612],[14.44855,50.089589],[14.448516,50.089651],[14.448479,50.089721],[14.448392,50.089883],[14.447982,50.089798],[14.447922,50.089785],[14.447922,50.089785],[14.447922,50.089786],[14.446989,50.091582],[14.4501,50.092274],[14.452163,50.092719]]]}},{"type":"Feature","properties":{"cislo":8007,"kod":31659,"mestskaCast":"praha-8"},"geometry":{"type":"Polygon","coordinates":[[[14.454856,50.099339],[14.454856,50.099339],[14.454857,50.099337],[14.4558,50.098159],[14.455041,50.097883],[14.456521,50.095173],[14.455727,50.094994],[14.454757,50.094781],[14.451901,50.094148],[14.451618,50.094087],[14.451429,50.094043],[14.451295,50.094013],[14.450675,50.093877],[14.447968,50.093275],[14.446526,50.092957],[14.446473,50.092943],[14.446088,50.093689],[14.44851,50.094239],[14.447425,50.096354],[14.44882,50.096751],[14.450619,50.09795],[14.452754,50.09857],[14.454256,50.099119],[14.454856,50.099339]]]}},{"type":"Feature","properties":{"cislo":8008,"kod":31661,"mestskaCast":"praha-8"},"geometry":{"type":"Polygon","coordinates":[[[14.452163,50.092719],[14.455276,50.093402],[14.455438,50.093108],[14.455141,50.093046],[14.455899,50.091542],[14.456344,50.091636],[14.456867,50.091764],[14.457053,50.092016],[14.457169,50.092199],[14.45752,50.092275],[14.458688,50.092551],[14.459149,50.091713],[14.459053,50.091696],[14.459009,50.091688],[14.458477,50.091596],[14.458027,50.091507],[14.458007,50.091547],[14.457629,50.091472],[14.457422,50.091431],[14.457133,50.091367],[14.456967,50.091328],[14.456968,50.091325],[14.456969,50.091321],[14.456969,50.091317],[14.456967,50.091313],[14.456965,50.09131],[14.456962,50.091306],[14.456957,50.091303],[14.456953,50.091301],[14.456947,50.091299],[14.456941,50.091298],[14.456935,50.091298],[14.456929,50.091298],[14.456924,50.091299],[14.456918,50.0913],[14.456913,50.091302],[14.456908,50.091305],[14.456905,50.091308],[14.456902,50.091311],[14.4569,50.091315],[14.456899,50.091319],[14.45687,50.091316],[14.456833,50.091311],[14.456769,50.091304],[14.45653,50.091254],[14.456578,50.091171],[14.456457,50.091146],[14.456395,50.091154],[14.456346,50.091145],[14.456105,50.09109],[14.45607,50.091074],[14.455921,50.091029],[14.455421,50.090936],[14.455403,50.090974],[14.455325,50.090957],[14.455373,50.090849],[14.455368,50.090848],[14.455149,50.090803],[14.454657,50.090702],[14.454183,50.090605],[14.453955,50.090559],[14.453487,50.090465],[14.453435,50.090454],[14.453423,50.090452],[14.453396,50.090447],[14.453395,50.09045],[14.45335,50.090528],[14.453117,50.090961],[14.452163,50.092719]]]}},{"type":"Feature","properties":{"cislo":8009,"kod":31663,"mestskaCast":"praha-8"},"geometry":{"type":"Polygon","coordinates":[[[14.454757,50.094781],[14.455423,50.093443],[14.456344,50.091636],[14.455899,50.091542],[14.455141,50.093046],[14.455438,50.093108],[14.455276,50.093402],[14.452163,50.092719],[14.451908,50.093187],[14.45176,50.093156],[14.451295,50.094013],[14.451429,50.094043],[14.451618,50.094087],[14.451901,50.094148],[14.454757,50.094781]]]}},{"type":"Feature","properties":{"cislo":8010,"kod":31665,"mestskaCast":"praha-8"},"geometry":{"type":"Polygon","coordinates":[[[14.456081,50.094327],[14.457531,50.094672],[14.457667,50.09443],[14.457914,50.093998],[14.456393,50.093655],[14.455423,50.093443],[14.454757,50.094781],[14.455727,50.094994],[14.45575,50.094951],[14.456081,50.094327]]]}},{"type":"Feature","properties":{"cislo":8011,"kod":31667,"mestskaCast":"praha-8"},"geometry":{"type":"Polygon","coordinates":[[[14.458356,50.09411],[14.458788,50.093277],[14.460172,50.092872],[14.458688,50.092551],[14.45752,50.092275],[14.457169,50.092199],[14.457053,50.092016],[14.456867,50.091764],[14.456344,50.091636],[14.455423,50.093443],[14.456393,50.093655],[14.457914,50.093998],[14.458356,50.09411]]]}},{"type":"Feature","properties":{"cislo":8012,"kod":31669,"mestskaCast":"praha-8"},"geometry":{"type":"Polygon","coordinates":[[[14.460668,50.094649],[14.458356,50.09411],[14.457914,50.093998],[14.457667,50.09443],[14.457531,50.094672],[14.456081,50.094327],[14.45575,50.094951],[14.455727,50.094994],[14.456521,50.095173],[14.457367,50.095375],[14.458444,50.095615],[14.459052,50.095741],[14.45947,50.095832],[14.459712,50.09589],[14.459952,50.095957],[14.460668,50.094649]]]}},{"type":"Feature","properties":{"cislo":8013,"kod":31671,"mestskaCast":"praha-8"},"geometry":{"type":"Polygon","coordinates":[[[14.458356,50.09411],[14.460668,50.094649],[14.460919,50.0942],[14.460421,50.094083],[14.461504,50.092046],[14.461505,50.092042],[14.461382,50.092028],[14.460821,50.091895],[14.460769,50.091947],[14.4595,50.091775],[14.459149,50.091713],[14.458688,50.092551],[14.460172,50.092872],[14.458788,50.093277],[14.458356,50.09411]]]}},{"type":"Feature","properties":{"cislo":8014,"kod":31673,"mestskaCast":"praha-8"},"geometry":{"type":"Polygon","coordinates":[[[14.46368,50.097329],[14.463928,50.096825],[14.464782,50.09699],[14.464916,50.096757],[14.465287,50.09601],[14.465557,50.095471],[14.466706,50.095708],[14.467465,50.094395],[14.468224,50.093809],[14.468264,50.093758],[14.468277,50.093696],[14.468264,50.093622],[14.468122,50.093228],[14.468122,50.093225],[14.468122,50.093225],[14.467845,50.093246],[14.467743,50.093345],[14.467331,50.093159],[14.466961,50.092991],[14.466918,50.092978],[14.466844,50.092958],[14.466678,50.092914],[14.46621,50.092789],[14.465813,50.092684],[14.465569,50.092662],[14.465224,50.092631],[14.465202,50.092629],[14.46498,50.092607],[14.464686,50.092575],[14.46455,50.092543],[14.463817,50.092371],[14.46349,50.092377],[14.463171,50.09232],[14.46195,50.092101],[14.46183,50.09208],[14.461505,50.092042],[14.461504,50.092046],[14.460421,50.094083],[14.460919,50.0942],[14.460668,50.094649],[14.459952,50.095957],[14.459712,50.09589],[14.45947,50.095832],[14.459052,50.095741],[14.458444,50.095615],[14.457367,50.095375],[14.456521,50.095173],[14.455041,50.097883],[14.4558,50.098159],[14.454857,50.099337],[14.454856,50.099339],[14.454856,50.099339],[14.455244,50.099481],[14.457489,50.100671],[14.458592,50.101537],[14.458592,50.101537],[14.458593,50.101536],[14.460957,50.100574],[14.462292,50.096825],[14.46368,50.097329]]]}},{"type":"Feature","properties":{"cislo":8015,"kod":31675,"mestskaCast":"praha-8"},"geometry":{"type":"Polygon","coordinates":[[[14.467465,50.094395],[14.466706,50.095708],[14.465557,50.095471],[14.465287,50.09601],[14.464916,50.096757],[14.464782,50.09699],[14.463928,50.096825],[14.46368,50.097329],[14.465264,50.097904],[14.467553,50.09875],[14.467623,50.097894],[14.467941,50.097922],[14.469158,50.098039],[14.469589,50.098067],[14.470273,50.098101],[14.47037,50.098109],[14.470384,50.097911],[14.470425,50.097588],[14.470491,50.097412],[14.470521,50.097333],[14.470617,50.097015],[14.470713,50.096633],[14.4707,50.096496],[14.470663,50.096402],[14.470544,50.0963],[14.470446,50.096228],[14.470333,50.096164],[14.470269,50.096131],[14.470128,50.096064],[14.469857,50.095949],[14.469606,50.0958],[14.469304,50.095628],[14.469155,50.095534],[14.469105,50.095502],[14.46891,50.095358],[14.468825,50.095296],[14.468712,50.095231],[14.468614,50.095159],[14.468427,50.095043],[14.468244,50.094909],[14.468133,50.094836],[14.468069,50.094803],[14.467922,50.094699],[14.467698,50.094561],[14.467652,50.094512],[14.467596,50.094443],[14.467465,50.094395]]]}},{"type":"Feature","properties":{"cislo":8016,"kod":31677,"mestskaCast":"praha-8"},"geometry":{"type":"Polygon","coordinates":[[[14.459971,50.103354],[14.461122,50.103374],[14.461952,50.103384],[14.463938,50.103405],[14.464218,50.103411],[14.464938,50.103411],[14.465357,50.10343],[14.465399,50.103434],[14.46581,50.103425],[14.46633,50.103434],[14.466371,50.103438],[14.467018,50.103449],[14.468414,50.103454],[14.468793,50.103461],[14.46923,50.103463],[14.471087,50.10349],[14.473044,50.103508],[14.473351,50.103526],[14.473344,50.103226],[14.47342,50.10267],[14.473497,50.102178],[14.473541,50.101837],[14.473588,50.101551],[14.475872,50.100962],[14.477177,50.099934],[14.477314,50.100018],[14.477823,50.100281],[14.478476,50.100592],[14.479326,50.100976],[14.479951,50.101221],[14.480474,50.101413],[14.480762,50.101501],[14.480762,50.101501],[14.480768,50.101422],[14.480769,50.101413],[14.480771,50.101395],[14.480787,50.101247],[14.480823,50.101264],[14.48171,50.101643],[14.48236,50.101838],[14.483669,50.102132],[14.483676,50.102133],[14.483162,50.101925],[14.482687,50.101721],[14.482474,50.101586],[14.482311,50.101485],[14.481979,50.101219],[14.481711,50.100928],[14.481478,50.100625],[14.481292,50.100302],[14.481139,50.099772],[14.481005,50.099764],[14.480963,50.099619],[14.480688,50.099187],[14.480288,50.098795],[14.479898,50.098499],[14.47982,50.098444],[14.479316,50.098167],[14.478485,50.097706],[14.478141,50.097565],[14.477525,50.097195],[14.477473,50.097164],[14.477426,50.097199],[14.476885,50.096856],[14.476221,50.096429],[14.475934,50.096582],[14.475647,50.096386],[14.475549,50.096314],[14.475495,50.096275],[14.475479,50.096263],[14.475405,50.096209],[14.475404,50.096208],[14.47539,50.096198],[14.475377,50.096189],[14.475352,50.09617],[14.47531,50.096139],[14.475282,50.096119],[14.475261,50.096103],[14.475247,50.096094],[14.475246,50.096093],[14.475188,50.09607],[14.475129,50.096047],[14.473158,50.094739],[14.472144,50.094115],[14.47104,50.093591],[14.469722,50.093116],[14.469155,50.093023],[14.469113,50.093021],[14.469108,50.093021],[14.469021,50.093085],[14.468813,50.09315],[14.468451,50.0932],[14.468122,50.093225],[14.468122,50.093225],[14.468122,50.093228],[14.468264,50.093622],[14.468277,50.093696],[14.468264,50.093758],[14.468224,50.093809],[14.467465,50.094395],[14.467596,50.094443],[14.467652,50.094512],[14.467698,50.094561],[14.467922,50.094699],[14.468069,50.094803],[14.468133,50.094836],[14.468244,50.094909],[14.468427,50.095043],[14.468614,50.095159],[14.468712,50.095231],[14.468825,50.095296],[14.46891,50.095358],[14.469105,50.095502],[14.469155,50.095534],[14.469304,50.095628],[14.469606,50.0958],[14.469857,50.095949],[14.470128,50.096064],[14.470269,50.096131],[14.470333,50.096164],[14.470446,50.096228],[14.470544,50.0963],[14.470663,50.096402],[14.4707,50.096496],[14.470713,50.096633],[14.470617,50.097015],[14.470521,50.097333],[14.470491,50.097412],[14.470425,50.097588],[14.470384,50.097911],[14.47037,50.098109],[14.470273,50.098101],[14.469589,50.098067],[14.469158,50.098039],[14.467941,50.097922],[14.467623,50.097894],[14.467553,50.09875],[14.465264,50.097904],[14.46368,50.097329],[14.462292,50.096825],[14.460957,50.100574],[14.458593,50.101536],[14.458592,50.101537],[14.458592,50.101537],[14.458861,50.101748],[14.459883,50.103131],[14.459928,50.103246],[14.459929,50.103249],[14.459941,50.103278],[14.459941,50.103279],[14.459958,50.103322],[14.45996,50.103327],[14.459967,50.103344],[14.459967,50.103346],[14.459971,50.103354]]]}},{"type":"Feature","properties":{"cislo":8017,"kod":31679,"mestskaCast":"praha-8"},"geometry":{"type":"Polygon","coordinates":[[[14.478098,50.1031],[14.478836,50.103347],[14.479666,50.103619],[14.480523,50.103894],[14.480525,50.103856],[14.480526,50.103831],[14.480516,50.10367],[14.480568,50.103651],[14.48087,50.103385],[14.480869,50.103264],[14.480793,50.10308],[14.48077,50.10285],[14.480823,50.102676],[14.48087,50.102458],[14.480834,50.102334],[14.48083,50.102293],[14.480839,50.102253],[14.480795,50.102243],[14.480808,50.102212],[14.48082,50.102137],[14.480862,50.102139],[14.480924,50.10186],[14.480956,50.101793],[14.480937,50.101691],[14.480822,50.101564],[14.480757,50.101556],[14.480762,50.101501],[14.480762,50.101501],[14.480474,50.101413],[14.479951,50.101221],[14.479326,50.100976],[14.478476,50.100592],[14.477823,50.100281],[14.477314,50.100018],[14.477177,50.099934],[14.475872,50.100962],[14.473588,50.101551],[14.474917,50.102003],[14.475073,50.102062],[14.476099,50.102416],[14.476218,50.102454],[14.476977,50.102729],[14.478018,50.103075],[14.478098,50.1031]]]}},{"type":"Feature","properties":{"cislo":8018,"kod":31681,"mestskaCast":"praha-8"},"geometry":{"type":"Polygon","coordinates":[[[14.473351,50.103526],[14.473571,50.103555],[14.473858,50.103662],[14.474203,50.103765],[14.474586,50.103889],[14.474852,50.103967],[14.474922,50.1039],[14.47537,50.103386],[14.476218,50.102454],[14.476099,50.102416],[14.475073,50.102062],[14.474917,50.102003],[14.473588,50.101551],[14.473541,50.101837],[14.473497,50.102178],[14.47342,50.10267],[14.473344,50.103226],[14.473351,50.103526]]]}},{"type":"Feature","properties":{"cislo":8019,"kod":31683,"mestskaCast":"praha-8"},"geometry":{"type":"Polygon","coordinates":[[[14.476933,50.104595],[14.476986,50.104545],[14.477332,50.104049],[14.478098,50.1031],[14.478018,50.103075],[14.476977,50.102729],[14.476218,50.102454],[14.47537,50.103386],[14.474922,50.1039],[14.474852,50.103967],[14.476933,50.104595]]]}},{"type":"Feature","properties":{"cislo":8020,"kod":31685,"mestskaCast":"praha-8"},"geometry":{"type":"Polygon","coordinates":[[[14.480676,50.105704],[14.48068,50.105694],[14.480679,50.105683],[14.480679,50.105672],[14.480679,50.105664],[14.480682,50.105631],[14.480684,50.105603],[14.480687,50.105565],[14.480726,50.105558],[14.480744,50.105379],[14.480717,50.105379],[14.480829,50.104323],[14.480834,50.104286],[14.480825,50.104273],[14.48081,50.104264],[14.480795,50.104261],[14.480801,50.104197],[14.480802,50.104189],[14.480805,50.104153],[14.480809,50.104104],[14.480791,50.104097],[14.480771,50.10409],[14.48073,50.104074],[14.480693,50.10406],[14.480593,50.104023],[14.480512,50.103993],[14.480515,50.103978],[14.48052,50.10393],[14.480523,50.1039],[14.480523,50.103894],[14.479666,50.103619],[14.478836,50.103347],[14.478098,50.1031],[14.477332,50.104049],[14.476986,50.104545],[14.476933,50.104595],[14.477213,50.104674],[14.477851,50.104857],[14.478249,50.104974],[14.480676,50.105704],[14.480676,50.105704]]]}},{"type":"Feature","properties":{"cislo":8021,"kod":31687,"mestskaCast":"praha-8"},"geometry":{"type":"Polygon","coordinates":[[[14.477545,50.105964],[14.477976,50.105993],[14.478977,50.106063],[14.479367,50.106089],[14.480685,50.106177],[14.480693,50.106106],[14.480636,50.106029],[14.480628,50.106018],[14.480612,50.105996],[14.480602,50.105983],[14.480611,50.105937],[14.480628,50.105855],[14.480633,50.105828],[14.480637,50.105815],[14.480639,50.105796],[14.480676,50.105705],[14.480676,50.105704],[14.480676,50.105704],[14.478249,50.104974],[14.477851,50.104857],[14.477213,50.104674],[14.476933,50.104595],[14.474852,50.103967],[14.474586,50.103889],[14.474203,50.103765],[14.473858,50.103662],[14.473571,50.103555],[14.473351,50.103526],[14.47311,50.104658],[14.47308,50.1048],[14.473026,50.104986],[14.472961,50.105225],[14.472935,50.10535],[14.472904,50.105429],[14.47289,50.105491],[14.472807,50.105883],[14.474835,50.105835],[14.475076,50.105829],[14.475274,50.105828],[14.4756,50.105821],[14.475697,50.105829],[14.47575,50.105843],[14.475804,50.105857],[14.476365,50.106069],[14.47649,50.106017],[14.476833,50.105929],[14.477545,50.105964]]]}},{"type":"Feature","properties":{"cislo":8022,"kod":31689,"mestskaCast":"praha-8"},"geometry":{"type":"Polygon","coordinates":[[[14.449483,50.113123],[14.449911,50.11333],[14.450833,50.113775],[14.450874,50.113778],[14.45126,50.113758],[14.451845,50.113728],[14.452214,50.113715],[14.452244,50.113709],[14.452485,50.113703],[14.453278,50.113691],[14.453853,50.113705],[14.453938,50.113704],[14.454263,50.113705],[14.455457,50.113729],[14.45609,50.113739],[14.456753,50.113743],[14.457166,50.113725],[14.457468,50.113697],[14.457798,50.113672],[14.457928,50.113656],[14.458075,50.113633],[14.458353,50.113585],[14.458663,50.113521],[14.458929,50.113463],[14.459198,50.113396],[14.459489,50.113286],[14.459659,50.113219],[14.459881,50.113366],[14.460617,50.112895],[14.460929,50.112687],[14.461205,50.11252],[14.461429,50.112395],[14.461679,50.112281],[14.461973,50.112162],[14.462339,50.112031],[14.462686,50.111925],[14.463028,50.111846],[14.463263,50.111803],[14.463539,50.111764],[14.463887,50.111722],[14.464231,50.111698],[14.464715,50.111677],[14.46544,50.11165],[14.46686,50.111612],[14.467811,50.111587],[14.468038,50.11158],[14.468251,50.111571],[14.469003,50.110757],[14.469743,50.110795],[14.470576,50.109997],[14.471514,50.109109],[14.472245,50.108456],[14.472199,50.108207],[14.472181,50.108097],[14.472187,50.107934],[14.472223,50.107765],[14.472281,50.107625],[14.472316,50.107528],[14.47246,50.107114],[14.472484,50.107071],[14.472489,50.107044],[14.472641,50.106595],[14.473808,50.106552],[14.47446,50.106537],[14.475227,50.106514],[14.475456,50.106498],[14.475663,50.106389],[14.47618,50.106144],[14.476238,50.106203],[14.476256,50.10625],[14.476329,50.106375],[14.476349,50.106413],[14.476371,50.106442],[14.476381,50.106461],[14.476401,50.106499],[14.476392,50.106544],[14.476403,50.106753],[14.476463,50.10674],[14.476537,50.106919],[14.47661,50.106908],[14.476697,50.106897],[14.476762,50.106794],[14.476902,50.106598],[14.477117,50.10658],[14.477542,50.106572],[14.477547,50.106155],[14.477544,50.106101],[14.477545,50.105964],[14.476833,50.105929],[14.47649,50.106017],[14.476365,50.106069],[14.475804,50.105857],[14.47575,50.105843],[14.475697,50.105829],[14.4756,50.105821],[14.475274,50.105828],[14.475076,50.105829],[14.474835,50.105835],[14.472807,50.105883],[14.47289,50.105491],[14.472904,50.105429],[14.472935,50.10535],[14.472961,50.105225],[14.473026,50.104986],[14.47308,50.1048],[14.47311,50.104658],[14.473351,50.103526],[14.473044,50.103508],[14.471087,50.10349],[14.46923,50.103463],[14.468793,50.103461],[14.468414,50.103454],[14.467018,50.103449],[14.466371,50.103438],[14.46633,50.103434],[14.46581,50.103425],[14.465399,50.103434],[14.465357,50.10343],[14.464938,50.103411],[14.464218,50.103411],[14.463938,50.103405],[14.461952,50.103384],[14.461122,50.103374],[14.459971,50.103354],[14.459976,50.103369],[14.459992,50.10341],[14.459993,50.103411],[14.459995,50.103417],[14.460004,50.10344],[14.460005,50.103442],[14.460005,50.103443],[14.46051,50.104728],[14.460525,50.106134],[14.460525,50.106142],[14.460149,50.107595],[14.458982,50.109326],[14.457826,50.110472],[14.457161,50.110937],[14.45626,50.111568],[14.454294,50.112475],[14.453108,50.11288],[14.451229,50.113079],[14.449517,50.113122],[14.449483,50.113123]]]}},{"type":"Feature","properties":{"cislo":8023,"kod":31691,"mestskaCast":"praha-8"},"geometry":{"type":"Polygon","coordinates":[[[14.472245,50.108456],[14.472552,50.108538],[14.472641,50.108518],[14.472783,50.108513],[14.472941,50.1085],[14.473837,50.108469],[14.473932,50.10855],[14.474397,50.108555],[14.474611,50.108547],[14.474759,50.108514],[14.474909,50.108473],[14.475277,50.108333],[14.475249,50.107605],[14.475391,50.107599],[14.475632,50.107593],[14.475901,50.107653],[14.47624,50.107719],[14.47657,50.107031],[14.476537,50.106919],[14.476463,50.10674],[14.476403,50.106753],[14.476392,50.106544],[14.476401,50.106499],[14.476381,50.106461],[14.476371,50.106442],[14.476349,50.106413],[14.476329,50.106375],[14.476256,50.10625],[14.476238,50.106203],[14.47618,50.106144],[14.475663,50.106389],[14.475456,50.106498],[14.475227,50.106514],[14.47446,50.106537],[14.473808,50.106552],[14.472641,50.106595],[14.472489,50.107044],[14.472484,50.107071],[14.47246,50.107114],[14.472316,50.107528],[14.472281,50.107625],[14.472223,50.107765],[14.472187,50.107934],[14.472181,50.108097],[14.472199,50.108207],[14.472245,50.108456]]]}},{"type":"Feature","properties":{"cislo":8024,"kod":31693,"mestskaCast":"praha-8"},"geometry":{"type":"Polygon","coordinates":[[[14.473837,50.108469],[14.473838,50.10886],[14.473887,50.108964],[14.473931,50.109022],[14.473979,50.109063],[14.474056,50.109097],[14.474512,50.109273],[14.474903,50.109425],[14.474917,50.109427],[14.475246,50.109474],[14.47544,50.109491],[14.475563,50.109511],[14.475768,50.109538],[14.47585,50.109554],[14.476081,50.109593],[14.476261,50.109609],[14.476812,50.109675],[14.47737,50.109706],[14.47751,50.109709],[14.478639,50.109709],[14.481143,50.108686],[14.481145,50.108685],[14.48114,50.108675],[14.481139,50.108673],[14.481128,50.108651],[14.481121,50.108637],[14.481119,50.108633],[14.481108,50.108612],[14.481104,50.108603],[14.481049,50.108494],[14.481033,50.108462],[14.481031,50.108458],[14.481026,50.108448],[14.481024,50.108445],[14.481005,50.108407],[14.480947,50.108343],[14.480913,50.108305],[14.480911,50.108303],[14.48091,50.108302],[14.480894,50.108284],[14.48089,50.108279],[14.480754,50.108131],[14.48061,50.107844],[14.480579,50.107785],[14.480465,50.107443],[14.480474,50.107391],[14.480659,50.106354],[14.480676,50.106262],[14.480685,50.106177],[14.479367,50.106089],[14.478977,50.106063],[14.477976,50.105993],[14.477545,50.105964],[14.477544,50.106101],[14.477547,50.106155],[14.477542,50.106572],[14.477117,50.10658],[14.476902,50.106598],[14.476762,50.106794],[14.476697,50.106897],[14.47661,50.106908],[14.476537,50.106919],[14.47657,50.107031],[14.47624,50.107719],[14.475901,50.107653],[14.475632,50.107593],[14.475391,50.107599],[14.475249,50.107605],[14.475277,50.108333],[14.474909,50.108473],[14.474759,50.108514],[14.474611,50.108547],[14.474397,50.108555],[14.473932,50.10855],[14.473837,50.108469]]]}},{"type":"Feature","properties":{"cislo":8025,"kod":31695,"mestskaCast":"praha-8"},"geometry":{"type":"Polygon","coordinates":[[[14.468251,50.111571],[14.468945,50.11156],[14.470891,50.111504],[14.471743,50.111479],[14.472794,50.111445],[14.473433,50.111429],[14.473931,50.111409],[14.474219,50.11138],[14.47445,50.111355],[14.474857,50.1113],[14.475169,50.111228],[14.475481,50.111155],[14.475707,50.111084],[14.475983,50.110982],[14.476338,50.11084],[14.476619,50.110711],[14.476859,50.110578],[14.477391,50.110271],[14.478347,50.109819],[14.478639,50.109709],[14.47751,50.109709],[14.47737,50.109706],[14.476812,50.109675],[14.476261,50.109609],[14.476081,50.109593],[14.47585,50.109554],[14.475768,50.109538],[14.475563,50.109511],[14.47544,50.109491],[14.475246,50.109474],[14.474917,50.109427],[14.474903,50.109425],[14.474512,50.109273],[14.474056,50.109097],[14.473979,50.109063],[14.473931,50.109022],[14.473887,50.108964],[14.473838,50.10886],[14.473837,50.108469],[14.472941,50.1085],[14.472783,50.108513],[14.472641,50.108518],[14.472552,50.108538],[14.472245,50.108456],[14.471514,50.109109],[14.470576,50.109997],[14.469743,50.110795],[14.469003,50.110757],[14.468251,50.111571]]]}},{"type":"Feature","properties":{"cislo":8026,"kod":31697,"mestskaCast":"praha-8"},"geometry":{"type":"Polygon","coordinates":[[[14.472043,50.112386],[14.472324,50.112393],[14.473084,50.112405],[14.473687,50.112422],[14.474559,50.112435],[14.475176,50.112453],[14.475795,50.112462],[14.476083,50.11237],[14.476172,50.111887],[14.476196,50.111772],[14.476345,50.111803],[14.476452,50.11183],[14.476505,50.111781],[14.47652,50.111773],[14.476601,50.111726],[14.476763,50.111695],[14.476675,50.111578],[14.476618,50.111446],[14.476584,50.111407],[14.476574,50.111388],[14.476479,50.111306],[14.476324,50.111238],[14.476175,50.111207],[14.475976,50.111217],[14.475806,50.11122],[14.475639,50.111205],[14.475534,50.111169],[14.475481,50.111155],[14.475169,50.111228],[14.474857,50.1113],[14.47445,50.111355],[14.474219,50.11138],[14.473931,50.111409],[14.473433,50.111429],[14.472794,50.111445],[14.471743,50.111479],[14.470891,50.111504],[14.468945,50.11156],[14.468951,50.111733],[14.468961,50.112151],[14.469028,50.112166],[14.469224,50.112238],[14.469353,50.112295],[14.469419,50.112318],[14.469462,50.112313],[14.469619,50.112309],[14.469632,50.11231],[14.470404,50.112333],[14.470825,50.112342],[14.470979,50.112347],[14.471064,50.112345],[14.471442,50.11236],[14.47164,50.11236],[14.471907,50.112365],[14.472033,50.112367],[14.472043,50.112386]]]}},{"type":"Feature","properties":{"cislo":8027,"kod":31699,"mestskaCast":"praha-8"},"geometry":{"type":"Polygon","coordinates":[[[14.475776,50.117331],[14.476584,50.117337],[14.47701,50.117341],[14.477241,50.117347],[14.477577,50.117363],[14.477792,50.117374],[14.478079,50.117394],[14.478735,50.117438],[14.480056,50.117523],[14.48184,50.117609],[14.482209,50.117673],[14.482674,50.117889],[14.484633,50.117359],[14.485568,50.1171],[14.485679,50.117082],[14.486408,50.116967],[14.487475,50.116606],[14.487685,50.116572],[14.487939,50.116531],[14.488231,50.116484],[14.488687,50.116334],[14.489262,50.116034],[14.489329,50.115998],[14.489697,50.115343],[14.48973,50.115285],[14.489731,50.115283],[14.488841,50.115022],[14.488875,50.114944],[14.488808,50.114794],[14.488737,50.114636],[14.488622,50.114335],[14.488558,50.114115],[14.488556,50.11411],[14.488513,50.114053],[14.488553,50.114024],[14.488595,50.11399],[14.488706,50.113901],[14.488902,50.113841],[14.488919,50.113836],[14.489066,50.113801],[14.489158,50.113779],[14.489178,50.113777],[14.489801,50.113695],[14.489825,50.113692],[14.48986,50.113671],[14.489988,50.113594],[14.490223,50.113307],[14.490346,50.11318],[14.490354,50.113171],[14.4905,50.113081],[14.490558,50.113069],[14.490777,50.113027],[14.491108,50.113021],[14.491129,50.113016],[14.491195,50.113003],[14.491444,50.11295],[14.491449,50.112949],[14.491542,50.112929],[14.491556,50.112904],[14.491566,50.112886],[14.491596,50.112834],[14.491631,50.112744],[14.491637,50.112731],[14.491656,50.112682],[14.491674,50.112637],[14.491629,50.112632],[14.491644,50.112578],[14.491645,50.112573],[14.491655,50.112537],[14.491657,50.112531],[14.491729,50.112272],[14.491734,50.112258],[14.491959,50.112284],[14.49219,50.112338],[14.492228,50.112347],[14.492237,50.112199],[14.492242,50.11212],[14.492242,50.112116],[14.492239,50.112116],[14.491974,50.112105],[14.490579,50.112054],[14.489882,50.112006],[14.489193,50.111914],[14.488682,50.111815],[14.488123,50.11168],[14.48787,50.1116],[14.4871,50.111342],[14.486511,50.11122],[14.486193,50.11113],[14.485628,50.110957],[14.485462,50.110904],[14.48522,50.110797],[14.485011,50.110687],[14.484325,50.110401],[14.482778,50.109838],[14.482776,50.109837],[14.482683,50.109766],[14.482274,50.109672],[14.482044,50.109281],[14.481797,50.109066],[14.481646,50.10887],[14.481647,50.108868],[14.481643,50.108868],[14.48167,50.108816],[14.481673,50.108816],[14.481679,50.108817],[14.48165,50.108782],[14.481547,50.108727],[14.481344,50.108694],[14.481148,50.108691],[14.481145,50.108685],[14.481143,50.108686],[14.478639,50.109709],[14.478347,50.109819],[14.477391,50.110271],[14.476859,50.110578],[14.476619,50.110711],[14.476338,50.11084],[14.475983,50.110982],[14.475707,50.111084],[14.475481,50.111155],[14.475534,50.111169],[14.475639,50.111205],[14.475806,50.11122],[14.475976,50.111217],[14.476175,50.111207],[14.476324,50.111238],[14.476479,50.111306],[14.476574,50.111388],[14.476584,50.111407],[14.476618,50.111446],[14.476675,50.111578],[14.476763,50.111695],[14.476601,50.111726],[14.47652,50.111773],[14.476505,50.111781],[14.476452,50.11183],[14.476345,50.111803],[14.476196,50.111772],[14.476172,50.111887],[14.476083,50.11237],[14.475795,50.112462],[14.476017,50.112682],[14.476262,50.11332],[14.47625,50.113374],[14.477075,50.11341],[14.477281,50.113437],[14.477073,50.113618],[14.476875,50.113819],[14.476772,50.113773],[14.476536,50.113689],[14.476044,50.114209],[14.476392,50.114366],[14.476329,50.114397],[14.476505,50.114431],[14.476595,50.114475],[14.476632,50.114496],[14.476951,50.114724],[14.477299,50.114745],[14.477218,50.114793],[14.477134,50.114858],[14.476973,50.114953],[14.476811,50.115047],[14.476658,50.115106],[14.476439,50.115205],[14.476073,50.115336],[14.475749,50.115462],[14.475776,50.115737],[14.475823,50.115977],[14.475892,50.116518],[14.475791,50.117254],[14.475776,50.117331]]]}},{"type":"Feature","properties":{"cislo":8028,"kod":31701,"mestskaCast":"praha-8"},"geometry":{"type":"Polygon","coordinates":[[[14.472043,50.112386],[14.472104,50.1125],[14.472182,50.112598],[14.472333,50.112748],[14.472673,50.113077],[14.472696,50.113097],[14.472778,50.113177],[14.472844,50.113264],[14.47307,50.113266],[14.475145,50.113331],[14.47625,50.113374],[14.476262,50.11332],[14.476017,50.112682],[14.475795,50.112462],[14.475176,50.112453],[14.474559,50.112435],[14.473687,50.112422],[14.473084,50.112405],[14.472324,50.112393],[14.472043,50.112386]]]}},{"type":"Feature","properties":{"cislo":8029,"kod":31703,"mestskaCast":"praha-8"},"geometry":{"type":"Polygon","coordinates":[[[14.473972,50.114598],[14.4743,50.115244],[14.475487,50.11484],[14.476595,50.114475],[14.476505,50.114431],[14.476329,50.114397],[14.476392,50.114366],[14.476044,50.114209],[14.476536,50.113689],[14.476772,50.113773],[14.476875,50.113819],[14.477073,50.113618],[14.477281,50.113437],[14.477075,50.11341],[14.47625,50.113374],[14.475145,50.113331],[14.47307,50.113266],[14.472844,50.113264],[14.472834,50.113645],[14.472088,50.113833],[14.47194,50.113865],[14.471972,50.114113],[14.472994,50.114285],[14.473444,50.114361],[14.47362,50.114394],[14.473784,50.114418],[14.473972,50.114598]]]}},{"type":"Feature","properties":{"cislo":8030,"kod":31705,"mestskaCast":"praha-8"},"geometry":{"type":"Polygon","coordinates":[[[14.4743,50.115244],[14.473972,50.114598],[14.472179,50.11493],[14.472081,50.114595],[14.471627,50.114673],[14.471808,50.115015],[14.47049,50.115308],[14.47063,50.115447],[14.470883,50.115714],[14.472344,50.115416],[14.47384,50.115285],[14.4743,50.115244]]]}},{"type":"Feature","properties":{"cislo":8031,"kod":31707,"mestskaCast":"praha-8"},"geometry":{"type":"Polygon","coordinates":[[[14.47108,50.116449],[14.471697,50.116467],[14.472163,50.116462],[14.472212,50.11663],[14.473151,50.116595],[14.473129,50.116302],[14.475823,50.115977],[14.475776,50.115737],[14.475749,50.115462],[14.476073,50.115336],[14.476439,50.115205],[14.476658,50.115106],[14.476811,50.115047],[14.476973,50.114953],[14.477134,50.114858],[14.477218,50.114793],[14.477299,50.114745],[14.476951,50.114724],[14.476632,50.114496],[14.476595,50.114475],[14.475487,50.11484],[14.4743,50.115244],[14.47384,50.115285],[14.472344,50.115416],[14.470883,50.115714],[14.471084,50.116231],[14.471116,50.116279],[14.47108,50.116449]]]}},{"type":"Feature","properties":{"cislo":8032,"kod":31709,"mestskaCast":"praha-8"},"geometry":{"type":"Polygon","coordinates":[[[14.480524,50.124794],[14.482325,50.126076],[14.482332,50.125626],[14.482481,50.125541],[14.482437,50.125508],[14.482568,50.125428],[14.48258,50.125424],[14.482594,50.125427],[14.482607,50.125313],[14.482622,50.125241],[14.483539,50.125316],[14.483561,50.125283],[14.483573,50.125229],[14.48355,50.125191],[14.483574,50.125177],[14.483602,50.125196],[14.48365,50.125145],[14.483751,50.125205],[14.483871,50.125243],[14.484003,50.125257],[14.484032,50.125246],[14.484042,50.125202],[14.483787,50.125172],[14.483954,50.124944],[14.484095,50.124861],[14.484255,50.12487],[14.484614,50.125048],[14.484646,50.125051],[14.484667,50.124952],[14.4847,50.124906],[14.484729,50.124883],[14.484793,50.124828],[14.484886,50.124767],[14.485024,50.124678],[14.485066,50.124637],[14.485076,50.124593],[14.485071,50.124551],[14.484746,50.124234],[14.483922,50.12344],[14.483802,50.123325],[14.483546,50.123112],[14.483477,50.123075],[14.483279,50.123002],[14.483463,50.122713],[14.482874,50.12245],[14.482692,50.122369],[14.482334,50.122208],[14.481723,50.121937],[14.481365,50.121779],[14.481149,50.121682],[14.481058,50.121628],[14.480788,50.12147],[14.480465,50.121695],[14.480365,50.121594],[14.480357,50.121586],[14.480345,50.121494],[14.480333,50.121402],[14.480329,50.121371],[14.480314,50.121315],[14.480292,50.12123],[14.480202,50.121145],[14.480115,50.121078],[14.480164,50.120975],[14.480124,50.120886],[14.48015,50.120762],[14.480189,50.120708],[14.480046,50.120656],[14.479963,50.120627],[14.479812,50.120589],[14.479733,50.120563],[14.479681,50.120543],[14.479621,50.120518],[14.479585,50.120536],[14.479586,50.120561],[14.479537,50.120582],[14.47954,50.120559],[14.4795,50.120547],[14.479189,50.120455],[14.478895,50.120235],[14.478892,50.120233],[14.478812,50.120166],[14.478752,50.120119],[14.478561,50.120036],[14.478545,50.12003],[14.478288,50.119906],[14.478175,50.119858],[14.477868,50.119731],[14.477785,50.119712],[14.477649,50.119681],[14.477486,50.119645],[14.477398,50.119625],[14.476906,50.11946],[14.476884,50.119455],[14.47683,50.119433],[14.476458,50.119284],[14.476189,50.119187],[14.476517,50.119026],[14.476539,50.11878],[14.476561,50.118544],[14.476568,50.118461],[14.476582,50.118309],[14.476587,50.118232],[14.476602,50.118081],[14.476613,50.117959],[14.476615,50.117937],[14.476355,50.117926],[14.476025,50.117929],[14.475893,50.117931],[14.475781,50.117928],[14.475781,50.1179],[14.475777,50.117861],[14.47577,50.117859],[14.47577,50.117851],[14.475768,50.1178],[14.475766,50.117749],[14.475772,50.117748],[14.475768,50.117628],[14.475767,50.117479],[14.475767,50.117402],[14.47577,50.117367],[14.475774,50.117353],[14.475776,50.117331],[14.475791,50.117254],[14.475892,50.116518],[14.475823,50.115977],[14.473129,50.116302],[14.473151,50.116595],[14.472212,50.11663],[14.472163,50.116462],[14.471697,50.116467],[14.47108,50.116449],[14.471018,50.116806],[14.46989,50.116534],[14.469629,50.116502],[14.469046,50.116188],[14.468587,50.115957],[14.468576,50.115947],[14.468327,50.115789],[14.468093,50.115959],[14.467838,50.116163],[14.467695,50.116305],[14.467587,50.116413],[14.467501,50.116551],[14.467385,50.116768],[14.467239,50.117054],[14.467217,50.117089],[14.467196,50.117123],[14.467533,50.116998],[14.467631,50.116934],[14.467728,50.116879],[14.467818,50.116851],[14.467895,50.116822],[14.467996,50.116812],[14.468095,50.116812],[14.468148,50.116826],[14.468226,50.11686],[14.468276,50.116891],[14.468335,50.116942],[14.468387,50.117028],[14.468424,50.117122],[14.468424,50.117186],[14.468419,50.117276],[14.468404,50.117347],[14.468365,50.117398],[14.46831,50.117457],[14.46823,50.117504],[14.468153,50.117534],[14.468036,50.117551],[14.467947,50.11757],[14.467835,50.117569],[14.467694,50.117566],[14.467473,50.117547],[14.467251,50.117527],[14.467188,50.117621],[14.46741,50.117641],[14.467729,50.117669],[14.468002,50.117711],[14.468398,50.117773],[14.468586,50.117817],[14.468508,50.118119],[14.468383,50.118108],[14.468005,50.118093],[14.467907,50.118093],[14.467458,50.118081],[14.467345,50.11808],[14.467258,50.11809],[14.467151,50.118126],[14.467075,50.118156],[14.466978,50.118211],[14.46691,50.118268],[14.466825,50.118334],[14.466794,50.118349],[14.46676,50.118373],[14.466613,50.118469],[14.466505,50.118578],[14.46645,50.118636],[14.466407,50.118705],[14.466335,50.118844],[14.466289,50.118931],[14.466279,50.118975],[14.466277,50.118984],[14.46627,50.11902],[14.466268,50.119092],[14.466289,50.119194],[14.466346,50.11939],[14.466345,50.119526],[14.466334,50.119643],[14.466333,50.119651],[14.466286,50.119738],[14.467292,50.120117],[14.467865,50.12034],[14.467945,50.120365],[14.46801,50.120389],[14.468078,50.120404],[14.468133,50.120409],[14.46819,50.120405],[14.468275,50.120403],[14.46842,50.120389],[14.468805,50.120368],[14.469398,50.120366],[14.469429,50.120487],[14.469643,50.120478],[14.469638,50.120433],[14.469668,50.120426],[14.470621,50.120193],[14.470696,50.120172],[14.471104,50.120244],[14.471322,50.120082],[14.471561,50.120221],[14.471899,50.120423],[14.472503,50.120767],[14.473208,50.121301],[14.473853,50.121584],[14.474405,50.121842],[14.474742,50.12139],[14.475095,50.120922],[14.476568,50.121959],[14.477514,50.122623],[14.478983,50.123678],[14.479939,50.124361],[14.480524,50.124794]]]}},{"type":"Feature","properties":{"cislo":8033,"kod":31711,"mestskaCast":"praha-8"},"geometry":{"type":"Polygon","coordinates":[[[14.47108,50.116449],[14.471116,50.116279],[14.471084,50.116231],[14.470883,50.115714],[14.47063,50.115447],[14.47049,50.115308],[14.471808,50.115015],[14.471627,50.114673],[14.472081,50.114595],[14.472179,50.11493],[14.473972,50.114598],[14.473784,50.114418],[14.47362,50.114394],[14.473444,50.114361],[14.472994,50.114285],[14.471972,50.114113],[14.471863,50.114095],[14.471713,50.114072],[14.471558,50.114068],[14.471432,50.114066],[14.471301,50.114081],[14.471199,50.1141],[14.471051,50.114132],[14.471005,50.114146],[14.470824,50.114203],[14.470745,50.114241],[14.470649,50.114296],[14.470617,50.114312],[14.470358,50.11447],[14.469697,50.11492],[14.469051,50.115372],[14.468327,50.115789],[14.468576,50.115947],[14.468587,50.115957],[14.469046,50.116188],[14.469629,50.116502],[14.46989,50.116534],[14.471018,50.116806],[14.47108,50.116449]]]}},{"type":"Feature","properties":{"cislo":8034,"kod":31713,"mestskaCast":"praha-8"},"geometry":{"type":"Polygon","coordinates":[[[14.465448,50.117641],[14.466338,50.117438],[14.466504,50.117389],[14.467196,50.117123],[14.467217,50.117089],[14.467239,50.117054],[14.467385,50.116768],[14.467501,50.116551],[14.467587,50.116413],[14.467695,50.116305],[14.467838,50.116163],[14.468093,50.115959],[14.468327,50.115789],[14.469051,50.115372],[14.469697,50.11492],[14.470358,50.11447],[14.470617,50.114312],[14.470649,50.114296],[14.470745,50.114241],[14.470824,50.114203],[14.471005,50.114146],[14.471051,50.114132],[14.471199,50.1141],[14.471301,50.114081],[14.471432,50.114066],[14.471558,50.114068],[14.471713,50.114072],[14.471863,50.114095],[14.471972,50.114113],[14.47194,50.113865],[14.472088,50.113833],[14.472834,50.113645],[14.472844,50.113264],[14.472778,50.113177],[14.472696,50.113097],[14.472673,50.113077],[14.472333,50.112748],[14.472182,50.112598],[14.472104,50.1125],[14.472043,50.112386],[14.472033,50.112367],[14.471907,50.112365],[14.47164,50.11236],[14.471442,50.11236],[14.471064,50.112345],[14.470979,50.112347],[14.470825,50.112342],[14.470404,50.112333],[14.469632,50.11231],[14.469619,50.112309],[14.469462,50.112313],[14.469419,50.112318],[14.469353,50.112295],[14.469224,50.112238],[14.469028,50.112166],[14.468961,50.112151],[14.468951,50.111733],[14.468945,50.11156],[14.468251,50.111571],[14.468038,50.11158],[14.467811,50.111587],[14.46686,50.111612],[14.46544,50.11165],[14.464715,50.111677],[14.464231,50.111698],[14.463887,50.111722],[14.463539,50.111764],[14.463263,50.111803],[14.463028,50.111846],[14.462686,50.111925],[14.462339,50.112031],[14.461973,50.112162],[14.461679,50.112281],[14.461429,50.112395],[14.461205,50.11252],[14.460929,50.112687],[14.460617,50.112895],[14.459881,50.113366],[14.459659,50.113219],[14.459489,50.113286],[14.459198,50.113396],[14.458929,50.113463],[14.458663,50.113521],[14.458353,50.113585],[14.458075,50.113633],[14.457928,50.113656],[14.457798,50.113672],[14.457468,50.113697],[14.457166,50.113725],[14.456753,50.113743],[14.45609,50.113739],[14.455457,50.113729],[14.454263,50.113705],[14.453938,50.113704],[14.453931,50.113739],[14.453941,50.113758],[14.453939,50.113767],[14.453956,50.113887],[14.453987,50.114271],[14.454011,50.114554],[14.454005,50.114581],[14.454003,50.11459],[14.454178,50.114632],[14.454285,50.11466],[14.454552,50.114729],[14.45516,50.114792],[14.455389,50.114776],[14.455832,50.114751],[14.456024,50.114777],[14.456272,50.114808],[14.456557,50.11486],[14.456669,50.114997],[14.456803,50.115027],[14.4569,50.115036],[14.456956,50.115041],[14.45695,50.115068],[14.456931,50.115093],[14.456905,50.115145],[14.456859,50.115232],[14.456857,50.115241],[14.456775,50.115361],[14.456757,50.115377],[14.456575,50.115633],[14.456428,50.115929],[14.456397,50.116008],[14.456395,50.116017],[14.456389,50.116044],[14.456298,50.116271],[14.456167,50.116623],[14.456147,50.116648],[14.456288,50.116652],[14.456446,50.116638],[14.456503,50.116634],[14.456932,50.116609],[14.457317,50.116588],[14.457669,50.116592],[14.458075,50.11661],[14.458275,50.1166],[14.458492,50.116574],[14.458727,50.116531],[14.459023,50.116466],[14.459052,50.11646],[14.459284,50.116435],[14.459414,50.116419],[14.459556,50.116414],[14.459808,50.116427],[14.460013,50.116454],[14.460229,50.1165],[14.460388,50.11655],[14.460495,50.116578],[14.460715,50.11667],[14.460779,50.116703],[14.460985,50.116794],[14.461329,50.116969],[14.461657,50.117152],[14.461683,50.117164],[14.46187,50.11728],[14.462087,50.117453],[14.462194,50.117545],[14.462336,50.117675],[14.462364,50.117741],[14.463118,50.117717],[14.464355,50.117671],[14.465093,50.117655],[14.465448,50.117641]]]}},{"type":"Feature","properties":{"cislo":8035,"kod":31715,"mestskaCast":"praha-8"},"geometry":{"type":"Polygon","coordinates":[[[14.459175,50.11913],[14.459539,50.119207],[14.459961,50.119281],[14.460296,50.119365],[14.460603,50.119446],[14.460778,50.119489],[14.46095,50.11954],[14.461163,50.119604],[14.462346,50.119418],[14.463358,50.119235],[14.464973,50.118878],[14.465348,50.118775],[14.465578,50.118687],[14.465736,50.11861],[14.465943,50.118501],[14.466023,50.118454],[14.466324,50.118235],[14.466614,50.117997],[14.466775,50.117839],[14.466851,50.117746],[14.46691,50.11767],[14.466451,50.117638],[14.466142,50.117629],[14.465605,50.117636],[14.465448,50.117641],[14.465093,50.117655],[14.464355,50.117671],[14.463118,50.117717],[14.462364,50.117741],[14.462336,50.117675],[14.462194,50.117545],[14.462087,50.117453],[14.46187,50.11728],[14.461683,50.117164],[14.461657,50.117152],[14.461329,50.116969],[14.460985,50.116794],[14.460779,50.116703],[14.460715,50.11667],[14.460495,50.116578],[14.460388,50.11655],[14.460229,50.1165],[14.460013,50.116454],[14.459808,50.116427],[14.459556,50.116414],[14.459414,50.116419],[14.459284,50.116435],[14.459052,50.11646],[14.459023,50.116466],[14.458727,50.116531],[14.458492,50.116574],[14.458275,50.1166],[14.458075,50.11661],[14.457669,50.116592],[14.457317,50.116588],[14.456932,50.116609],[14.456503,50.116634],[14.456446,50.116638],[14.456288,50.116652],[14.456147,50.116648],[14.456167,50.116623],[14.456298,50.116271],[14.456389,50.116044],[14.456395,50.116017],[14.456397,50.116008],[14.456428,50.115929],[14.456575,50.115633],[14.456757,50.115377],[14.456775,50.115361],[14.456857,50.115241],[14.456859,50.115232],[14.456905,50.115145],[14.456931,50.115093],[14.45695,50.115068],[14.456956,50.115041],[14.4569,50.115036],[14.456803,50.115027],[14.456669,50.114997],[14.456557,50.11486],[14.456272,50.114808],[14.456024,50.114777],[14.455832,50.114751],[14.455389,50.114776],[14.45516,50.114792],[14.454552,50.114729],[14.454285,50.11466],[14.454178,50.114632],[14.454003,50.11459],[14.453956,50.114613],[14.453925,50.114628],[14.453842,50.114685],[14.453537,50.114658],[14.453438,50.114794],[14.453189,50.115099],[14.453056,50.115196],[14.453008,50.115219],[14.45273,50.115331],[14.452239,50.115451],[14.45193,50.115578],[14.451897,50.115666],[14.45195,50.115679],[14.452135,50.115741],[14.452152,50.115924],[14.451953,50.115934],[14.452449,50.116386],[14.452475,50.116397],[14.452349,50.116459],[14.452301,50.116482],[14.45216,50.116551],[14.452212,50.116637],[14.451948,50.11695],[14.451779,50.117143],[14.45172,50.11722],[14.451701,50.117245],[14.451605,50.117364],[14.452101,50.117489],[14.452588,50.117587],[14.453037,50.117663],[14.453313,50.117696],[14.453756,50.117735],[14.454132,50.117759],[14.454537,50.117777],[14.454959,50.117787],[14.455178,50.117951],[14.455742,50.118283],[14.455879,50.118367],[14.456555,50.118772],[14.456692,50.118856],[14.45731,50.118875],[14.457727,50.118902],[14.458125,50.118955],[14.458373,50.118986],[14.45886,50.119084],[14.459175,50.11913]]]}},{"type":"Feature","properties":{"cislo":8036,"kod":31717,"mestskaCast":"praha-8"},"geometry":{"type":"Polygon","coordinates":[[[14.437633,50.115785],[14.438781,50.116414],[14.439011,50.116588],[14.439437,50.11658],[14.439702,50.116658],[14.44018,50.1168],[14.440335,50.116868],[14.440403,50.116947],[14.440444,50.11715],[14.440588,50.117399],[14.440682,50.117489],[14.440724,50.117556],[14.440858,50.117659],[14.440881,50.117679],[14.441065,50.117813],[14.44114,50.117856],[14.441241,50.117911],[14.441291,50.117942],[14.441394,50.117988],[14.44142,50.117999],[14.441496,50.118042],[14.441754,50.118155],[14.441768,50.118157],[14.441893,50.118231],[14.441942,50.118263],[14.442002,50.118313],[14.442038,50.118344],[14.442122,50.118415],[14.442173,50.118437],[14.442316,50.118495],[14.442592,50.118592],[14.442618,50.118604],[14.442632,50.118605],[14.442963,50.118707],[14.443216,50.118775],[14.443298,50.118791],[14.443567,50.118851],[14.443688,50.11888],[14.443848,50.118921],[14.443916,50.118936],[14.444013,50.118945],[14.444223,50.118954],[14.444361,50.118966],[14.4445,50.118979],[14.444513,50.11898],[14.444747,50.11901],[14.444775,50.119012],[14.444814,50.119025],[14.444896,50.119041],[14.444963,50.119056],[14.445084,50.119085],[14.445332,50.119179],[14.445421,50.119223],[14.445501,50.119312],[14.445669,50.119518],[14.445795,50.119656],[14.445855,50.119706],[14.44589,50.119737],[14.445954,50.11977],[14.446033,50.119795],[14.446101,50.11981],[14.446154,50.119824],[14.44621,50.119828],[14.446362,50.119842],[14.446485,50.119862],[14.446883,50.119915],[14.447295,50.11997],[14.449555,50.120423],[14.44942,50.120856],[14.449806,50.120835],[14.450351,50.120793],[14.450725,50.120762],[14.450997,50.120741],[14.451167,50.120738],[14.451389,50.120757],[14.451597,50.120776],[14.451787,50.120811],[14.451991,50.120847],[14.452063,50.120644],[14.45236,50.120507],[14.452494,50.120474],[14.452666,50.120398],[14.452634,50.12035],[14.453323,50.120229],[14.453294,50.120163],[14.45324,50.119759],[14.453368,50.119752],[14.453639,50.11974],[14.453868,50.119724],[14.454441,50.119683],[14.454627,50.119673],[14.455011,50.119661],[14.455695,50.119631],[14.456426,50.119577],[14.456707,50.119584],[14.45693,50.119594],[14.456972,50.119598],[14.45754,50.119648],[14.457968,50.119495],[14.458013,50.119481],[14.45827,50.119404],[14.458686,50.119304],[14.458958,50.119219],[14.459175,50.11913],[14.45886,50.119084],[14.458373,50.118986],[14.458125,50.118955],[14.457727,50.118902],[14.45731,50.118875],[14.456692,50.118856],[14.456555,50.118772],[14.455879,50.118367],[14.455742,50.118283],[14.455178,50.117951],[14.454959,50.117787],[14.454537,50.117777],[14.454132,50.117759],[14.453756,50.117735],[14.453313,50.117696],[14.453037,50.117663],[14.452588,50.117587],[14.452101,50.117489],[14.451605,50.117364],[14.451701,50.117245],[14.45172,50.11722],[14.451779,50.117143],[14.451948,50.11695],[14.452212,50.116637],[14.45216,50.116551],[14.452301,50.116482],[14.452349,50.116459],[14.452475,50.116397],[14.452449,50.116386],[14.451953,50.115934],[14.452152,50.115924],[14.452135,50.115741],[14.45195,50.115679],[14.451897,50.115666],[14.45193,50.115578],[14.452239,50.115451],[14.45273,50.115331],[14.453008,50.115219],[14.453056,50.115196],[14.453189,50.115099],[14.453438,50.114794],[14.453537,50.114658],[14.453842,50.114685],[14.453925,50.114628],[14.453956,50.114613],[14.454003,50.11459],[14.454005,50.114581],[14.454011,50.114554],[14.453987,50.114271],[14.453956,50.113887],[14.453939,50.113767],[14.453941,50.113758],[14.453931,50.113739],[14.453938,50.113704],[14.453853,50.113705],[14.453278,50.113691],[14.452485,50.113703],[14.452244,50.113709],[14.452214,50.113715],[14.451845,50.113728],[14.45126,50.113758],[14.450874,50.113778],[14.450833,50.113775],[14.449911,50.11333],[14.449483,50.113123],[14.449424,50.113124],[14.449285,50.113128],[14.448787,50.113178],[14.44769,50.113289],[14.445531,50.113422],[14.445492,50.113425],[14.44532,50.113418],[14.445391,50.114486],[14.445378,50.114863],[14.444682,50.115083],[14.442867,50.11553],[14.44254,50.115615],[14.442177,50.115698],[14.442132,50.115708],[14.441773,50.115784],[14.441771,50.115814],[14.440725,50.115968],[14.437688,50.115782],[14.437633,50.115785]]]}},{"type":"Feature","properties":{"cislo":8037,"kod":31719,"mestskaCast":"praha-8"},"geometry":{"type":"Polygon","coordinates":[[[14.455181,50.121709],[14.455353,50.121697],[14.455469,50.12168],[14.45632,50.121065],[14.456517,50.121001],[14.457243,50.120774],[14.45734,50.120719],[14.45756,50.120612],[14.45884,50.119971],[14.458957,50.119954],[14.45903,50.119943],[14.459192,50.119912],[14.460768,50.119669],[14.461163,50.119604],[14.46095,50.11954],[14.460778,50.119489],[14.460603,50.119446],[14.460296,50.119365],[14.459961,50.119281],[14.459539,50.119207],[14.459175,50.11913],[14.458958,50.119219],[14.458686,50.119304],[14.45827,50.119404],[14.458013,50.119481],[14.457968,50.119495],[14.45754,50.119648],[14.456972,50.119598],[14.45693,50.119594],[14.456707,50.119584],[14.456426,50.119577],[14.455695,50.119631],[14.455011,50.119661],[14.454627,50.119673],[14.454441,50.119683],[14.453868,50.119724],[14.453639,50.11974],[14.453368,50.119752],[14.45324,50.119759],[14.453294,50.120163],[14.453323,50.120229],[14.452634,50.12035],[14.452666,50.120398],[14.452494,50.120474],[14.45236,50.120507],[14.452063,50.120644],[14.451991,50.120847],[14.451787,50.120811],[14.451597,50.120776],[14.451389,50.120757],[14.451167,50.120738],[14.450997,50.120741],[14.450725,50.120762],[14.450351,50.120793],[14.449806,50.120835],[14.44942,50.120856],[14.449489,50.120862],[14.449503,50.120863],[14.44981,50.120881],[14.449852,50.120885],[14.449988,50.120906],[14.450111,50.120926],[14.450153,50.12093],[14.450234,50.120946],[14.450355,50.120975],[14.450476,50.121003],[14.450581,50.12104],[14.45062,50.121053],[14.4507,50.121078],[14.450803,50.121123],[14.450906,50.121169],[14.451021,50.121224],[14.451121,50.121287],[14.451206,50.121349],[14.451304,50.121421],[14.451314,50.12144],[14.451372,50.1215],[14.451455,50.121571],[14.451523,50.121649],[14.451577,50.121727],[14.451586,50.121755],[14.451778,50.121781],[14.452096,50.121945],[14.452147,50.121968],[14.452197,50.121999],[14.452237,50.122012],[14.452274,50.122033],[14.452324,50.122065],[14.452601,50.122026],[14.453559,50.121902],[14.453689,50.121886],[14.45395,50.121854],[14.454037,50.121844],[14.454398,50.121803],[14.454471,50.121792],[14.454586,50.121783],[14.45476,50.121763],[14.454803,50.121757],[14.455123,50.121713],[14.455181,50.121709]]]}},{"type":"Feature","properties":{"cislo":8038,"kod":31721,"mestskaCast":"praha-8"},"geometry":{"type":"Polygon","coordinates":[[[14.469796,50.121082],[14.469429,50.120487],[14.469398,50.120366],[14.468805,50.120368],[14.46842,50.120389],[14.468275,50.120403],[14.46819,50.120405],[14.468133,50.120409],[14.468078,50.120404],[14.46801,50.120389],[14.467945,50.120365],[14.467865,50.12034],[14.467292,50.120117],[14.466286,50.119738],[14.466333,50.119651],[14.466334,50.119643],[14.466345,50.119526],[14.466346,50.11939],[14.466289,50.119194],[14.466268,50.119092],[14.46627,50.11902],[14.466277,50.118984],[14.466279,50.118975],[14.466289,50.118931],[14.466335,50.118844],[14.466407,50.118705],[14.46645,50.118636],[14.466505,50.118578],[14.466613,50.118469],[14.46676,50.118373],[14.466794,50.118349],[14.466825,50.118334],[14.46691,50.118268],[14.466978,50.118211],[14.467075,50.118156],[14.467151,50.118126],[14.467258,50.11809],[14.467345,50.11808],[14.467458,50.118081],[14.467907,50.118093],[14.468005,50.118093],[14.468383,50.118108],[14.468508,50.118119],[14.468586,50.117817],[14.468398,50.117773],[14.468002,50.117711],[14.467729,50.117669],[14.46741,50.117641],[14.467188,50.117621],[14.467251,50.117527],[14.467473,50.117547],[14.467694,50.117566],[14.467835,50.117569],[14.467947,50.11757],[14.468036,50.117551],[14.468153,50.117534],[14.46823,50.117504],[14.46831,50.117457],[14.468365,50.117398],[14.468404,50.117347],[14.468419,50.117276],[14.468424,50.117186],[14.468424,50.117122],[14.468387,50.117028],[14.468335,50.116942],[14.468276,50.116891],[14.468226,50.11686],[14.468148,50.116826],[14.468095,50.116812],[14.467996,50.116812],[14.467895,50.116822],[14.467818,50.116851],[14.467728,50.116879],[14.467631,50.116934],[14.467533,50.116998],[14.467196,50.117123],[14.466504,50.117389],[14.466338,50.117438],[14.465448,50.117641],[14.465605,50.117636],[14.466142,50.117629],[14.466451,50.117638],[14.46691,50.11767],[14.466851,50.117746],[14.466775,50.117839],[14.466614,50.117997],[14.466324,50.118235],[14.466023,50.118454],[14.465943,50.118501],[14.465736,50.11861],[14.465578,50.118687],[14.465348,50.118775],[14.464973,50.118878],[14.463358,50.119235],[14.462346,50.119418],[14.461163,50.119604],[14.460768,50.119669],[14.459192,50.119912],[14.45903,50.119943],[14.458957,50.119954],[14.45884,50.119971],[14.45756,50.120612],[14.45734,50.120719],[14.457243,50.120774],[14.456517,50.121001],[14.45632,50.121065],[14.455469,50.12168],[14.455626,50.121739],[14.455773,50.121779],[14.456027,50.121911],[14.456142,50.121966],[14.456787,50.121787],[14.456619,50.121582],[14.457162,50.121421],[14.457462,50.121865],[14.45849,50.121547],[14.458778,50.121917],[14.459058,50.121797],[14.459198,50.121736],[14.45929,50.121699],[14.459525,50.121593],[14.459649,50.12154],[14.459893,50.121453],[14.459937,50.121448],[14.459984,50.121424],[14.459967,50.121505],[14.45994,50.121566],[14.459879,50.121651],[14.459854,50.121703],[14.459827,50.121765],[14.459835,50.121792],[14.459867,50.121841],[14.460233,50.122245],[14.460278,50.122231],[14.460615,50.122106],[14.460964,50.121992],[14.461031,50.121943],[14.461171,50.121883],[14.461473,50.121792],[14.461729,50.121714],[14.461863,50.121681],[14.46237,50.121553],[14.462986,50.12138],[14.462992,50.121417],[14.463002,50.121436],[14.463008,50.121473],[14.462829,50.121584],[14.462776,50.121571],[14.462678,50.121698],[14.462499,50.122009],[14.463309,50.12258],[14.463379,50.122649],[14.463499,50.122551],[14.46375,50.122364],[14.464114,50.122115],[14.46443,50.121889],[14.464513,50.121833],[14.464623,50.121779],[14.46473,50.121743],[14.464834,50.121716],[14.464905,50.121649],[14.464973,50.121592],[14.465056,50.121536],[14.465278,50.121419],[14.465529,50.121305],[14.465793,50.121192],[14.465899,50.121156],[14.466004,50.121129],[14.466179,50.121099],[14.466399,50.121064],[14.466628,50.121048],[14.46694,50.121039],[14.467152,50.12104],[14.467488,50.121051],[14.467927,50.121044],[14.46818,50.121048],[14.468364,50.121046],[14.468461,50.121055],[14.468612,50.121077],[14.469024,50.121132],[14.469079,50.121137],[14.469152,50.121125],[14.469454,50.121097],[14.469626,50.121085],[14.469796,50.121082]]]}},{"type":"Feature","properties":{"cislo":8039,"kod":31723,"mestskaCast":"praha-8"},"geometry":{"type":"Polygon","coordinates":[[[14.456204,50.124921],[14.456283,50.124946],[14.456757,50.125106],[14.457221,50.125247],[14.457487,50.125324],[14.45798,50.125459],[14.458302,50.125541],[14.458585,50.125603],[14.458975,50.125692],[14.459247,50.125743],[14.459518,50.125794],[14.461033,50.126036],[14.463869,50.126177],[14.464459,50.126193],[14.464454,50.126147],[14.46446,50.12612],[14.464454,50.126084],[14.464455,50.126011],[14.464457,50.126002],[14.464443,50.125801],[14.464448,50.125711],[14.464435,50.125047],[14.464438,50.12503],[14.464438,50.124966],[14.464428,50.124747],[14.463982,50.123991],[14.463724,50.123614],[14.463278,50.123121],[14.463498,50.12295],[14.463458,50.122874],[14.463243,50.122692],[14.463379,50.122649],[14.463309,50.12258],[14.462499,50.122009],[14.462678,50.121698],[14.462776,50.121571],[14.462829,50.121584],[14.463008,50.121473],[14.463002,50.121436],[14.462992,50.121417],[14.462986,50.12138],[14.46237,50.121553],[14.461863,50.121681],[14.461729,50.121714],[14.461473,50.121792],[14.461171,50.121883],[14.461031,50.121943],[14.460964,50.121992],[14.460615,50.122106],[14.460278,50.122231],[14.460233,50.122245],[14.459867,50.121841],[14.459835,50.121792],[14.459827,50.121765],[14.459854,50.121703],[14.459879,50.121651],[14.45994,50.121566],[14.459967,50.121505],[14.459984,50.121424],[14.459937,50.121448],[14.459893,50.121453],[14.459649,50.12154],[14.459525,50.121593],[14.45929,50.121699],[14.459198,50.121736],[14.459058,50.121797],[14.458778,50.121917],[14.45849,50.121547],[14.457462,50.121865],[14.457162,50.121421],[14.456619,50.121582],[14.456787,50.121787],[14.456142,50.121966],[14.456027,50.121911],[14.455773,50.121779],[14.455626,50.121739],[14.455469,50.12168],[14.455353,50.121697],[14.455181,50.121709],[14.455053,50.121779],[14.453989,50.122466],[14.453629,50.122697],[14.453728,50.122761],[14.454029,50.122941],[14.454741,50.122714],[14.455329,50.123265],[14.455236,50.123765],[14.454763,50.123732],[14.45475,50.123794],[14.454733,50.123875],[14.454716,50.123955],[14.4546,50.124235],[14.454547,50.124348],[14.456204,50.124921]]]}},{"type":"Feature","properties":{"cislo":8040,"kod":31725,"mestskaCast":"praha-8"},"geometry":{"type":"Polygon","coordinates":[[[14.469796,50.121082],[14.469978,50.121089],[14.470133,50.121093],[14.470339,50.121121],[14.470473,50.121151],[14.470693,50.121179],[14.47084,50.121219],[14.470957,50.121266],[14.471019,50.121307],[14.471056,50.121329],[14.471104,50.121369],[14.471128,50.12139],[14.471168,50.121402],[14.47125,50.121482],[14.471294,50.12154],[14.471264,50.121946],[14.471262,50.122019],[14.471257,50.122045],[14.470926,50.122007],[14.470836,50.122498],[14.470846,50.122581],[14.470839,50.12268],[14.470829,50.122861],[14.470822,50.12316],[14.470812,50.12334],[14.4708,50.123394],[14.470801,50.123457],[14.4708,50.123593],[14.470786,50.123792],[14.470785,50.123928],[14.470771,50.124063],[14.470769,50.124135],[14.470146,50.124144],[14.468956,50.124166],[14.468985,50.124958],[14.470172,50.124954],[14.470905,50.124955],[14.471289,50.124943],[14.472422,50.124925],[14.472502,50.124151],[14.472525,50.124045],[14.472686,50.123224],[14.473021,50.123308],[14.473195,50.12335],[14.473883,50.123502],[14.474301,50.123593],[14.474434,50.123632],[14.474648,50.123687],[14.476099,50.124032],[14.476477,50.124111],[14.477284,50.1243],[14.477579,50.124371],[14.477698,50.124146],[14.480524,50.124794],[14.479939,50.124361],[14.478983,50.123678],[14.477514,50.122623],[14.476568,50.121959],[14.475095,50.120922],[14.474742,50.12139],[14.474405,50.121842],[14.473853,50.121584],[14.473208,50.121301],[14.472503,50.120767],[14.471899,50.120423],[14.471561,50.120221],[14.471322,50.120082],[14.471104,50.120244],[14.470696,50.120172],[14.470621,50.120193],[14.469668,50.120426],[14.469638,50.120433],[14.469643,50.120478],[14.469429,50.120487],[14.469796,50.121082]]]}},{"type":"Feature","properties":{"cislo":8041,"kod":31727,"mestskaCast":"praha-8"},"geometry":{"type":"Polygon","coordinates":[[[14.464459,50.126193],[14.465048,50.126209],[14.465117,50.126215],[14.466954,50.126277],[14.467191,50.126288],[14.467234,50.126283],[14.467403,50.126289],[14.467527,50.1263],[14.468465,50.126337],[14.468997,50.126357],[14.469791,50.126408],[14.469888,50.126417],[14.469943,50.126422],[14.47004,50.12643],[14.470151,50.12644],[14.470524,50.126482],[14.471005,50.126542],[14.471197,50.126568],[14.471389,50.126594],[14.471403,50.126596],[14.471676,50.126638],[14.471977,50.126683],[14.472235,50.126732],[14.472413,50.126757],[14.472467,50.126771],[14.472575,50.12679],[14.472657,50.126806],[14.472638,50.126759],[14.472634,50.126713],[14.472541,50.126288],[14.4725,50.126084],[14.47247,50.125891],[14.472441,50.125698],[14.472423,50.125515],[14.472423,50.125451],[14.472427,50.125297],[14.472428,50.125098],[14.472425,50.12498],[14.472422,50.124925],[14.471289,50.124943],[14.470905,50.124955],[14.470172,50.124954],[14.468985,50.124958],[14.468956,50.124166],[14.470146,50.124144],[14.470769,50.124135],[14.470771,50.124063],[14.470785,50.123928],[14.470786,50.123792],[14.4708,50.123593],[14.470801,50.123457],[14.4708,50.123394],[14.470812,50.12334],[14.470822,50.12316],[14.470829,50.122861],[14.470839,50.12268],[14.470846,50.122581],[14.470836,50.122498],[14.470926,50.122007],[14.471257,50.122045],[14.471262,50.122019],[14.471264,50.121946],[14.471294,50.12154],[14.47125,50.121482],[14.471168,50.121402],[14.471128,50.12139],[14.471104,50.121369],[14.471056,50.121329],[14.471019,50.121307],[14.470957,50.121266],[14.47084,50.121219],[14.470693,50.121179],[14.470473,50.121151],[14.470339,50.121121],[14.470133,50.121093],[14.469978,50.121089],[14.469796,50.121082],[14.469626,50.121085],[14.469454,50.121097],[14.469152,50.121125],[14.469079,50.121137],[14.469024,50.121132],[14.468612,50.121077],[14.468461,50.121055],[14.468364,50.121046],[14.46818,50.121048],[14.467927,50.121044],[14.467488,50.121051],[14.467152,50.12104],[14.46694,50.121039],[14.466628,50.121048],[14.466399,50.121064],[14.466179,50.121099],[14.466004,50.121129],[14.465899,50.121156],[14.465793,50.121192],[14.465529,50.121305],[14.465278,50.121419],[14.465056,50.121536],[14.464973,50.121592],[14.464905,50.121649],[14.464834,50.121716],[14.46473,50.121743],[14.464623,50.121779],[14.464513,50.121833],[14.46443,50.121889],[14.464114,50.122115],[14.46375,50.122364],[14.463499,50.122551],[14.463379,50.122649],[14.463243,50.122692],[14.463458,50.122874],[14.463498,50.12295],[14.463278,50.123121],[14.463724,50.123614],[14.463982,50.123991],[14.464428,50.124747],[14.464438,50.124966],[14.464438,50.12503],[14.464435,50.125047],[14.464448,50.125711],[14.464443,50.125801],[14.464457,50.126002],[14.464455,50.126011],[14.464454,50.126084],[14.46446,50.12612],[14.464454,50.126147],[14.464459,50.126193]]]}},{"type":"Feature","properties":{"cislo":8042,"kod":31729,"mestskaCast":"praha-8"},"geometry":{"type":"Polygon","coordinates":[[[14.485667,50.128469],[14.485646,50.128455],[14.485639,50.12845],[14.485573,50.128403],[14.485536,50.128377],[14.484919,50.127933],[14.484121,50.127364],[14.4841,50.127349],[14.484095,50.127346],[14.483273,50.126758],[14.483083,50.126622],[14.48308,50.126619],[14.482389,50.126126],[14.482325,50.126076],[14.480524,50.124794],[14.477698,50.124146],[14.477579,50.124371],[14.477284,50.1243],[14.476477,50.124111],[14.476099,50.124032],[14.474648,50.123687],[14.474434,50.123632],[14.474301,50.123593],[14.473883,50.123502],[14.473195,50.12335],[14.473021,50.123308],[14.472686,50.123224],[14.472525,50.124045],[14.472502,50.124151],[14.472422,50.124925],[14.472425,50.12498],[14.472428,50.125098],[14.472427,50.125297],[14.472423,50.125451],[14.472423,50.125515],[14.472441,50.125698],[14.47247,50.125891],[14.4725,50.126084],[14.472541,50.126288],[14.472634,50.126713],[14.472638,50.126759],[14.472657,50.126806],[14.472724,50.126821],[14.472887,50.126853],[14.472942,50.126858],[14.473212,50.126918],[14.473453,50.126976],[14.473669,50.127022],[14.475265,50.127417],[14.475547,50.127487],[14.475614,50.127502],[14.475747,50.127541],[14.475921,50.127583],[14.475975,50.127597],[14.476336,50.127692],[14.47655,50.127747],[14.476885,50.127831],[14.477018,50.12787],[14.477125,50.127898],[14.477353,50.127954],[14.477407,50.127968],[14.478126,50.128167],[14.479007,50.128408],[14.480498,50.12883],[14.480512,50.128831],[14.480552,50.128844],[14.480659,50.128871],[14.48097,50.128935],[14.481132,50.128967],[14.481241,50.128986],[14.481269,50.128988],[14.481394,50.128999],[14.481435,50.129003],[14.4816,50.129026],[14.481752,50.12904],[14.482128,50.129064],[14.48255,50.129074],[14.482637,50.129063],[14.482763,50.129065],[14.482836,50.129053],[14.482906,50.12906],[14.483078,50.129047],[14.483668,50.128991],[14.483684,50.128983],[14.483755,50.12898],[14.483771,50.128972],[14.483961,50.128944],[14.484077,50.128927],[14.484387,50.128863],[14.484433,50.128849],[14.48461,50.12881],[14.484669,50.128797],[14.485044,50.128694],[14.48518,50.128652],[14.485407,50.128581],[14.485516,50.128536],[14.485662,50.128472],[14.485667,50.128469],[14.485667,50.128469]]]}},{"type":"Feature","properties":{"cislo":8043,"kod":31731,"mestskaCast":"praha-8"},"geometry":{"type":"Polygon","coordinates":[[[14.476617,50.129287],[14.476995,50.12864],[14.477407,50.127968],[14.477353,50.127954],[14.477125,50.127898],[14.477018,50.12787],[14.476885,50.127831],[14.47655,50.127747],[14.476336,50.127692],[14.475975,50.127597],[14.475921,50.127583],[14.475747,50.127541],[14.475614,50.127502],[14.475547,50.127487],[14.475265,50.127417],[14.473669,50.127022],[14.473453,50.126976],[14.473212,50.126918],[14.472942,50.126858],[14.472887,50.126853],[14.472724,50.126821],[14.472657,50.126806],[14.472575,50.12679],[14.472467,50.126771],[14.472413,50.126757],[14.472235,50.126732],[14.471977,50.126683],[14.471676,50.126638],[14.471403,50.126596],[14.471389,50.126594],[14.471197,50.126568],[14.470822,50.127597],[14.470774,50.127693],[14.470682,50.127857],[14.471196,50.127966],[14.470933,50.128469],[14.472247,50.128794],[14.472581,50.128224],[14.473357,50.128093],[14.47479,50.128455],[14.475167,50.128542],[14.474952,50.128886],[14.476617,50.129287]]]}},{"type":"Feature","properties":{"cislo":8044,"kod":31733,"mestskaCast":"praha-8"},"geometry":{"type":"Polygon","coordinates":[[[14.476995,50.12864],[14.47759,50.128828],[14.478834,50.129219],[14.479832,50.129506],[14.479925,50.129533],[14.48097,50.128935],[14.480659,50.128871],[14.480552,50.128844],[14.480512,50.128831],[14.480498,50.12883],[14.479007,50.128408],[14.478126,50.128167],[14.477407,50.127968],[14.476995,50.12864]]]}},{"type":"Feature","properties":{"cislo":8045,"kod":31735,"mestskaCast":"praha-8"},"geometry":{"type":"Polygon","coordinates":[[[14.464521,50.129148],[14.467745,50.127599],[14.468121,50.127686],[14.46866,50.127806],[14.469037,50.127894],[14.469368,50.127333],[14.470774,50.127693],[14.470822,50.127597],[14.471197,50.126568],[14.471005,50.126542],[14.470524,50.126482],[14.470151,50.12644],[14.47004,50.12643],[14.469943,50.126422],[14.469888,50.126417],[14.469791,50.126408],[14.468997,50.126357],[14.468465,50.126337],[14.467527,50.1263],[14.467403,50.126289],[14.467234,50.126283],[14.467191,50.126288],[14.466954,50.126277],[14.465117,50.126215],[14.465048,50.126209],[14.464459,50.126193],[14.463869,50.126177],[14.464521,50.129148]]]}},{"type":"Feature","properties":{"cislo":8046,"kod":31737,"mestskaCast":"praha-8"},"geometry":{"type":"Polygon","coordinates":[[[14.469788,50.129339],[14.469942,50.129081],[14.470275,50.128511],[14.470682,50.127857],[14.470774,50.127693],[14.469368,50.127333],[14.469037,50.127894],[14.46866,50.127806],[14.468121,50.127686],[14.467745,50.127599],[14.464521,50.129148],[14.466828,50.129714],[14.468163,50.130077],[14.469195,50.130331],[14.469351,50.130063],[14.469493,50.129794],[14.469624,50.129579],[14.469788,50.129339]]]}},{"type":"Feature","properties":{"cislo":8047,"kod":31739,"mestskaCast":"praha-8"},"geometry":{"type":"Polygon","coordinates":[[[14.473951,50.130341],[14.474286,50.130425],[14.474236,50.130393],[14.474174,50.130352],[14.47416,50.130287],[14.474173,50.130224],[14.474212,50.13011],[14.474952,50.128886],[14.475167,50.128542],[14.47479,50.128455],[14.473357,50.128093],[14.472581,50.128224],[14.472247,50.128794],[14.471897,50.12938],[14.47064,50.129051],[14.470379,50.129482],[14.472609,50.130014],[14.473951,50.130341]]]}},{"type":"Feature","properties":{"cislo":8048,"kod":31741,"mestskaCast":"praha-8"},"geometry":{"type":"Polygon","coordinates":[[[14.470379,50.129482],[14.47064,50.129051],[14.471897,50.12938],[14.472247,50.128794],[14.470933,50.128469],[14.471196,50.127966],[14.470682,50.127857],[14.470275,50.128511],[14.469942,50.129081],[14.469788,50.129339],[14.470379,50.129482]]]}},{"type":"Feature","properties":{"cislo":8049,"kod":31743,"mestskaCast":"praha-8"},"geometry":{"type":"Polygon","coordinates":[[[14.475495,50.130713],[14.476355,50.130916],[14.476759,50.13028],[14.476894,50.13031],[14.477364,50.130423],[14.477846,50.130548],[14.47879,50.130685],[14.478915,50.130696],[14.479026,50.130506],[14.479248,50.130126],[14.480115,50.130366],[14.480208,50.130193],[14.480666,50.129434],[14.480691,50.129382],[14.480857,50.129134],[14.480884,50.129072],[14.48097,50.128935],[14.479925,50.129533],[14.479832,50.129506],[14.478834,50.129219],[14.47759,50.128828],[14.476995,50.12864],[14.476617,50.129287],[14.476156,50.130127],[14.475578,50.129994],[14.475457,50.130229],[14.475741,50.13029],[14.475635,50.130453],[14.475569,50.130565],[14.475495,50.130713]]]}},{"type":"Feature","properties":{"cislo":8050,"kod":31745,"mestskaCast":"praha-8"},"geometry":{"type":"Polygon","coordinates":[[[14.474286,50.130425],[14.475495,50.130713],[14.475569,50.130565],[14.475635,50.130453],[14.475741,50.13029],[14.475457,50.130229],[14.475578,50.129994],[14.476156,50.130127],[14.476617,50.129287],[14.474952,50.128886],[14.474212,50.13011],[14.474173,50.130224],[14.47416,50.130287],[14.474174,50.130352],[14.474236,50.130393],[14.474286,50.130425]]]}},{"type":"Feature","properties":{"cislo":8051,"kod":31747,"mestskaCast":"praha-8"},"geometry":{"type":"Polygon","coordinates":[[[14.478453,50.133133],[14.478476,50.13309],[14.478739,50.13265],[14.478846,50.132478],[14.478658,50.132434],[14.477974,50.132265],[14.478112,50.132014],[14.478278,50.131765],[14.478479,50.13142],[14.47857,50.131256],[14.478592,50.131221],[14.47887,50.130774],[14.478915,50.130696],[14.47879,50.130685],[14.477846,50.130548],[14.477364,50.130423],[14.476894,50.13031],[14.476759,50.13028],[14.476355,50.130916],[14.475495,50.130713],[14.474286,50.130425],[14.473951,50.130341],[14.47348,50.131162],[14.473803,50.131235],[14.472883,50.13277],[14.472829,50.132892],[14.475389,50.133199],[14.47572,50.133237],[14.47594,50.133266],[14.476189,50.133288],[14.476987,50.133385],[14.477374,50.133428],[14.477623,50.13345],[14.478203,50.13351],[14.478244,50.13345],[14.478453,50.133133]]]}},{"type":"Feature","properties":{"cislo":8052,"kod":31749,"mestskaCast":"praha-8"},"geometry":{"type":"Polygon","coordinates":[[[14.478915,50.130696],[14.47887,50.130774],[14.478592,50.131221],[14.47857,50.131256],[14.478479,50.13142],[14.478278,50.131765],[14.478112,50.132014],[14.477974,50.132265],[14.478658,50.132434],[14.478846,50.132478],[14.479503,50.131383],[14.480115,50.130366],[14.479248,50.130126],[14.479026,50.130506],[14.478915,50.130696]]]}},{"type":"Feature","properties":{"cislo":8053,"kod":31751,"mestskaCast":"praha-8"},"geometry":{"type":"Polygon","coordinates":[[[14.478453,50.133133],[14.480428,50.133606],[14.48345,50.131676],[14.483986,50.131478],[14.484109,50.131434],[14.484659,50.131101],[14.484812,50.130979],[14.484846,50.130954],[14.484907,50.130733],[14.487033,50.129447],[14.487033,50.129447],[14.485667,50.12847],[14.485667,50.128469],[14.485667,50.128469],[14.485662,50.128472],[14.485516,50.128536],[14.485407,50.128581],[14.48518,50.128652],[14.485044,50.128694],[14.484669,50.128797],[14.48461,50.12881],[14.484433,50.128849],[14.484387,50.128863],[14.484077,50.128927],[14.483961,50.128944],[14.483771,50.128972],[14.483755,50.12898],[14.483684,50.128983],[14.483668,50.128991],[14.483078,50.129047],[14.482906,50.12906],[14.482836,50.129053],[14.482763,50.129065],[14.482637,50.129063],[14.48255,50.129074],[14.482128,50.129064],[14.481752,50.12904],[14.4816,50.129026],[14.481435,50.129003],[14.481394,50.128999],[14.481269,50.128988],[14.481241,50.128986],[14.481132,50.128967],[14.48097,50.128935],[14.480884,50.129072],[14.480857,50.129134],[14.480691,50.129382],[14.480666,50.129434],[14.480208,50.130193],[14.480115,50.130366],[14.479503,50.131383],[14.478846,50.132478],[14.478739,50.13265],[14.478476,50.13309],[14.478453,50.133133]]]}},{"type":"Feature","properties":{"cislo":8054,"kod":31753,"mestskaCast":"praha-8"},"geometry":{"type":"Polygon","coordinates":[[[14.495557,50.131376],[14.494948,50.131313],[14.491815,50.131146],[14.489773,50.130888],[14.488609,50.130741],[14.487062,50.129468],[14.487033,50.129447],[14.487033,50.129447],[14.484907,50.130733],[14.484846,50.130954],[14.484812,50.130979],[14.484659,50.131101],[14.484109,50.131434],[14.483986,50.131478],[14.48345,50.131676],[14.480428,50.133606],[14.48103,50.133759],[14.483291,50.134348],[14.484383,50.134589],[14.486159,50.134936],[14.487278,50.135116],[14.488726,50.13535],[14.488758,50.135355],[14.489258,50.135439],[14.489273,50.135441],[14.489441,50.135474],[14.489657,50.135505],[14.490128,50.135574],[14.49065,50.135641],[14.491384,50.13572],[14.491683,50.135764],[14.492506,50.135849],[14.492522,50.135851],[14.492695,50.135869],[14.493131,50.135919],[14.49333,50.135942],[14.493582,50.135972],[14.494018,50.136016],[14.494639,50.136089],[14.494646,50.136065],[14.494714,50.135811],[14.494714,50.135811],[14.494799,50.13556],[14.494805,50.135541],[14.494905,50.135187],[14.495012,50.134761],[14.495162,50.134088],[14.495206,50.133876],[14.495237,50.1337],[14.495278,50.133512],[14.495384,50.13286],[14.495389,50.132828],[14.495409,50.132718],[14.495514,50.132138],[14.495548,50.131866],[14.495555,50.131779],[14.495564,50.131673],[14.495549,50.131496],[14.495557,50.131376]]]}},{"type":"Feature","properties":{"cislo":8055,"kod":31755,"mestskaCast":"praha-8"},"geometry":{"type":"Polygon","coordinates":[[[14.47979,50.139695],[14.479775,50.13967],[14.479775,50.139669],[14.47976,50.139643],[14.479681,50.139502],[14.479655,50.139456],[14.479632,50.139413],[14.479622,50.139394],[14.479558,50.139282],[14.479534,50.13924],[14.479511,50.139198],[14.479488,50.139157],[14.479464,50.139115],[14.479441,50.139075],[14.479418,50.139033],[14.479393,50.13899],[14.479371,50.138951],[14.479361,50.138934],[14.479213,50.138743],[14.479169,50.138711],[14.479163,50.138707],[14.479126,50.138688],[14.479102,50.138675],[14.479076,50.138657],[14.479069,50.138653],[14.479036,50.138622],[14.478999,50.138587],[14.478959,50.138551],[14.47892,50.138514],[14.478856,50.138455],[14.478851,50.13845],[14.478836,50.138437],[14.478808,50.138411],[14.478807,50.13841],[14.478766,50.138377],[14.478757,50.138369],[14.478736,50.138351],[14.478689,50.13831],[14.478667,50.138297],[14.478614,50.138264],[14.478597,50.138253],[14.478565,50.138236],[14.478559,50.138232],[14.478572,50.138229],[14.478639,50.138257],[14.478699,50.138282],[14.478766,50.13831],[14.478776,50.138314],[14.478803,50.138325],[14.478892,50.138362],[14.479015,50.138322],[14.479022,50.13832],[14.479123,50.138286],[14.479223,50.138299],[14.479539,50.138178],[14.47988,50.138118],[14.480331,50.138086],[14.480737,50.138069],[14.481141,50.138066],[14.481297,50.138065],[14.482204,50.138074],[14.482208,50.138073],[14.482657,50.138069],[14.482936,50.13807],[14.483551,50.138059],[14.484168,50.138053],[14.484337,50.138058],[14.484422,50.138061],[14.48459,50.13807],[14.484771,50.1381],[14.484922,50.138112],[14.485063,50.138114],[14.485362,50.138121],[14.4857,50.13812],[14.486209,50.138144],[14.486942,50.138178],[14.487326,50.138209],[14.487403,50.138204],[14.487709,50.137885],[14.487739,50.137852],[14.487879,50.137694],[14.487955,50.137503],[14.488104,50.137125],[14.488172,50.136808],[14.488282,50.136523],[14.488319,50.136396],[14.488334,50.136311],[14.488368,50.136127],[14.488489,50.135772],[14.488583,50.135577],[14.488726,50.13535],[14.487278,50.135116],[14.486159,50.134936],[14.484383,50.134589],[14.483291,50.134348],[14.48103,50.133759],[14.480428,50.133606],[14.478453,50.133133],[14.478244,50.13345],[14.478203,50.13351],[14.477623,50.13345],[14.477374,50.133428],[14.476987,50.133385],[14.476189,50.133288],[14.47594,50.133266],[14.475864,50.133422],[14.475813,50.133463],[14.475736,50.133493],[14.475578,50.133506],[14.475404,50.133527],[14.475329,50.133548],[14.475211,50.133574],[14.475073,50.133625],[14.47499,50.133681],[14.474918,50.133757],[14.4749,50.133773],[14.474851,50.133869],[14.474808,50.133938],[14.474776,50.134025],[14.474721,50.134148],[14.474675,50.134234],[14.474389,50.134781],[14.474259,50.13506],[14.474189,50.13519],[14.473872,50.135815],[14.473851,50.13585],[14.47415,50.135903],[14.47502,50.136125],[14.47529,50.136185],[14.474222,50.137026],[14.474222,50.137026],[14.473778,50.137529],[14.473571,50.137765],[14.47323,50.138181],[14.473282,50.13821],[14.473313,50.138227],[14.474459,50.138869],[14.47458,50.138962],[14.475501,50.139671],[14.475574,50.139707],[14.476718,50.140274],[14.476751,50.14029],[14.477512,50.139666],[14.477554,50.139632],[14.477601,50.139726],[14.477657,50.139835],[14.477746,50.139829],[14.477955,50.139814],[14.478468,50.139781],[14.478516,50.139778],[14.478562,50.139775],[14.478655,50.139769],[14.47879,50.13976],[14.47894,50.139751],[14.479436,50.139721],[14.479465,50.139719],[14.479659,50.139705],[14.479742,50.139699],[14.47979,50.139696],[14.47979,50.139695]]]}},{"type":"Feature","properties":{"cislo":8056,"kod":31757,"mestskaCast":"praha-8"},"geometry":{"type":"Polygon","coordinates":[[[14.474222,50.137026],[14.47529,50.136185],[14.47502,50.136125],[14.47415,50.135903],[14.473851,50.13585],[14.473872,50.135815],[14.474189,50.13519],[14.474259,50.13506],[14.474389,50.134781],[14.474675,50.134234],[14.474721,50.134148],[14.474776,50.134025],[14.474808,50.133938],[14.474851,50.133869],[14.4749,50.133773],[14.474918,50.133757],[14.47499,50.133681],[14.475073,50.133625],[14.475211,50.133574],[14.475329,50.133548],[14.475404,50.133527],[14.475578,50.133506],[14.475736,50.133493],[14.475813,50.133463],[14.475864,50.133422],[14.47594,50.133266],[14.47572,50.133237],[14.475389,50.133199],[14.472829,50.132892],[14.472773,50.132887],[14.472359,50.132842],[14.470993,50.132694],[14.469863,50.134555],[14.47074,50.134941],[14.470432,50.135594],[14.470429,50.135598],[14.470633,50.135667],[14.471708,50.136074],[14.472482,50.136367],[14.474222,50.137026]]]}},{"type":"Feature","properties":{"cislo":8057,"kod":31861,"mestskaCast":"praha-8"},"geometry":{"type":"Polygon","coordinates":[[[14.404127,50.134068],[14.404135,50.134096],[14.40416,50.13418],[14.404216,50.134248],[14.404224,50.134276],[14.404232,50.134304],[14.404285,50.134518],[14.404304,50.134628],[14.404324,50.13473],[14.404361,50.134887],[14.404359,50.134896],[14.404371,50.134906],[14.404385,50.134908],[14.404399,50.134909],[14.404957,50.134877],[14.405113,50.134872],[14.405558,50.134839],[14.406115,50.134807],[14.406643,50.134781],[14.406854,50.134718],[14.407284,50.134692],[14.407699,50.134666],[14.407942,50.134651],[14.40807,50.134644],[14.4086,50.134609],[14.408687,50.134599],[14.408774,50.134589],[14.408802,50.134591],[14.408871,50.134597],[14.409103,50.134636],[14.409145,50.134639],[14.409557,50.134694],[14.409953,50.134756],[14.410392,50.134813],[14.410804,50.134868],[14.411216,50.134923],[14.411559,50.134971],[14.411628,50.134977],[14.411656,50.13498],[14.411671,50.134972],[14.411701,50.134966],[14.411717,50.134958],[14.411721,50.13494],[14.411736,50.134932],[14.41174,50.134915],[14.411746,50.134888],[14.411747,50.134815],[14.411724,50.134659],[14.411754,50.134653],[14.411827,50.134641],[14.411798,50.134511],[14.411776,50.134482],[14.41142,50.134433],[14.410859,50.134347],[14.410077,50.134241],[14.409252,50.134141],[14.409006,50.134101],[14.408887,50.134063],[14.408819,50.133984],[14.408751,50.133906],[14.408463,50.133935],[14.408219,50.133949],[14.408192,50.133947],[14.408258,50.134361],[14.407004,50.13435],[14.406957,50.133974],[14.406772,50.133985],[14.406471,50.134003],[14.4059,50.134034],[14.405457,50.134059],[14.405213,50.134073],[14.404842,50.134095],[14.404705,50.134074],[14.404562,50.134016],[14.404479,50.133945],[14.404435,50.133886],[14.40441,50.133739],[14.404384,50.133464],[14.404345,50.133316],[14.404302,50.133385],[14.404248,50.133507],[14.404127,50.134068]]]}},{"type":"Feature","properties":{"cislo":8058,"kod":31761,"mestskaCast":"praha-8"},"geometry":{"type":"Polygon","coordinates":[[[14.470993,50.132694],[14.470167,50.132594],[14.469587,50.132534],[14.468692,50.132428],[14.467865,50.132401],[14.466785,50.132369],[14.465256,50.132452],[14.464867,50.132491],[14.464695,50.132503],[14.464665,50.132509],[14.464464,50.132528],[14.464082,50.13253],[14.46373,50.132527],[14.463043,50.132502],[14.462107,50.132456],[14.46166,50.132435],[14.461373,50.132733],[14.462764,50.133136],[14.46444,50.133701],[14.465845,50.134138],[14.468296,50.134879],[14.470429,50.135598],[14.470432,50.135594],[14.47074,50.134941],[14.469863,50.134555],[14.470993,50.132694]]]}},{"type":"Feature","properties":{"cislo":8059,"kod":31763,"mestskaCast":"praha-8"},"geometry":{"type":"Polygon","coordinates":[[[14.472829,50.132892],[14.472883,50.13277],[14.473803,50.131235],[14.47348,50.131162],[14.473951,50.130341],[14.472609,50.130014],[14.471822,50.131388],[14.47158,50.13133],[14.471406,50.131288],[14.470987,50.131196],[14.470167,50.132594],[14.470993,50.132694],[14.472359,50.132842],[14.472773,50.132887],[14.472829,50.132892]]]}},{"type":"Feature","properties":{"cislo":8060,"kod":31765,"mestskaCast":"praha-8"},"geometry":{"type":"Polygon","coordinates":[[[14.466828,50.129714],[14.466694,50.129947],[14.466413,50.130403],[14.46619,50.13052],[14.46522,50.132159],[14.465256,50.132452],[14.466785,50.132369],[14.467865,50.132401],[14.468692,50.132428],[14.469587,50.132534],[14.470167,50.132594],[14.470987,50.131196],[14.471406,50.131288],[14.47158,50.13133],[14.471822,50.131388],[14.472609,50.130014],[14.470379,50.129482],[14.469788,50.129339],[14.469624,50.129579],[14.469493,50.129794],[14.469351,50.130063],[14.469195,50.130331],[14.468163,50.130077],[14.466828,50.129714]]]}},{"type":"Feature","properties":{"cislo":8061,"kod":31767,"mestskaCast":"praha-8"},"geometry":{"type":"Polygon","coordinates":[[[14.464665,50.132509],[14.464695,50.132503],[14.464867,50.132491],[14.465256,50.132452],[14.46522,50.132159],[14.46619,50.13052],[14.466413,50.130403],[14.466694,50.129947],[14.466828,50.129714],[14.464521,50.129148],[14.464665,50.132509]]]}},{"type":"Feature","properties":{"cislo":8062,"kod":31769,"mestskaCast":"praha-8"},"geometry":{"type":"Polygon","coordinates":[[[14.46166,50.132435],[14.462107,50.132456],[14.463043,50.132502],[14.46373,50.132527],[14.464082,50.13253],[14.464464,50.132528],[14.464665,50.132509],[14.464521,50.129148],[14.463869,50.126177],[14.461033,50.126036],[14.460825,50.126417],[14.460329,50.12729],[14.460183,50.127577],[14.459832,50.128163],[14.459514,50.128725],[14.45947,50.128803],[14.459425,50.12888],[14.459405,50.128906],[14.459445,50.128982],[14.45949,50.129104],[14.459525,50.129207],[14.459555,50.129264],[14.459631,50.129434],[14.459674,50.129565],[14.460294,50.129701],[14.46046,50.129389],[14.460781,50.129472],[14.460928,50.129512],[14.46117,50.129569],[14.461293,50.12939],[14.462928,50.129797],[14.46166,50.132435]]]}},{"type":"Feature","properties":{"cislo":8063,"kod":31771,"mestskaCast":"praha-8"},"geometry":{"type":"Polygon","coordinates":[[[14.460294,50.129701],[14.460277,50.129718],[14.46016,50.129934],[14.460111,50.13003],[14.46009,50.130064],[14.46014,50.130096],[14.460245,50.130196],[14.460349,50.130305],[14.460425,50.130411],[14.460467,50.130479],[14.460548,50.130631],[14.460725,50.130928],[14.460835,50.131074],[14.460857,50.131103],[14.460907,50.131198],[14.461023,50.131381],[14.461047,50.131401],[14.461057,50.13142],[14.461079,50.131449],[14.461176,50.131594],[14.461346,50.131854],[14.46166,50.132435],[14.462928,50.129797],[14.461293,50.12939],[14.46117,50.129569],[14.460928,50.129512],[14.460781,50.129472],[14.46046,50.129389],[14.460294,50.129701]]]}},{"type":"Feature","properties":{"cislo":8064,"kod":31773,"mestskaCast":"praha-8"},"geometry":{"type":"Polygon","coordinates":[[[14.461373,50.132733],[14.46166,50.132435],[14.461346,50.131854],[14.461176,50.131594],[14.461079,50.131449],[14.461057,50.13142],[14.461047,50.131401],[14.461023,50.131381],[14.460907,50.131198],[14.460857,50.131103],[14.460835,50.131074],[14.460725,50.130928],[14.460548,50.130631],[14.460467,50.130479],[14.460425,50.130411],[14.460349,50.130305],[14.460245,50.130196],[14.46014,50.130096],[14.46009,50.130064],[14.460111,50.13003],[14.46016,50.129934],[14.460277,50.129718],[14.460294,50.129701],[14.459674,50.129565],[14.459631,50.129434],[14.459555,50.129264],[14.459525,50.129207],[14.45949,50.129104],[14.459445,50.128982],[14.459405,50.128906],[14.459425,50.12888],[14.45947,50.128803],[14.459514,50.128725],[14.459257,50.128675],[14.457985,50.128418],[14.457035,50.128171],[14.456779,50.128112],[14.456095,50.127943],[14.455626,50.127829],[14.455184,50.127717],[14.454167,50.127455],[14.453227,50.127227],[14.45227,50.127015],[14.452094,50.126982],[14.452063,50.127387],[14.452,50.12828],[14.451959,50.128803],[14.451949,50.128984],[14.45191,50.129561],[14.451923,50.129635],[14.451953,50.129755],[14.451963,50.129774],[14.452166,50.130346],[14.452258,50.130644],[14.452432,50.13115],[14.452727,50.13202],[14.452737,50.132039],[14.452875,50.13245],[14.452897,50.132543],[14.452987,50.13285],[14.452997,50.133269],[14.452934,50.133563],[14.452758,50.134055],[14.452654,50.134409],[14.452339,50.135302],[14.452309,50.135416],[14.452569,50.135479],[14.452627,50.135501],[14.452672,50.135518],[14.452686,50.135523],[14.452637,50.135686],[14.452636,50.135695],[14.452634,50.135709],[14.45266,50.135722],[14.452693,50.135737],[14.453375,50.136056],[14.453463,50.136097],[14.453502,50.136115],[14.453587,50.136151],[14.453614,50.13616],[14.453671,50.136179],[14.45372,50.136195],[14.454069,50.136285],[14.454191,50.13632],[14.454479,50.136422],[14.454601,50.136465],[14.454603,50.136466],[14.454723,50.136522],[14.454836,50.13659],[14.454911,50.136622],[14.45495,50.136639],[14.455311,50.136742],[14.455359,50.136756],[14.455491,50.136788],[14.455638,50.136824],[14.45619,50.136955],[14.456374,50.137002],[14.456427,50.137023],[14.458162,50.135314],[14.458179,50.135321],[14.4582,50.135329],[14.458241,50.135285],[14.458423,50.135086],[14.458627,50.134894],[14.458974,50.134568],[14.459192,50.134368],[14.459499,50.134089],[14.459554,50.134039],[14.460307,50.133564],[14.46136,50.132729],[14.461373,50.132733]]]}},{"type":"Feature","properties":{"cislo":8065,"kod":31775,"mestskaCast":"praha-8"},"geometry":{"type":"Polygon","coordinates":[[[14.461033,50.126036],[14.459518,50.125794],[14.459247,50.125743],[14.458975,50.125692],[14.458585,50.125603],[14.458302,50.125541],[14.45798,50.125459],[14.457487,50.125324],[14.457221,50.125247],[14.456757,50.125106],[14.456283,50.124946],[14.456204,50.124921],[14.456203,50.125057],[14.456175,50.125781],[14.455976,50.125854],[14.455854,50.125897],[14.455806,50.125857],[14.455711,50.125776],[14.455687,50.125756],[14.455625,50.125714],[14.455528,50.125642],[14.455505,50.125613],[14.455334,50.125489],[14.455022,50.125697],[14.454903,50.125659],[14.454643,50.125618],[14.454959,50.124602],[14.454879,50.124577],[14.454695,50.124516],[14.454512,50.124445],[14.454205,50.12509],[14.454091,50.125361],[14.454015,50.125518],[14.453862,50.12584],[14.453751,50.126093],[14.453518,50.12659],[14.453227,50.127227],[14.454167,50.127455],[14.455184,50.127717],[14.455626,50.127829],[14.456095,50.127943],[14.456779,50.128112],[14.457035,50.128171],[14.457985,50.128418],[14.459257,50.128675],[14.459514,50.128725],[14.459832,50.128163],[14.460183,50.127577],[14.460329,50.12729],[14.460825,50.126417],[14.461033,50.126036]]]}},{"type":"Feature","properties":{"cislo":8066,"kod":31777,"mestskaCast":"praha-8"},"geometry":{"type":"Polygon","coordinates":[[[14.453227,50.127227],[14.453518,50.12659],[14.453751,50.126093],[14.453862,50.12584],[14.454015,50.125518],[14.454091,50.125361],[14.454205,50.12509],[14.454512,50.124445],[14.454695,50.124516],[14.454879,50.124577],[14.454959,50.124602],[14.454643,50.125618],[14.454903,50.125659],[14.455022,50.125697],[14.455334,50.125489],[14.455505,50.125613],[14.455528,50.125642],[14.455625,50.125714],[14.455687,50.125756],[14.455711,50.125776],[14.455806,50.125857],[14.455854,50.125897],[14.455976,50.125854],[14.456175,50.125781],[14.456203,50.125057],[14.456204,50.124921],[14.454547,50.124348],[14.4546,50.124235],[14.454716,50.123955],[14.454733,50.123875],[14.45475,50.123794],[14.454763,50.123732],[14.455236,50.123765],[14.455329,50.123265],[14.454741,50.122714],[14.454029,50.122941],[14.453728,50.122761],[14.453629,50.122697],[14.453532,50.122752],[14.453005,50.123105],[14.45299,50.123113],[14.45261,50.12337],[14.452563,50.123393],[14.45248,50.123449],[14.452394,50.123523],[14.452304,50.123615],[14.452267,50.123657],[14.452245,50.123692],[14.45219,50.12375],[14.452136,50.123873],[14.452084,50.123986],[14.452069,50.124184],[14.45205,50.124473],[14.452071,50.1255],[14.452093,50.126854],[14.452094,50.126982],[14.45227,50.127015],[14.453227,50.127227]]]}},{"type":"Feature","properties":{"cislo":8067,"kod":31779,"mestskaCast":"praha-8"},"geometry":{"type":"Polygon","coordinates":[[[14.452094,50.126982],[14.452093,50.126854],[14.452071,50.1255],[14.45205,50.124473],[14.452069,50.124184],[14.452084,50.123986],[14.452136,50.123873],[14.451219,50.123937],[14.451013,50.123973],[14.450804,50.124027],[14.450562,50.124106],[14.449577,50.124418],[14.450191,50.12558],[14.450786,50.126694],[14.450867,50.12671],[14.452094,50.126982]]]}},{"type":"Feature","properties":{"cislo":8068,"kod":31781,"mestskaCast":"praha-8"},"geometry":{"type":"Polygon","coordinates":[[[14.448927,50.122637],[14.448908,50.122662],[14.44864,50.122856],[14.449214,50.123542],[14.449388,50.123784],[14.448889,50.12394],[14.449319,50.124504],[14.449441,50.124461],[14.449577,50.124418],[14.450562,50.124106],[14.450804,50.124027],[14.451013,50.123973],[14.451219,50.123937],[14.452136,50.123873],[14.45219,50.12375],[14.452245,50.123692],[14.452267,50.123657],[14.452304,50.123615],[14.452394,50.123523],[14.45248,50.123449],[14.452563,50.123393],[14.45261,50.12337],[14.45299,50.123113],[14.453005,50.123105],[14.453532,50.122752],[14.453629,50.122697],[14.453989,50.122466],[14.455053,50.121779],[14.455181,50.121709],[14.455123,50.121713],[14.454803,50.121757],[14.45476,50.121763],[14.454586,50.121783],[14.454471,50.121792],[14.454398,50.121803],[14.454037,50.121844],[14.45395,50.121854],[14.453689,50.121886],[14.453559,50.121902],[14.452601,50.122026],[14.452324,50.122065],[14.452274,50.122033],[14.452237,50.122012],[14.452197,50.121999],[14.452147,50.121968],[14.452096,50.121945],[14.451778,50.121781],[14.451586,50.121755],[14.451577,50.121727],[14.451523,50.121649],[14.451455,50.121571],[14.451372,50.1215],[14.451314,50.12144],[14.451304,50.121421],[14.451206,50.121349],[14.451121,50.121287],[14.451021,50.121224],[14.450906,50.121169],[14.450803,50.121123],[14.4507,50.121078],[14.45062,50.121053],[14.450581,50.12104],[14.450476,50.121003],[14.450355,50.120975],[14.450234,50.120946],[14.450153,50.12093],[14.450111,50.120926],[14.449988,50.120906],[14.449852,50.120885],[14.44981,50.120881],[14.449503,50.120863],[14.449489,50.120862],[14.44942,50.120856],[14.449345,50.121076],[14.449293,50.121253],[14.44929,50.121334],[14.449314,50.121418],[14.449303,50.121472],[14.449217,50.121873],[14.449215,50.121882],[14.449208,50.121917],[14.449195,50.121979],[14.449174,50.122077],[14.44916,50.12214],[14.449091,50.122397],[14.448927,50.122637]]]}},{"type":"Feature","properties":{"cislo":8069,"kod":31783,"mestskaCast":"praha-8"},"geometry":{"type":"Polygon","coordinates":[[[14.434699,50.123822],[14.434977,50.123646],[14.435115,50.123595],[14.435265,50.123554],[14.435401,50.123512],[14.435649,50.12347],[14.435723,50.123458],[14.436047,50.12346],[14.436357,50.12346],[14.436541,50.123458],[14.436854,50.123449],[14.436895,50.123453],[14.436923,50.123455],[14.436938,50.123121],[14.436877,50.12288],[14.436936,50.122867],[14.436903,50.122691],[14.437084,50.122635],[14.437733,50.122574],[14.437774,50.122578],[14.438367,50.122576],[14.438834,50.122571],[14.439689,50.122665],[14.439877,50.122645],[14.439869,50.122617],[14.439859,50.122598],[14.439794,50.122438],[14.439742,50.122289],[14.440117,50.122249],[14.440336,50.122214],[14.440467,50.122198],[14.440938,50.122104],[14.441037,50.122104],[14.44148,50.122079],[14.441494,50.12208],[14.442233,50.122191],[14.44226,50.122193],[14.443163,50.122264],[14.443485,50.122274],[14.443541,50.122279],[14.443545,50.122125],[14.443589,50.12212],[14.443858,50.122117],[14.444028,50.122113],[14.444156,50.122107],[14.444255,50.122106],[14.444469,50.122098],[14.444496,50.1221],[14.445197,50.122189],[14.44578,50.122304],[14.445984,50.122341],[14.446124,50.122344],[14.446265,50.122347],[14.446405,50.12235],[14.448017,50.122338],[14.448862,50.122613],[14.448927,50.122637],[14.449091,50.122397],[14.44916,50.12214],[14.449174,50.122077],[14.449195,50.121979],[14.449208,50.121917],[14.449215,50.121882],[14.449217,50.121873],[14.449303,50.121472],[14.449314,50.121418],[14.44929,50.121334],[14.449293,50.121253],[14.449345,50.121076],[14.44942,50.120856],[14.449555,50.120423],[14.447295,50.11997],[14.446883,50.119915],[14.446485,50.119862],[14.446362,50.119842],[14.44621,50.119828],[14.446154,50.119824],[14.446101,50.11981],[14.446033,50.119795],[14.445954,50.11977],[14.44589,50.119737],[14.445855,50.119706],[14.445795,50.119656],[14.445669,50.119518],[14.445501,50.119312],[14.445421,50.119223],[14.445332,50.119179],[14.445084,50.119085],[14.444963,50.119056],[14.444896,50.119041],[14.444814,50.119025],[14.444775,50.119012],[14.444747,50.11901],[14.444513,50.11898],[14.4445,50.118979],[14.444361,50.118966],[14.444223,50.118954],[14.444013,50.118945],[14.443916,50.118936],[14.443848,50.118921],[14.443688,50.11888],[14.443567,50.118851],[14.443298,50.118791],[14.443216,50.118775],[14.442963,50.118707],[14.442632,50.118605],[14.442618,50.118604],[14.442592,50.118592],[14.442316,50.118495],[14.442173,50.118437],[14.442122,50.118415],[14.442038,50.118344],[14.442002,50.118313],[14.441942,50.118263],[14.441893,50.118231],[14.441768,50.118157],[14.441754,50.118155],[14.441496,50.118042],[14.44142,50.117999],[14.441394,50.117988],[14.441291,50.117942],[14.441241,50.117911],[14.44114,50.117856],[14.441065,50.117813],[14.440881,50.117679],[14.440858,50.117659],[14.440724,50.117556],[14.440682,50.117489],[14.440588,50.117399],[14.440444,50.11715],[14.440403,50.116947],[14.440335,50.116868],[14.44018,50.1168],[14.439702,50.116658],[14.439437,50.11658],[14.439011,50.116588],[14.438781,50.116414],[14.437633,50.115785],[14.437626,50.115764],[14.437615,50.115735],[14.437612,50.115725],[14.437517,50.115459],[14.437515,50.115454],[14.437406,50.11547],[14.437286,50.115488],[14.437273,50.11549],[14.43726,50.115586],[14.437135,50.115604],[14.437067,50.115614],[14.436803,50.115652],[14.436451,50.115701],[14.436171,50.115741],[14.435984,50.115768],[14.435732,50.115805],[14.435451,50.115844],[14.435026,50.115905],[14.434834,50.115932],[14.434492,50.115981],[14.434329,50.116005],[14.434305,50.116009],[14.43375,50.116097],[14.433707,50.116107],[14.433664,50.11612],[14.433624,50.116136],[14.433586,50.116155],[14.433551,50.116175],[14.433519,50.116198],[14.433491,50.116223],[14.433467,50.116249],[14.433447,50.116276],[14.433431,50.116305],[14.433378,50.116407],[14.433335,50.116692],[14.433324,50.116759],[14.433317,50.116834],[14.433306,50.11704],[14.433304,50.117102],[14.433304,50.117283],[14.433304,50.117457],[14.433306,50.11748],[14.433311,50.117503],[14.43332,50.117526],[14.433333,50.117547],[14.433349,50.117568],[14.433353,50.117572],[14.43335,50.117577],[14.433373,50.1176],[14.433369,50.117674],[14.43338,50.117694],[14.433463,50.117842],[14.433495,50.117889],[14.433532,50.117936],[14.433573,50.117981],[14.433619,50.118023],[14.43367,50.118064],[14.433888,50.118226],[14.434063,50.118357],[14.43434,50.118565],[14.434575,50.118737],[14.434331,50.118862],[14.434317,50.118873],[14.434227,50.118936],[14.4341,50.119025],[14.434091,50.119038],[14.434044,50.119097],[14.433988,50.119167],[14.433483,50.119844],[14.433359,50.119971],[14.433341,50.120039],[14.433366,50.120095],[14.433601,50.120309],[14.433689,50.120438],[14.433729,50.120514],[14.433746,50.120603],[14.433768,50.120752],[14.433804,50.120834],[14.433837,50.120881],[14.434002,50.121025],[14.434052,50.121072],[14.434132,50.12116],[14.434148,50.121184],[14.434329,50.121386],[14.434431,50.121485],[14.434674,50.121735],[14.434694,50.121875],[14.434617,50.122302],[14.434571,50.12242],[14.434476,50.122614],[14.434126,50.123326],[14.434089,50.123347],[14.434094,50.123351],[14.434366,50.123529],[14.434498,50.123641],[14.434699,50.123822]]]}},{"type":"Feature","properties":{"cislo":8070,"kod":31785,"mestskaCast":"praha-8"},"geometry":{"type":"Polygon","coordinates":[[[14.436923,50.123455],[14.436991,50.123534],[14.437095,50.123643],[14.437101,50.123943],[14.438331,50.123934],[14.438474,50.123928],[14.438913,50.123922],[14.439267,50.123917],[14.439676,50.123916],[14.44023,50.123902],[14.440554,50.123903],[14.440821,50.123909],[14.441221,50.123953],[14.441235,50.123954],[14.441633,50.124007],[14.44188,50.124038],[14.442181,50.124083],[14.44252,50.124149],[14.442986,50.124281],[14.443464,50.124423],[14.443636,50.124475],[14.443676,50.124487],[14.444138,50.124637],[14.444323,50.124699],[14.444519,50.124771],[14.444843,50.124908],[14.445178,50.125056],[14.44567,50.125262],[14.445758,50.125315],[14.445859,50.12537],[14.446012,50.125447],[14.446652,50.125358],[14.446737,50.125357],[14.447497,50.125106],[14.447556,50.125093],[14.447633,50.125063],[14.449319,50.124504],[14.448889,50.12394],[14.449388,50.123784],[14.449214,50.123542],[14.44864,50.122856],[14.448908,50.122662],[14.448927,50.122637],[14.448862,50.122613],[14.448017,50.122338],[14.446405,50.12235],[14.446265,50.122347],[14.446124,50.122344],[14.445984,50.122341],[14.44578,50.122304],[14.445197,50.122189],[14.444496,50.1221],[14.444469,50.122098],[14.444255,50.122106],[14.444156,50.122107],[14.444028,50.122113],[14.443858,50.122117],[14.443589,50.12212],[14.443545,50.122125],[14.443541,50.122279],[14.443485,50.122274],[14.443163,50.122264],[14.44226,50.122193],[14.442233,50.122191],[14.441494,50.12208],[14.44148,50.122079],[14.441037,50.122104],[14.440938,50.122104],[14.440467,50.122198],[14.440336,50.122214],[14.440117,50.122249],[14.439742,50.122289],[14.439794,50.122438],[14.439859,50.122598],[14.439869,50.122617],[14.439877,50.122645],[14.439689,50.122665],[14.438834,50.122571],[14.438367,50.122576],[14.437774,50.122578],[14.437733,50.122574],[14.437084,50.122635],[14.436903,50.122691],[14.436936,50.122867],[14.436877,50.12288],[14.436938,50.123121],[14.436923,50.123455]]]}},{"type":"Feature","properties":{"cislo":8071,"kod":31787,"mestskaCast":"praha-8"},"geometry":{"type":"Polygon","coordinates":[[[14.434699,50.123822],[14.434575,50.124137],[14.43451,50.124576],[14.434516,50.124613],[14.434541,50.124761],[14.434613,50.124885],[14.434691,50.124983],[14.43489,50.125173],[14.434992,50.125291],[14.435,50.125318],[14.435078,50.125679],[14.435143,50.125776],[14.435325,50.125783],[14.435497,50.126098],[14.43575,50.126501],[14.435797,50.126478],[14.436027,50.126789],[14.436125,50.126924],[14.436221,50.127069],[14.436263,50.127136],[14.436339,50.127243],[14.436687,50.127137],[14.437064,50.127025],[14.43729,50.126955],[14.437547,50.126878],[14.438091,50.126708],[14.4385,50.126581],[14.438922,50.126454],[14.439135,50.126383],[14.439411,50.12628],[14.440143,50.126027],[14.440848,50.125962],[14.44108,50.125937],[14.441714,50.125875],[14.442607,50.125791],[14.442722,50.125783],[14.443068,50.12575],[14.443283,50.125732],[14.443356,50.125721],[14.4437,50.125697],[14.44458,50.125611],[14.444925,50.125578],[14.445724,50.125476],[14.445781,50.125472],[14.445911,50.125456],[14.446012,50.125447],[14.445859,50.12537],[14.445758,50.125315],[14.44567,50.125262],[14.445178,50.125056],[14.444843,50.124908],[14.444519,50.124771],[14.444323,50.124699],[14.444138,50.124637],[14.443676,50.124487],[14.443636,50.124475],[14.443464,50.124423],[14.442986,50.124281],[14.44252,50.124149],[14.442181,50.124083],[14.44188,50.124038],[14.441633,50.124007],[14.441235,50.123954],[14.441221,50.123953],[14.440821,50.123909],[14.440554,50.123903],[14.44023,50.123902],[14.439676,50.123916],[14.439267,50.123917],[14.438913,50.123922],[14.438474,50.123928],[14.438331,50.123934],[14.437101,50.123943],[14.437095,50.123643],[14.436991,50.123534],[14.436923,50.123455],[14.436895,50.123453],[14.436854,50.123449],[14.436541,50.123458],[14.436357,50.12346],[14.436047,50.12346],[14.435723,50.123458],[14.435649,50.12347],[14.435401,50.123512],[14.435265,50.123554],[14.435115,50.123595],[14.434977,50.123646],[14.434699,50.123822]]]}},{"type":"Feature","properties":{"cislo":8072,"kod":31789,"mestskaCast":"praha-8"},"geometry":{"type":"Polygon","coordinates":[[[14.442607,50.125791],[14.443354,50.125929],[14.444224,50.126088],[14.444913,50.12623],[14.445282,50.126353],[14.445642,50.126521],[14.445994,50.126788],[14.446512,50.127406],[14.446589,50.127503],[14.446774,50.127765],[14.447366,50.128561],[14.44749,50.128772],[14.447668,50.128669],[14.447772,50.128579],[14.447923,50.128465],[14.448228,50.128229],[14.448261,50.128204],[14.448534,50.127984],[14.44862,50.127909],[14.448114,50.127175],[14.44791,50.126939],[14.448521,50.126721],[14.448762,50.126252],[14.449868,50.126495],[14.449975,50.126523],[14.450381,50.126604],[14.45057,50.126648],[14.450786,50.126694],[14.450191,50.12558],[14.449577,50.124418],[14.449441,50.124461],[14.449319,50.124504],[14.447633,50.125063],[14.447556,50.125093],[14.447497,50.125106],[14.446737,50.125357],[14.446652,50.125358],[14.446012,50.125447],[14.445911,50.125456],[14.445781,50.125472],[14.445724,50.125476],[14.444925,50.125578],[14.44458,50.125611],[14.4437,50.125697],[14.443356,50.125721],[14.443283,50.125732],[14.443068,50.12575],[14.442722,50.125783],[14.442607,50.125791]]]}},{"type":"Feature","properties":{"cislo":8073,"kod":31791,"mestskaCast":"praha-8"},"geometry":{"type":"Polygon","coordinates":[[[14.44862,50.127909],[14.448664,50.127968],[14.448884,50.128259],[14.449223,50.128725],[14.449376,50.128866],[14.449532,50.128997],[14.449721,50.129105],[14.45006,50.129234],[14.450246,50.129287],[14.450379,50.129326],[14.450621,50.129384],[14.450928,50.129465],[14.451105,50.129499],[14.451295,50.129534],[14.451651,50.129584],[14.451794,50.129578],[14.45191,50.129561],[14.451949,50.128984],[14.451959,50.128803],[14.452,50.12828],[14.452063,50.127387],[14.452094,50.126982],[14.450867,50.12671],[14.450786,50.126694],[14.45057,50.126648],[14.450381,50.126604],[14.449975,50.126523],[14.449868,50.126495],[14.448762,50.126252],[14.448521,50.126721],[14.44791,50.126939],[14.448114,50.127175],[14.44862,50.127909]]]}},{"type":"Feature","properties":{"cislo":8074,"kod":31793,"mestskaCast":"praha-8"},"geometry":{"type":"Polygon","coordinates":[[[14.45191,50.129561],[14.451794,50.129578],[14.451651,50.129584],[14.451295,50.129534],[14.451105,50.129499],[14.450928,50.129465],[14.450621,50.129384],[14.450379,50.129326],[14.450246,50.129287],[14.45006,50.129234],[14.449721,50.129105],[14.449532,50.128997],[14.449376,50.128866],[14.449223,50.128725],[14.448884,50.128259],[14.448664,50.127968],[14.44862,50.127909],[14.448534,50.127984],[14.448261,50.128204],[14.448228,50.128229],[14.447923,50.128465],[14.447772,50.128579],[14.447668,50.128669],[14.44749,50.128772],[14.44744,50.128876],[14.447424,50.128884],[14.447385,50.128935],[14.447311,50.129019],[14.44721,50.129092],[14.448366,50.130029],[14.449943,50.130377],[14.449991,50.130417],[14.450399,50.130753],[14.450543,50.130874],[14.451003,50.130969],[14.451205,50.131014],[14.451099,50.131114],[14.45101,50.131197],[14.450535,50.131572],[14.451807,50.13183],[14.452564,50.131987],[14.452727,50.13202],[14.452432,50.13115],[14.452258,50.130644],[14.452166,50.130346],[14.451963,50.129774],[14.451953,50.129755],[14.451923,50.129635],[14.45191,50.129561]]]}},{"type":"Feature","properties":{"cislo":8075,"kod":31795,"mestskaCast":"praha-8"},"geometry":{"type":"Polygon","coordinates":[[[14.445572,50.130481],[14.445598,50.130492],[14.445779,50.130572],[14.44568,50.130772],[14.446212,50.130991],[14.446652,50.131175],[14.446496,50.131379],[14.447005,50.131642],[14.447464,50.131873],[14.448072,50.131999],[14.448222,50.132221],[14.448032,50.13245],[14.447879,50.132572],[14.448564,50.132869],[14.448848,50.132994],[14.449025,50.133154],[14.449026,50.133218],[14.449057,50.133602],[14.449118,50.13378],[14.449084,50.133804],[14.449284,50.133994],[14.449245,50.134045],[14.449257,50.134055],[14.449282,50.134067],[14.449247,50.1341],[14.449229,50.134116],[14.44936,50.134164],[14.449491,50.134212],[14.449801,50.134285],[14.450044,50.134333],[14.450316,50.134385],[14.450125,50.134749],[14.449952,50.135033],[14.44976,50.135334],[14.449753,50.135345],[14.449995,50.135341],[14.450263,50.135337],[14.45133,50.13532],[14.451785,50.135312],[14.451908,50.13531],[14.45203,50.135308],[14.452148,50.135305],[14.452213,50.135304],[14.452339,50.135302],[14.452654,50.134409],[14.452758,50.134055],[14.452934,50.133563],[14.452997,50.133269],[14.452987,50.13285],[14.452897,50.132543],[14.452875,50.13245],[14.452737,50.132039],[14.452727,50.13202],[14.452564,50.131987],[14.451807,50.13183],[14.450535,50.131572],[14.45101,50.131197],[14.451099,50.131114],[14.451205,50.131014],[14.451003,50.130969],[14.450543,50.130874],[14.450399,50.130753],[14.449991,50.130417],[14.449943,50.130377],[14.448366,50.130029],[14.44721,50.129092],[14.447193,50.129109],[14.447157,50.129142],[14.446729,50.129494],[14.446458,50.129706],[14.445692,50.130319],[14.445572,50.130481]]]}},{"type":"Feature","properties":{"cislo":8076,"kod":31859,"mestskaCast":"praha-8"},"geometry":{"type":"MultiPolygon","coordinates":[[[[14.40866,50.129523],[14.408678,50.129506],[14.408707,50.1295],[14.409294,50.129461],[14.410123,50.129417],[14.411066,50.129364],[14.411153,50.129354],[14.411194,50.129357],[14.411295,50.129348],[14.411394,50.129348],[14.412381,50.12929],[14.412853,50.129259],[14.412982,50.129252],[14.413025,50.129247],[14.413539,50.12922],[14.414469,50.129166],[14.414544,50.129145],[14.414559,50.129138],[14.414605,50.129124],[14.41459,50.129059],[14.414584,50.129022],[14.414559,50.128875],[14.414508,50.128589],[14.414403,50.127826],[14.413701,50.127873],[14.413614,50.127883],[14.413214,50.127902],[14.412971,50.127917],[14.412785,50.127928],[14.412735,50.127506],[14.412726,50.127414],[14.412412,50.127432],[14.412297,50.12744],[14.411666,50.127484],[14.410395,50.127553],[14.409668,50.127588],[14.409812,50.128563],[14.40891,50.128619],[14.408937,50.128822],[14.40866,50.129523]]],[[[14.417115,50.127159],[14.417386,50.127146],[14.417414,50.127149],[14.418359,50.127087],[14.419472,50.127031],[14.419486,50.127033],[14.419954,50.127],[14.419828,50.126024],[14.419817,50.125946],[14.416669,50.126121],[14.416815,50.127177],[14.417115,50.127159]]]]}},{"type":"Feature","properties":{"cislo":8077,"kod":31799,"mestskaCast":"praha-8"},"geometry":{"type":"Polygon","coordinates":[[[14.433562,50.127624],[14.434048,50.127794],[14.434332,50.128182],[14.434788,50.129084],[14.434838,50.129179],[14.434912,50.129231],[14.435017,50.129268],[14.435598,50.129455],[14.436254,50.129622],[14.436879,50.129741],[14.43734,50.129827],[14.438313,50.129967],[14.438711,50.130021],[14.439592,50.130189],[14.440327,50.130318],[14.440701,50.130351],[14.441176,50.130374],[14.441562,50.130354],[14.441663,50.130345],[14.441763,50.130336],[14.441928,50.130359],[14.44228,50.130427],[14.44279,50.130553],[14.44295,50.130595],[14.443061,50.130604],[14.443657,50.130657],[14.444073,50.130694],[14.444322,50.130716],[14.444582,50.130757],[14.44478,50.13082],[14.44504,50.130861],[14.445053,50.130862],[14.445097,50.130857],[14.445259,50.130826],[14.445416,50.130749],[14.445572,50.130481],[14.445692,50.130319],[14.446458,50.129706],[14.446729,50.129494],[14.447157,50.129142],[14.447193,50.129109],[14.44721,50.129092],[14.447311,50.129019],[14.447385,50.128935],[14.447424,50.128884],[14.44744,50.128876],[14.44749,50.128772],[14.447366,50.128561],[14.446774,50.127765],[14.446589,50.127503],[14.446512,50.127406],[14.445994,50.126788],[14.445642,50.126521],[14.445282,50.126353],[14.444913,50.12623],[14.444224,50.126088],[14.443354,50.125929],[14.442607,50.125791],[14.441714,50.125875],[14.44108,50.125937],[14.440848,50.125962],[14.440143,50.126027],[14.439411,50.12628],[14.439135,50.126383],[14.438922,50.126454],[14.4385,50.126581],[14.438091,50.126708],[14.437547,50.126878],[14.43729,50.126955],[14.437064,50.127025],[14.436687,50.127137],[14.436339,50.127243],[14.436324,50.127251],[14.435966,50.127337],[14.435324,50.127435],[14.435222,50.127453],[14.435048,50.127474],[14.434973,50.127494],[14.434829,50.127509],[14.434566,50.127549],[14.434206,50.127581],[14.433918,50.12761],[14.433619,50.12762],[14.433562,50.127624]]]}},{"type":"Feature","properties":{"cislo":8078,"kod":31801,"mestskaCast":"praha-8"},"geometry":{"type":"Polygon","coordinates":[[[14.440037,50.135774],[14.440213,50.135744],[14.441505,50.135576],[14.441809,50.13554],[14.442066,50.135526],[14.443542,50.135493],[14.443668,50.135495],[14.444293,50.135478],[14.44571,50.135457],[14.447255,50.13543],[14.449753,50.135345],[14.44976,50.135334],[14.449952,50.135033],[14.450125,50.134749],[14.450316,50.134385],[14.450044,50.134333],[14.449801,50.134285],[14.449491,50.134212],[14.44936,50.134164],[14.449229,50.134116],[14.449247,50.1341],[14.449282,50.134067],[14.449257,50.134055],[14.449245,50.134045],[14.449284,50.133994],[14.449084,50.133804],[14.449118,50.13378],[14.449057,50.133602],[14.449026,50.133218],[14.449025,50.133154],[14.448848,50.132994],[14.448564,50.132869],[14.447879,50.132572],[14.448032,50.13245],[14.448222,50.132221],[14.448072,50.131999],[14.447464,50.131873],[14.447005,50.131642],[14.446496,50.131379],[14.446652,50.131175],[14.446212,50.130991],[14.44568,50.130772],[14.445779,50.130572],[14.445598,50.130492],[14.445572,50.130481],[14.445416,50.130749],[14.445259,50.130826],[14.445097,50.130857],[14.445053,50.130862],[14.44504,50.130861],[14.44478,50.13082],[14.444582,50.130757],[14.444322,50.130716],[14.444073,50.130694],[14.443657,50.130657],[14.443061,50.130604],[14.44295,50.130595],[14.44279,50.130553],[14.44228,50.130427],[14.441928,50.130359],[14.441763,50.130336],[14.441663,50.130345],[14.441562,50.130354],[14.441176,50.130374],[14.440701,50.130351],[14.440327,50.130318],[14.439592,50.130189],[14.438711,50.130021],[14.438313,50.129967],[14.43734,50.129827],[14.436879,50.129741],[14.436254,50.129622],[14.435598,50.129455],[14.435017,50.129268],[14.434912,50.129231],[14.434838,50.129179],[14.434788,50.129084],[14.434332,50.128182],[14.434048,50.127794],[14.433562,50.127624],[14.433392,50.127627],[14.433154,50.127615],[14.432873,50.127608],[14.43243,50.127569],[14.432115,50.127523],[14.43183,50.127471],[14.431651,50.127446],[14.431352,50.128517],[14.431284,50.128702],[14.431193,50.128994],[14.43101,50.129522],[14.430954,50.129717],[14.430883,50.129919],[14.430822,50.130068],[14.430672,50.130572],[14.430572,50.130844],[14.430566,50.130871],[14.430441,50.131259],[14.430292,50.131691],[14.430238,50.131877],[14.430201,50.131982],[14.43008,50.132353],[14.430049,50.132432],[14.430023,50.132684],[14.430083,50.133061],[14.433835,50.132685],[14.434511,50.132626],[14.436448,50.132416],[14.436515,50.132695],[14.436814,50.13381],[14.43693,50.133793],[14.437333,50.133756],[14.438646,50.133627],[14.439324,50.13356],[14.439395,50.133557],[14.439452,50.133553],[14.43951,50.133549],[14.439597,50.133538],[14.440201,50.133483],[14.44019,50.133736],[14.440037,50.135774]]]}},{"type":"Feature","properties":{"cislo":8079,"kod":31803,"mestskaCast":"praha-8"},"geometry":{"type":"Polygon","coordinates":[[[14.430083,50.133061],[14.430097,50.134977],[14.430184,50.134967],[14.430226,50.134971],[14.430398,50.134959],[14.430412,50.13496],[14.430483,50.134957],[14.430754,50.134945],[14.430797,50.134939],[14.430825,50.134942],[14.430896,50.134939],[14.431023,50.134941],[14.43125,50.134934],[14.431476,50.134936],[14.431547,50.134933],[14.431703,50.134929],[14.431929,50.13493],[14.432154,50.134932],[14.432196,50.134936],[14.432394,50.134935],[14.43237,50.134715],[14.432372,50.134706],[14.432379,50.134671],[14.432381,50.134662],[14.432371,50.134643],[14.432526,50.134647],[14.432724,50.134647],[14.433456,50.134657],[14.433737,50.134664],[14.433934,50.134663],[14.434215,50.13467],[14.434342,50.134672],[14.434413,50.134669],[14.434777,50.134683],[14.434781,50.134665],[14.434783,50.134656],[14.434782,50.134529],[14.434783,50.134393],[14.434777,50.13422],[14.434775,50.134165],[14.434778,50.134084],[14.434774,50.134038],[14.434766,50.13401],[14.434691,50.133368],[14.43463,50.133191],[14.434599,50.133006],[14.434511,50.132626],[14.433835,50.132685],[14.430083,50.133061]]]}},{"type":"Feature","properties":{"cislo":8080,"kod":31805,"mestskaCast":"praha-8"},"geometry":{"type":"Polygon","coordinates":[[[14.430097,50.134977],[14.430103,50.135014],[14.43011,50.135777],[14.430128,50.135824],[14.430164,50.135854],[14.430229,50.135878],[14.430158,50.135881],[14.430101,50.135885],[14.430045,50.13588],[14.429917,50.135887],[14.429913,50.135968],[14.42992,50.136005],[14.429913,50.136368],[14.42991,50.136712],[14.429909,50.136912],[14.430176,50.136917],[14.431037,50.136921],[14.431038,50.136386],[14.431057,50.136033],[14.431061,50.135952],[14.432511,50.135971],[14.434017,50.135995],[14.434171,50.136],[14.434395,50.13601],[14.435139,50.136031],[14.43556,50.136041],[14.435584,50.135535],[14.435597,50.135273],[14.43481,50.135258],[14.434078,50.135247],[14.433714,50.135233],[14.433737,50.134664],[14.433456,50.134657],[14.432724,50.134647],[14.432526,50.134647],[14.432371,50.134643],[14.432381,50.134662],[14.432379,50.134671],[14.432372,50.134706],[14.43237,50.134715],[14.432394,50.134935],[14.432196,50.134936],[14.432154,50.134932],[14.431929,50.13493],[14.431703,50.134929],[14.431547,50.134933],[14.431476,50.134936],[14.43125,50.134934],[14.431023,50.134941],[14.430896,50.134939],[14.430825,50.134942],[14.430797,50.134939],[14.430754,50.134945],[14.430483,50.134957],[14.430412,50.13496],[14.430398,50.134959],[14.430226,50.134971],[14.430184,50.134967],[14.430097,50.134977]]]}},{"type":"Feature","properties":{"cislo":8081,"kod":31807,"mestskaCast":"praha-8"},"geometry":{"type":"Polygon","coordinates":[[[14.433737,50.134664],[14.433714,50.135233],[14.434078,50.135247],[14.43481,50.135258],[14.435597,50.135273],[14.435584,50.135535],[14.43556,50.136041],[14.43615,50.136057],[14.436375,50.136058],[14.436656,50.136065],[14.437135,50.136071],[14.437289,50.136076],[14.437768,50.136018],[14.438724,50.135903],[14.440037,50.135774],[14.44019,50.133736],[14.440201,50.133483],[14.439597,50.133538],[14.43951,50.133549],[14.439452,50.133553],[14.439395,50.133557],[14.439324,50.13356],[14.438646,50.133627],[14.437333,50.133756],[14.43693,50.133793],[14.436814,50.13381],[14.436515,50.132695],[14.436448,50.132416],[14.434511,50.132626],[14.434599,50.133006],[14.43463,50.133191],[14.434691,50.133368],[14.434766,50.13401],[14.434774,50.134038],[14.434778,50.134084],[14.434775,50.134165],[14.434777,50.13422],[14.434783,50.134393],[14.434782,50.134529],[14.434783,50.134656],[14.434781,50.134665],[14.434777,50.134683],[14.434413,50.134669],[14.434342,50.134672],[14.434215,50.13467],[14.433934,50.134663],[14.433737,50.134664]]]}},{"type":"Feature","properties":{"cislo":8082,"kod":31809,"mestskaCast":"praha-8"},"geometry":{"type":"Polygon","coordinates":[[[14.424922,50.13079],[14.425408,50.13076],[14.425509,50.130751],[14.42608,50.13072],[14.426351,50.130707],[14.426561,50.130717],[14.426739,50.130742],[14.426914,50.130784],[14.427046,50.130823],[14.427072,50.130835],[14.427227,50.130903],[14.42735,50.130986],[14.42746,50.131069],[14.427602,50.131263],[14.427836,50.131619],[14.427856,50.131657],[14.427927,50.131791],[14.428001,50.131906],[14.428033,50.131954],[14.428243,50.13229],[14.428339,50.132435],[14.428409,50.132505],[14.42856,50.132591],[14.428739,50.132679],[14.428858,50.132717],[14.428953,50.132734],[14.429064,50.132744],[14.4288,50.132594],[14.428702,50.132522],[14.428539,50.132426],[14.428456,50.132355],[14.428403,50.132268],[14.428373,50.132148],[14.428291,50.131605],[14.428422,50.131589],[14.429476,50.131546],[14.429453,50.13139],[14.429428,50.131243],[14.429395,50.131131],[14.429312,50.130461],[14.428956,50.130475],[14.428885,50.129951],[14.427627,50.130022],[14.425172,50.130149],[14.424842,50.130175],[14.424894,50.130524],[14.424892,50.130533],[14.424915,50.130689],[14.424922,50.13079]]]}},{"type":"Feature","properties":{"cislo":8083,"kod":31811,"mestskaCast":"praha-8"},"geometry":{"type":"Polygon","coordinates":[[[14.42349,50.131344],[14.423791,50.131325],[14.423832,50.131329],[14.423765,50.130851],[14.424422,50.130818],[14.424922,50.13079],[14.424915,50.130689],[14.424892,50.130533],[14.424894,50.130524],[14.424842,50.130175],[14.424807,50.129808],[14.425121,50.129791],[14.424969,50.128525],[14.424911,50.128529],[14.424654,50.128543],[14.424182,50.128573],[14.423454,50.128609],[14.423282,50.128621],[14.423225,50.128625],[14.422725,50.128653],[14.422697,50.128651],[14.422884,50.13002],[14.422924,50.130295],[14.42293,50.130332],[14.422943,50.130406],[14.422945,50.130461],[14.422987,50.130791],[14.422993,50.130828],[14.423008,50.130893],[14.423015,50.130993],[14.423037,50.131086],[14.423077,50.131362],[14.423433,50.131348],[14.42349,50.131344]]]}},{"type":"Feature","properties":{"cislo":8084,"kod":31813,"mestskaCast":"praha-8"},"geometry":{"type":"Polygon","coordinates":[[[14.429064,50.132744],[14.429179,50.132736],[14.42938,50.132718],[14.429608,50.132711],[14.430023,50.132684],[14.430049,50.132432],[14.43008,50.132353],[14.430201,50.131982],[14.430238,50.131877],[14.430292,50.131691],[14.430441,50.131259],[14.430566,50.130871],[14.430572,50.130844],[14.430672,50.130572],[14.430822,50.130068],[14.430883,50.129919],[14.430954,50.129717],[14.43101,50.129522],[14.431193,50.128994],[14.431284,50.128702],[14.431352,50.128517],[14.431199,50.128504],[14.430827,50.128462],[14.430154,50.128375],[14.429811,50.128327],[14.429564,50.128296],[14.429202,50.128273],[14.42896,50.128279],[14.427043,50.1284],[14.426786,50.128413],[14.426513,50.128435],[14.424969,50.128525],[14.425121,50.129791],[14.424807,50.129808],[14.424842,50.130175],[14.425172,50.130149],[14.427627,50.130022],[14.428885,50.129951],[14.428956,50.130475],[14.429312,50.130461],[14.429395,50.131131],[14.429428,50.131243],[14.429453,50.13139],[14.429476,50.131546],[14.428422,50.131589],[14.428291,50.131605],[14.428373,50.132148],[14.428403,50.132268],[14.428456,50.132355],[14.428539,50.132426],[14.428702,50.132522],[14.4288,50.132594],[14.429064,50.132744]]]}},{"type":"Feature","properties":{"cislo":8085,"kod":31815,"mestskaCast":"praha-8"},"geometry":{"type":"Polygon","coordinates":[[[14.430612,50.141548],[14.430783,50.141473],[14.431046,50.141432],[14.431135,50.141413],[14.431398,50.141373],[14.431677,50.141325],[14.431939,50.141284],[14.431999,50.141271],[14.43219,50.141234],[14.432336,50.14121],[14.432439,50.141192],[14.432613,50.141171],[14.432702,50.141152],[14.432716,50.141153],[14.43273,50.141154],[14.432732,50.141146],[14.432775,50.14114],[14.432819,50.141135],[14.432951,50.14111],[14.433141,50.141082],[14.433214,50.14107],[14.43336,50.141047],[14.433461,50.141038],[14.433506,50.141023],[14.433712,50.140987],[14.433872,50.140965],[14.433959,50.140954],[14.433973,50.140956],[14.434223,50.140905],[14.434472,50.140864],[14.434646,50.140843],[14.434676,50.140836],[14.434735,50.140823],[14.435028,50.140777],[14.435071,50.140771],[14.435085,50.140773],[14.435101,50.140765],[14.435128,50.140767],[14.435144,50.14076],[14.435377,50.140726],[14.435626,50.140684],[14.435875,50.140643],[14.436108,50.140609],[14.436212,50.140654],[14.436423,50.140655],[14.436811,50.140626],[14.437369,50.140576],[14.437371,50.140573],[14.43738,50.14056],[14.437383,50.140559],[14.437426,50.140541],[14.438243,50.140218],[14.43882,50.139989],[14.439119,50.139871],[14.439839,50.139586],[14.439902,50.139561],[14.440513,50.139319],[14.440738,50.13923],[14.440766,50.139219],[14.440974,50.139136],[14.440974,50.139136],[14.442967,50.139266],[14.443056,50.139272],[14.443305,50.139301],[14.444739,50.13947],[14.44475,50.139445],[14.444783,50.139374],[14.444942,50.139033],[14.444995,50.138918],[14.445058,50.138781],[14.445077,50.138739],[14.445123,50.138639],[14.445196,50.138481],[14.445221,50.138425],[14.445241,50.138383],[14.445257,50.138348],[14.445371,50.1381],[14.445387,50.138065],[14.445467,50.137889],[14.445468,50.137889],[14.445765,50.137444],[14.445825,50.137355],[14.445884,50.137282],[14.445919,50.137239],[14.445971,50.137174],[14.44607,50.137058],[14.446084,50.137042],[14.44611,50.137011],[14.446193,50.136895],[14.446253,50.136811],[14.446324,50.136712],[14.446324,50.136712],[14.446364,50.136644],[14.44652,50.136376],[14.446524,50.136369],[14.446528,50.136361],[14.446601,50.136383],[14.447929,50.136664],[14.448107,50.136696],[14.448739,50.136809],[14.449061,50.136345],[14.449318,50.135973],[14.449562,50.135622],[14.449631,50.135521],[14.449676,50.135456],[14.449753,50.135345],[14.447255,50.13543],[14.44571,50.135457],[14.444293,50.135478],[14.443668,50.135495],[14.443542,50.135493],[14.442066,50.135526],[14.441809,50.13554],[14.441505,50.135576],[14.440213,50.135744],[14.440037,50.135774],[14.438724,50.135903],[14.437768,50.136018],[14.437289,50.136076],[14.437135,50.136071],[14.436656,50.136065],[14.436375,50.136058],[14.43615,50.136057],[14.43556,50.136041],[14.435139,50.136031],[14.434395,50.13601],[14.434171,50.136],[14.434017,50.135995],[14.432511,50.135971],[14.431061,50.135952],[14.431057,50.136033],[14.431038,50.136386],[14.431037,50.136921],[14.430176,50.136917],[14.429909,50.136912],[14.429901,50.13761],[14.429893,50.137646],[14.429893,50.137782],[14.429903,50.137801],[14.429907,50.137847],[14.429999,50.138472],[14.430002,50.13859],[14.430035,50.138702],[14.430071,50.138796],[14.430094,50.138889],[14.430173,50.139113],[14.430269,50.139322],[14.430374,50.139558],[14.430466,50.13972],[14.430503,50.139814],[14.430571,50.139956],[14.430589,50.140003],[14.430618,50.140069],[14.430628,50.140152],[14.430637,50.140244],[14.430635,50.140252],[14.430633,50.140261],[14.430632,50.140334],[14.430635,50.140516],[14.430626,50.140823],[14.430619,50.141249],[14.430599,50.141411],[14.430612,50.141548]]]}},{"type":"Feature","properties":{"cislo":8086,"kod":31817,"mestskaCast":"praha-8"},"geometry":{"type":"Polygon","coordinates":[[[14.430612,50.141548],[14.430357,50.141553],[14.429751,50.141545],[14.429399,50.141541],[14.428978,50.141531],[14.428969,50.141639],[14.428944,50.141818],[14.428944,50.142018],[14.428934,50.142199],[14.428923,50.142379],[14.428917,50.142406],[14.42924,50.142416],[14.430014,50.14243],[14.430617,50.142447],[14.43077,50.142461],[14.430912,50.142455],[14.431394,50.14238],[14.431803,50.142316],[14.432434,50.142208],[14.432963,50.14211],[14.433109,50.142086],[14.433331,50.142042],[14.433393,50.141749],[14.433603,50.141758],[14.433944,50.141752],[14.434393,50.141764],[14.434618,50.141766],[14.434483,50.141409],[14.434623,50.141412],[14.435851,50.141548],[14.436639,50.141627],[14.436645,50.141628],[14.436684,50.141571],[14.436708,50.141536],[14.437186,50.140841],[14.437369,50.140576],[14.436811,50.140626],[14.436423,50.140655],[14.436212,50.140654],[14.436108,50.140609],[14.435875,50.140643],[14.435626,50.140684],[14.435377,50.140726],[14.435144,50.14076],[14.435128,50.140767],[14.435101,50.140765],[14.435085,50.140773],[14.435071,50.140771],[14.435028,50.140777],[14.434735,50.140823],[14.434676,50.140836],[14.434646,50.140843],[14.434472,50.140864],[14.434223,50.140905],[14.433973,50.140956],[14.433959,50.140954],[14.433872,50.140965],[14.433712,50.140987],[14.433506,50.141023],[14.433461,50.141038],[14.43336,50.141047],[14.433214,50.14107],[14.433141,50.141082],[14.432951,50.14111],[14.432819,50.141135],[14.432775,50.14114],[14.432732,50.141146],[14.43273,50.141154],[14.432716,50.141153],[14.432702,50.141152],[14.432613,50.141171],[14.432439,50.141192],[14.432336,50.14121],[14.43219,50.141234],[14.431999,50.141271],[14.431939,50.141284],[14.431677,50.141325],[14.431398,50.141373],[14.431135,50.141413],[14.431046,50.141432],[14.430783,50.141473],[14.430612,50.141548]]]}},{"type":"Feature","properties":{"cislo":8087,"kod":31819,"mestskaCast":"praha-8"},"geometry":{"type":"Polygon","coordinates":[[[14.434671,50.145123],[14.435214,50.145155],[14.435508,50.145173],[14.437115,50.145271],[14.437939,50.14532],[14.438195,50.145336],[14.438196,50.145336],[14.438196,50.14533],[14.438198,50.145318],[14.43825,50.144989],[14.4385,50.145003],[14.438737,50.145018],[14.438742,50.144982],[14.438767,50.144823],[14.438772,50.144794],[14.438782,50.144728],[14.438792,50.144665],[14.438805,50.144582],[14.438807,50.14457],[14.438824,50.144455],[14.438841,50.144346],[14.438844,50.144328],[14.438875,50.144122],[14.438906,50.143922],[14.438908,50.143907],[14.43891,50.143896],[14.438902,50.143893],[14.438903,50.14389],[14.438895,50.14389],[14.438716,50.14381],[14.438611,50.143763],[14.438568,50.143744],[14.438479,50.143704],[14.438407,50.143672],[14.437365,50.143207],[14.437304,50.143179],[14.437207,50.143136],[14.436193,50.142683],[14.435983,50.142589],[14.436026,50.142527],[14.436505,50.141832],[14.436645,50.141628],[14.436639,50.141627],[14.435851,50.141548],[14.434623,50.141412],[14.434483,50.141409],[14.434618,50.141766],[14.434393,50.141764],[14.433944,50.141752],[14.433603,50.141758],[14.433393,50.141749],[14.433331,50.142042],[14.43347,50.142382],[14.433148,50.142435],[14.432986,50.142466],[14.432824,50.142497],[14.432514,50.14256],[14.432219,50.142616],[14.431909,50.142679],[14.431613,50.142744],[14.431319,50.1428],[14.431127,50.142837],[14.430995,50.142862],[14.431055,50.142976],[14.431099,50.143034],[14.431175,50.143141],[14.431211,50.143171],[14.431291,50.14326],[14.431395,50.143369],[14.431524,50.143489],[14.43162,50.14357],[14.431965,50.143873],[14.432108,50.143995],[14.432287,50.144147],[14.432546,50.144324],[14.432877,50.144562],[14.432938,50.144603],[14.43305,50.144677],[14.433597,50.145025],[14.433595,50.145028],[14.433595,50.145028],[14.433684,50.145044],[14.433846,50.145073],[14.433855,50.145073],[14.434671,50.145123]]]}},{"type":"Feature","properties":{"cislo":8088,"kod":31821,"mestskaCast":"praha-8"},"geometry":{"type":"Polygon","coordinates":[[[14.433595,50.145028],[14.433595,50.145028],[14.433597,50.145025],[14.43305,50.144677],[14.432938,50.144603],[14.432877,50.144562],[14.432546,50.144324],[14.432287,50.144147],[14.432108,50.143995],[14.431965,50.143873],[14.43162,50.14357],[14.431524,50.143489],[14.431395,50.143369],[14.431291,50.14326],[14.431211,50.143171],[14.431175,50.143141],[14.431099,50.143034],[14.431055,50.142976],[14.430995,50.142862],[14.431127,50.142837],[14.431319,50.1428],[14.431613,50.142744],[14.431909,50.142679],[14.432219,50.142616],[14.432514,50.14256],[14.432824,50.142497],[14.432986,50.142466],[14.433148,50.142435],[14.43347,50.142382],[14.433331,50.142042],[14.433109,50.142086],[14.432963,50.14211],[14.432434,50.142208],[14.431803,50.142316],[14.431394,50.14238],[14.430912,50.142455],[14.43077,50.142461],[14.430617,50.142447],[14.430014,50.14243],[14.42924,50.142416],[14.428917,50.142406],[14.428923,50.142379],[14.428934,50.142199],[14.428944,50.142018],[14.428944,50.141818],[14.428969,50.141639],[14.428978,50.141531],[14.429399,50.141541],[14.429751,50.141545],[14.430357,50.141553],[14.430612,50.141548],[14.430599,50.141411],[14.430619,50.141249],[14.430626,50.140823],[14.430635,50.140516],[14.430632,50.140334],[14.430633,50.140261],[14.430635,50.140252],[14.430637,50.140244],[14.430628,50.140152],[14.430618,50.140069],[14.430589,50.140003],[14.430571,50.139956],[14.430503,50.139814],[14.430466,50.13972],[14.430374,50.139558],[14.430269,50.139322],[14.430173,50.139113],[14.430094,50.138889],[14.430071,50.138796],[14.430035,50.138702],[14.430002,50.13859],[14.429999,50.138472],[14.429907,50.137847],[14.429903,50.137801],[14.427506,50.137979],[14.426846,50.13803],[14.425138,50.13816],[14.425053,50.138162],[14.423372,50.138294],[14.423198,50.138315],[14.422186,50.138426],[14.41971,50.138778],[14.419708,50.138787],[14.419707,50.13886],[14.419706,50.138996],[14.419706,50.139059],[14.419715,50.139151],[14.419709,50.139178],[14.419713,50.139223],[14.419704,50.139331],[14.419702,50.13934],[14.419701,50.139413],[14.419724,50.139506],[14.41971,50.139504],[14.419715,50.139614],[14.419713,50.139623],[14.419707,50.139649],[14.419705,50.139658],[14.419703,50.139667],[14.4197,50.139749],[14.419696,50.139766],[14.419099,50.139786],[14.418608,50.139834],[14.41831,50.139907],[14.417535,50.140165],[14.417369,50.140278],[14.417285,50.140669],[14.417389,50.141241],[14.417393,50.141287],[14.417385,50.141459],[14.417383,50.141531],[14.417372,50.141585],[14.417372,50.141648],[14.416652,50.141584],[14.415628,50.141748],[14.415443,50.141886],[14.415267,50.142115],[14.415024,50.142457],[14.414541,50.142605],[14.414258,50.142671],[14.414337,50.142895],[14.414384,50.143072],[14.414338,50.143286],[14.414232,50.143385],[14.414237,50.143495],[14.414366,50.143751],[14.415346,50.143656],[14.415467,50.144148],[14.415592,50.144685],[14.415666,50.14579],[14.415632,50.146214],[14.415603,50.14681],[14.415605,50.146865],[14.415688,50.146872],[14.416615,50.146963],[14.416768,50.146977],[14.416769,50.146968],[14.416819,50.146936],[14.416965,50.146976],[14.416964,50.146985],[14.416909,50.147107],[14.416987,50.147141],[14.41693,50.147209],[14.416644,50.147619],[14.416478,50.147868],[14.415721,50.148037],[14.41547,50.148287],[14.415427,50.148356],[14.415425,50.148365],[14.415423,50.148373],[14.415418,50.148388],[14.415584,50.148358],[14.415675,50.148355],[14.415764,50.148351],[14.415931,50.148297],[14.416187,50.148316],[14.41645,50.14837],[14.416723,50.148426],[14.416986,50.14848],[14.417167,50.148572],[14.41728,50.148908],[14.417352,50.148996],[14.417433,50.14903],[14.417741,50.149062],[14.418032,50.149118],[14.418081,50.149135],[14.418231,50.14918],[14.418405,50.149233],[14.418593,50.149289],[14.419127,50.149407],[14.420126,50.149452],[14.420554,50.149475],[14.420783,50.14944],[14.420859,50.149396],[14.421112,50.149382],[14.421107,50.149404],[14.421107,50.149522],[14.421117,50.149573],[14.421212,50.149563],[14.421428,50.149537],[14.42154,50.149558],[14.421566,50.149572],[14.421673,50.149631],[14.421888,50.14975],[14.422382,50.149824],[14.422452,50.149834],[14.422503,50.149833],[14.422569,50.149827],[14.422804,50.149806],[14.422993,50.14979],[14.423444,50.149851],[14.423554,50.149839],[14.423682,50.149826],[14.423719,50.149822],[14.423732,50.149821],[14.423752,50.149818],[14.423931,50.149917],[14.42407,50.149993],[14.424247,50.150091],[14.424306,50.150142],[14.424423,50.150244],[14.424423,50.150244],[14.42451,50.150321],[14.424758,50.150402],[14.424948,50.150464],[14.425204,50.150547],[14.425878,50.150838],[14.426088,50.150888],[14.426113,50.150894],[14.426133,50.150896],[14.42673,50.150959],[14.426731,50.150959],[14.426817,50.150961],[14.427463,50.150979],[14.427531,50.150983],[14.428075,50.151012],[14.428574,50.151044],[14.428695,50.151052],[14.428884,50.150965],[14.429177,50.150935],[14.429524,50.1509],[14.429561,50.150904],[14.429832,50.150939],[14.430627,50.151249],[14.430893,50.151366],[14.431016,50.151419],[14.431016,50.151419],[14.4318,50.151523],[14.431959,50.151522],[14.432573,50.151517],[14.433176,50.15158],[14.433823,50.151652],[14.434206,50.151714],[14.434633,50.151782],[14.435019,50.151798],[14.435346,50.151839],[14.435782,50.151899],[14.436115,50.151927],[14.436316,50.15192],[14.436367,50.151929],[14.436448,50.15191],[14.436548,50.151809],[14.436631,50.151672],[14.436705,50.15155],[14.436705,50.151549],[14.436706,50.151549],[14.436762,50.151489],[14.436762,50.151489],[14.436719,50.151463],[14.436218,50.151517],[14.43596,50.151318],[14.435919,50.151278],[14.435633,50.150994],[14.435608,50.15097],[14.435614,50.150939],[14.435686,50.150948],[14.435711,50.150948],[14.435771,50.150948],[14.435776,50.150948],[14.435761,50.150938],[14.435681,50.150883],[14.435647,50.150859],[14.435584,50.150714],[14.435584,50.150713],[14.43554,50.150533],[14.435465,50.150222],[14.435465,50.15022],[14.435468,50.149972],[14.435478,50.149959],[14.435551,50.149724],[14.435551,50.149724],[14.435607,50.149477],[14.435607,50.149476],[14.435602,50.149472],[14.435601,50.149472],[14.43565,50.14925],[14.435702,50.149061],[14.435664,50.14888],[14.435597,50.148692],[14.435597,50.148692],[14.435597,50.148692],[14.435513,50.14851],[14.435426,50.148353],[14.435365,50.148267],[14.435268,50.148131],[14.434903,50.147636],[14.434857,50.147546],[14.43474,50.147448],[14.434739,50.147447],[14.434692,50.147376],[14.434598,50.147235],[14.434471,50.147042],[14.434414,50.146954],[14.434348,50.14686],[14.434254,50.146728],[14.434152,50.146623],[14.434086,50.146554],[14.434052,50.146511],[14.433844,50.146248],[14.433778,50.146142],[14.433634,50.14585],[14.433618,50.145755],[14.433575,50.145487],[14.433514,50.145115],[14.433592,50.145028],[14.433595,50.145028]]]}},{"type":"Feature","properties":{"cislo":8089,"kod":31823,"mestskaCast":"praha-8"},"geometry":{"type":"Polygon","coordinates":[[[14.422884,50.13002],[14.422384,50.130048],[14.422058,50.130055],[14.421585,50.130086],[14.421542,50.130091],[14.420842,50.130129],[14.419284,50.130218],[14.418955,50.130235],[14.418968,50.130372],[14.418986,50.130419],[14.418997,50.130502],[14.419001,50.130547],[14.41901,50.130639],[14.419029,50.13075],[14.419086,50.130745],[14.419094,50.130773],[14.419097,50.130828],[14.419103,50.130929],[14.419136,50.131104],[14.419593,50.131081],[14.419965,50.131059],[14.420821,50.131017],[14.421122,50.130998],[14.421493,50.130977],[14.422122,50.130941],[14.42262,50.130922],[14.423008,50.130893],[14.422993,50.130828],[14.422987,50.130791],[14.422945,50.130461],[14.422943,50.130406],[14.42293,50.130332],[14.422924,50.130295],[14.422884,50.13002]]]}},{"type":"Feature","properties":{"cislo":8090,"kod":31825,"mestskaCast":"praha-8"},"geometry":{"type":"Polygon","coordinates":[[[14.417655,50.131163],[14.417695,50.131176],[14.417778,50.131183],[14.417863,50.131182],[14.417948,50.13118],[14.418549,50.131143],[14.418964,50.131116],[14.419136,50.131104],[14.419103,50.130929],[14.419097,50.130828],[14.419094,50.130773],[14.419086,50.130745],[14.419029,50.13075],[14.41901,50.130639],[14.419001,50.130547],[14.418997,50.130502],[14.418986,50.130419],[14.418968,50.130372],[14.418955,50.130235],[14.419284,50.130218],[14.420842,50.130129],[14.421542,50.130091],[14.421585,50.130086],[14.422058,50.130055],[14.422384,50.130048],[14.422884,50.13002],[14.422697,50.128651],[14.422598,50.128651],[14.422303,50.128643],[14.422066,50.128631],[14.421901,50.128608],[14.421721,50.128592],[14.421567,50.128587],[14.421454,50.128586],[14.421411,50.128591],[14.42114,50.128604],[14.42064,50.128632],[14.420596,50.128637],[14.420567,50.128644],[14.420521,50.128658],[14.42049,50.128673],[14.42047,50.128699],[14.420447,50.128742],[14.420427,50.128768],[14.420421,50.128794],[14.420335,50.128868],[14.420286,50.1289],[14.420239,50.128923],[14.420164,50.128944],[14.420106,50.128948],[14.41959,50.128984],[14.419563,50.128982],[14.419434,50.128988],[14.419317,50.129005],[14.419142,50.129035],[14.418966,50.129065],[14.418336,50.129173],[14.418174,50.129204],[14.418071,50.129222],[14.417984,50.129232],[14.417755,50.129248],[14.417569,50.129259],[14.417559,50.129303],[14.417543,50.129248],[14.417549,50.129221],[14.417543,50.129184],[14.417386,50.129188],[14.417391,50.129234],[14.417414,50.129454],[14.417576,50.130612],[14.417655,50.131163]]]}},{"type":"Feature","properties":{"cislo":8091,"kod":31827,"mestskaCast":"praha-8"},"geometry":{"type":"MultiPolygon","coordinates":[[[[14.423454,50.128609],[14.424182,50.128573],[14.424654,50.128543],[14.424911,50.128529],[14.424969,50.128525],[14.426513,50.128435],[14.426786,50.128413],[14.427043,50.1284],[14.42896,50.128279],[14.429202,50.128273],[14.429564,50.128296],[14.429811,50.128327],[14.430154,50.128375],[14.430827,50.128462],[14.431199,50.128504],[14.431352,50.128517],[14.431651,50.127446],[14.431638,50.127445],[14.431437,50.127391],[14.431235,50.127345],[14.430904,50.127244],[14.430392,50.127062],[14.429932,50.126904],[14.429289,50.126674],[14.428936,50.126543],[14.428609,50.126424],[14.428111,50.126243],[14.427718,50.1261],[14.427667,50.126077],[14.427141,50.125894],[14.426697,50.125728],[14.426643,50.125714],[14.426395,50.12562],[14.426302,50.125593],[14.426036,50.125515],[14.425543,50.125381],[14.425208,50.125297],[14.424938,50.125237],[14.424745,50.126073],[14.424748,50.126128],[14.424756,50.126219],[14.424791,50.126322],[14.424918,50.126714],[14.423218,50.126809],[14.423355,50.12782],[14.423448,50.128572],[14.423454,50.128609]]],[[[14.419486,50.127033],[14.41952,50.127399],[14.419598,50.128023],[14.420154,50.127999],[14.420298,50.127985],[14.420277,50.12782],[14.420239,50.127535],[14.420189,50.127176],[14.420172,50.126993],[14.421158,50.126935],[14.421153,50.126836],[14.421016,50.125888],[14.419817,50.125946],[14.419828,50.126024],[14.419954,50.127],[14.419486,50.127033]]]]}},{"type":"Feature","properties":{"cislo":8092,"kod":31829,"mestskaCast":"praha-8"},"geometry":{"type":"MultiPolygon","coordinates":[[[[14.422697,50.128651],[14.422725,50.128653],[14.423225,50.128625],[14.423282,50.128621],[14.423454,50.128609],[14.423448,50.128572],[14.423355,50.12782],[14.423218,50.126809],[14.422259,50.12687],[14.421658,50.126907],[14.421558,50.126916],[14.421158,50.126935],[14.420172,50.126993],[14.420189,50.127176],[14.420239,50.127535],[14.420277,50.12782],[14.420298,50.127985],[14.420154,50.127999],[14.419598,50.128023],[14.41952,50.127399],[14.419486,50.127033],[14.419472,50.127031],[14.418359,50.127087],[14.417414,50.127149],[14.417386,50.127146],[14.417115,50.127159],[14.417159,50.12748],[14.417313,50.12861],[14.417386,50.129188],[14.417543,50.129184],[14.417549,50.129221],[14.417543,50.129248],[14.417559,50.129303],[14.417569,50.129259],[14.417755,50.129248],[14.417984,50.129232],[14.418071,50.129222],[14.418174,50.129204],[14.418336,50.129173],[14.418966,50.129065],[14.419142,50.129035],[14.419317,50.129005],[14.419434,50.128988],[14.419563,50.128982],[14.41959,50.128984],[14.420106,50.128948],[14.420164,50.128944],[14.420239,50.128923],[14.420286,50.1289],[14.420335,50.128868],[14.420421,50.128794],[14.420427,50.128768],[14.420447,50.128742],[14.42047,50.128699],[14.42049,50.128673],[14.420521,50.128658],[14.420567,50.128644],[14.420596,50.128637],[14.42064,50.128632],[14.42114,50.128604],[14.421411,50.128591],[14.421454,50.128586],[14.421567,50.128587],[14.421721,50.128592],[14.421901,50.128608],[14.422066,50.128631],[14.422303,50.128643],[14.422598,50.128651],[14.422697,50.128651]]],[[[14.433562,50.127624],[14.433619,50.12762],[14.433918,50.12761],[14.434206,50.127581],[14.434566,50.127549],[14.434829,50.127509],[14.434973,50.127494],[14.435048,50.127474],[14.435222,50.127453],[14.435324,50.127435],[14.435966,50.127337],[14.436324,50.127251],[14.436339,50.127243],[14.436263,50.127136],[14.436221,50.127069],[14.436125,50.126924],[14.436027,50.126789],[14.435797,50.126478],[14.43575,50.126501],[14.435497,50.126098],[14.435325,50.125783],[14.435143,50.125776],[14.435078,50.125679],[14.435,50.125318],[14.434992,50.125291],[14.43489,50.125173],[14.434691,50.124983],[14.434613,50.124885],[14.434541,50.124761],[14.434516,50.124613],[14.43451,50.124576],[14.434575,50.124137],[14.434699,50.123822],[14.434498,50.123641],[14.434366,50.123529],[14.434094,50.123351],[14.434089,50.123347],[14.434088,50.123348],[14.433501,50.123082],[14.432561,50.122787],[14.432096,50.122615],[14.431494,50.122501],[14.431378,50.122476],[14.431266,50.122446],[14.431062,50.122372],[14.430879,50.122266],[14.430769,50.122202],[14.43076,50.122196],[14.430736,50.122183],[14.430502,50.122066],[14.430119,50.121952],[14.429779,50.121776],[14.429674,50.121722],[14.429649,50.121709],[14.429298,50.121572],[14.428523,50.121323],[14.428291,50.121254],[14.428187,50.121223],[14.428006,50.121155],[14.427763,50.121097],[14.427305,50.12097],[14.426846,50.120806],[14.426522,50.120721],[14.426318,50.120693],[14.426038,50.120676],[14.425636,50.120688],[14.425382,50.120664],[14.424971,50.120615],[14.42391,50.120388],[14.423796,50.120389],[14.424283,50.120831],[14.425117,50.121634],[14.42511,50.121687],[14.424975,50.122021],[14.424467,50.122781],[14.424231,50.123069],[14.424033,50.123348],[14.42395,50.123567],[14.423901,50.123558],[14.423802,50.123645],[14.423652,50.123777],[14.423652,50.123777],[14.424938,50.125237],[14.425208,50.125297],[14.425543,50.125381],[14.426036,50.125515],[14.426302,50.125593],[14.426395,50.12562],[14.426643,50.125714],[14.426697,50.125728],[14.427141,50.125894],[14.427667,50.126077],[14.427718,50.1261],[14.428111,50.126243],[14.428609,50.126424],[14.428936,50.126543],[14.429289,50.126674],[14.429932,50.126904],[14.430392,50.127062],[14.430904,50.127244],[14.431235,50.127345],[14.431437,50.127391],[14.431638,50.127445],[14.431651,50.127446],[14.43183,50.127471],[14.432115,50.127523],[14.43243,50.127569],[14.432873,50.127608],[14.433154,50.127615],[14.433392,50.127627],[14.433562,50.127624]]]]}},{"type":"Feature","properties":{"cislo":8093,"kod":31831,"mestskaCast":"praha-8"},"geometry":{"type":"Polygon","coordinates":[[[14.421158,50.126935],[14.421558,50.126916],[14.421658,50.126907],[14.422259,50.12687],[14.423218,50.126809],[14.424918,50.126714],[14.424791,50.126322],[14.424756,50.126219],[14.424748,50.126128],[14.424745,50.126073],[14.424938,50.125237],[14.423652,50.123777],[14.423652,50.123777],[14.423649,50.12378],[14.422906,50.123971],[14.422582,50.124068],[14.422451,50.124135],[14.422292,50.12417],[14.422105,50.124211],[14.42186,50.124217],[14.421637,50.124243],[14.421376,50.124288],[14.421206,50.124317],[14.421142,50.124304],[14.421096,50.124295],[14.420488,50.124292],[14.420194,50.124314],[14.419577,50.124353],[14.419499,50.124272],[14.418727,50.124309],[14.418298,50.124329],[14.41759,50.124389],[14.416815,50.124392],[14.416758,50.124388],[14.416565,50.124375],[14.416376,50.124529],[14.416564,50.125398],[14.416579,50.125507],[14.416669,50.126121],[14.419817,50.125946],[14.421016,50.125888],[14.421153,50.126836],[14.421158,50.126935]]]}},{"type":"Feature","properties":{"cislo":8094,"kod":31833,"mestskaCast":"praha-8"},"geometry":{"type":"Polygon","coordinates":[[[14.398092,50.143448],[14.398929,50.143389],[14.399071,50.143379],[14.399148,50.143374],[14.399213,50.143512],[14.399148,50.143526],[14.399157,50.143548],[14.399183,50.143614],[14.399188,50.143625],[14.399204,50.143659],[14.399235,50.143728],[14.399291,50.143848],[14.399246,50.144016],[14.399252,50.144087],[14.399573,50.145276],[14.399701,50.145809],[14.399821,50.146343],[14.399883,50.14661],[14.399965,50.147057],[14.400087,50.147778],[14.399974,50.147906],[14.400281,50.147864],[14.400609,50.14782],[14.400781,50.147797],[14.401058,50.147786],[14.401411,50.147743],[14.401933,50.147665],[14.402164,50.147571],[14.402413,50.147543],[14.402649,50.147573],[14.402922,50.14762],[14.403333,50.147592],[14.40361,50.147507],[14.40387,50.147378],[14.404093,50.147355],[14.404507,50.147265],[14.404723,50.147222],[14.405014,50.147153],[14.405205,50.147136],[14.405815,50.147124],[14.406153,50.147042],[14.406838,50.146983],[14.407121,50.146977],[14.407721,50.147605],[14.407857,50.147605],[14.408036,50.147542],[14.408728,50.147613],[14.409154,50.147578],[14.409932,50.147723],[14.410201,50.147823],[14.410483,50.147829],[14.410992,50.147831],[14.411108,50.147863],[14.411188,50.147976],[14.411387,50.148106],[14.411526,50.148108],[14.411758,50.148041],[14.411931,50.148065],[14.412102,50.148113],[14.412573,50.148229],[14.413268,50.148197],[14.413741,50.148171],[14.414019,50.148202],[14.414574,50.148141],[14.414988,50.148294],[14.415224,50.148353],[14.415423,50.148373],[14.415425,50.148365],[14.415427,50.148356],[14.41547,50.148287],[14.415721,50.148037],[14.416478,50.147868],[14.416644,50.147619],[14.41693,50.147209],[14.416987,50.147141],[14.416909,50.147107],[14.416964,50.146985],[14.416965,50.146976],[14.416819,50.146936],[14.416769,50.146968],[14.416768,50.146977],[14.416615,50.146963],[14.415688,50.146872],[14.415605,50.146865],[14.415603,50.14681],[14.415632,50.146214],[14.415666,50.14579],[14.415592,50.144685],[14.415467,50.144148],[14.415346,50.143656],[14.414366,50.143751],[14.414237,50.143495],[14.414232,50.143385],[14.414338,50.143286],[14.414384,50.143072],[14.414337,50.142895],[14.414258,50.142671],[14.414541,50.142605],[14.415024,50.142457],[14.415267,50.142115],[14.415443,50.141886],[14.415628,50.141748],[14.416652,50.141584],[14.417372,50.141648],[14.417372,50.141585],[14.417383,50.141531],[14.417385,50.141459],[14.417393,50.141287],[14.417389,50.141241],[14.417285,50.140669],[14.417369,50.140278],[14.417535,50.140165],[14.41831,50.139907],[14.418608,50.139834],[14.419099,50.139786],[14.419696,50.139766],[14.4197,50.139749],[14.419703,50.139667],[14.419705,50.139658],[14.419707,50.139649],[14.419713,50.139623],[14.419715,50.139614],[14.41971,50.139504],[14.419724,50.139506],[14.419701,50.139413],[14.419702,50.13934],[14.419704,50.139331],[14.419713,50.139223],[14.419709,50.139178],[14.419715,50.139151],[14.419706,50.139059],[14.419706,50.138996],[14.419707,50.13886],[14.419708,50.138787],[14.41971,50.138778],[14.422186,50.138426],[14.423198,50.138315],[14.423372,50.138294],[14.425053,50.138162],[14.425138,50.13816],[14.426846,50.13803],[14.427506,50.137979],[14.429903,50.137801],[14.429893,50.137782],[14.429893,50.137646],[14.429901,50.13761],[14.429909,50.136912],[14.42991,50.136712],[14.429913,50.136368],[14.42992,50.136005],[14.429913,50.135968],[14.429917,50.135887],[14.430045,50.13588],[14.430101,50.135885],[14.430158,50.135881],[14.430229,50.135878],[14.430164,50.135854],[14.430128,50.135824],[14.43011,50.135777],[14.430103,50.135014],[14.430097,50.134977],[14.430083,50.133061],[14.430023,50.132684],[14.429608,50.132711],[14.42938,50.132718],[14.429179,50.132736],[14.429064,50.132744],[14.428947,50.132761],[14.428859,50.13278],[14.42873,50.132787],[14.428602,50.132794],[14.428358,50.132809],[14.427384,50.132877],[14.426524,50.132937],[14.425448,50.133014],[14.423914,50.133124],[14.422481,50.133224],[14.418884,50.133469],[14.41882,50.133309],[14.418696,50.132962],[14.418682,50.132897],[14.418645,50.132803],[14.418706,50.132718],[14.419196,50.132607],[14.419493,50.13247],[14.419476,50.132223],[14.419471,50.132177],[14.419423,50.132137],[14.419336,50.132084],[14.419052,50.131895],[14.419026,50.131684],[14.419032,50.131657],[14.419001,50.131473],[14.418964,50.131116],[14.418549,50.131143],[14.417948,50.13118],[14.417863,50.131182],[14.417778,50.131183],[14.417695,50.131176],[14.417655,50.131163],[14.417452,50.131191],[14.417264,50.131211],[14.415678,50.131297],[14.415435,50.131312],[14.415306,50.131319],[14.414834,50.131349],[14.414577,50.131363],[14.414205,50.131385],[14.41359,50.131421],[14.41342,50.131424],[14.412847,50.131464],[14.411463,50.131532],[14.411061,50.13156],[14.411053,50.131732],[14.4111,50.131908],[14.411104,50.132018],[14.411189,50.132016],[14.411591,50.131988],[14.41162,50.131982],[14.411635,50.13211],[14.411664,50.132503],[14.412022,50.13248],[14.412024,50.132535],[14.412048,50.132755],[14.412063,50.132883],[14.412064,50.13301],[14.412075,50.133156],[14.412071,50.133238],[14.412084,50.133311],[14.412072,50.133365],[14.412071,50.133437],[14.412068,50.133519],[14.412072,50.133564],[14.412067,50.133718],[14.412063,50.133736],[14.412081,50.133919],[14.412082,50.134046],[14.411937,50.134061],[14.41189,50.134084],[14.411839,50.134125],[14.411812,50.134186],[14.411808,50.134267],[14.411805,50.134349],[14.41179,50.13442],[14.411776,50.134482],[14.411798,50.134511],[14.411827,50.134641],[14.411754,50.134653],[14.411724,50.134659],[14.411747,50.134815],[14.411746,50.134888],[14.41174,50.134915],[14.411736,50.134932],[14.411721,50.13494],[14.411717,50.134958],[14.411701,50.134966],[14.411671,50.134972],[14.411656,50.13498],[14.411628,50.134977],[14.411559,50.134971],[14.411216,50.134923],[14.410804,50.134868],[14.410392,50.134813],[14.409953,50.134756],[14.409557,50.134694],[14.409145,50.134639],[14.409103,50.134636],[14.408871,50.134597],[14.408802,50.134591],[14.408774,50.134589],[14.408687,50.134599],[14.4086,50.134609],[14.40807,50.134644],[14.407942,50.134651],[14.407699,50.134666],[14.407284,50.134692],[14.406854,50.134718],[14.406643,50.134781],[14.406115,50.134807],[14.405558,50.134839],[14.405113,50.134872],[14.404957,50.134877],[14.404399,50.134909],[14.404385,50.134908],[14.404371,50.134906],[14.404359,50.134896],[14.404361,50.134887],[14.404324,50.13473],[14.404304,50.134628],[14.404285,50.134518],[14.404232,50.134304],[14.404224,50.134276],[14.404216,50.134248],[14.40416,50.13418],[14.404135,50.134096],[14.404127,50.134068],[14.403987,50.134065],[14.40372,50.134059],[14.403635,50.134061],[14.402583,50.134094],[14.401865,50.134212],[14.401621,50.1343],[14.401213,50.13449],[14.401002,50.133891],[14.400521,50.132714],[14.40156,50.132543],[14.401101,50.132311],[14.401156,50.131989],[14.402136,50.131768],[14.401861,50.131008],[14.400496,50.130451],[14.400496,50.130452],[14.399561,50.1312],[14.398453,50.131759],[14.396682,50.132616],[14.394793,50.133574],[14.393519,50.134381],[14.392494,50.135483],[14.392297,50.136231],[14.392651,50.137242],[14.393783,50.138276],[14.394806,50.138944],[14.395556,50.139573],[14.39627,50.140215],[14.396793,50.140796],[14.397411,50.141871],[14.397431,50.141905],[14.397776,50.142595],[14.398007,50.143056],[14.398092,50.143448]]]}},{"type":"Feature","properties":{"cislo":8095,"kod":31835,"mestskaCast":"praha-8"},"geometry":{"type":"Polygon","coordinates":[[[14.408192,50.133947],[14.408219,50.133949],[14.408463,50.133935],[14.408751,50.133906],[14.408819,50.133984],[14.408887,50.134063],[14.409006,50.134101],[14.409252,50.134141],[14.410077,50.134241],[14.410859,50.134347],[14.41142,50.134433],[14.411776,50.134482],[14.41179,50.13442],[14.411805,50.134349],[14.411808,50.134267],[14.411812,50.134186],[14.411839,50.134125],[14.41189,50.134084],[14.411937,50.134061],[14.412082,50.134046],[14.412081,50.133919],[14.412063,50.133736],[14.412067,50.133718],[14.412072,50.133564],[14.412068,50.133519],[14.412071,50.133437],[14.412072,50.133365],[14.412084,50.133311],[14.412071,50.133238],[14.412075,50.133156],[14.412064,50.13301],[14.412063,50.132883],[14.412048,50.132755],[14.412024,50.132535],[14.412022,50.13248],[14.411664,50.132503],[14.411635,50.13211],[14.41162,50.131982],[14.411591,50.131988],[14.411189,50.132016],[14.411104,50.132018],[14.4111,50.131908],[14.411053,50.131732],[14.411061,50.13156],[14.410763,50.13157],[14.410272,50.131554],[14.409841,50.131524],[14.409886,50.131973],[14.409932,50.132349],[14.409728,50.132377],[14.409598,50.132392],[14.409428,50.132396],[14.409242,50.132406],[14.409042,50.132416],[14.408876,50.132401],[14.40868,50.132393],[14.408554,50.132391],[14.408051,50.132428],[14.40714,50.132465],[14.407312,50.133833],[14.407326,50.133834],[14.40734,50.133835],[14.407665,50.1339],[14.407857,50.133926],[14.407913,50.133931],[14.408051,50.133944],[14.408192,50.133947]]]}},{"type":"Feature","properties":{"cislo":8096,"kod":31837,"mestskaCast":"praha-8"},"geometry":{"type":"Polygon","coordinates":[[[14.40156,50.132543],[14.400521,50.132714],[14.401002,50.133891],[14.401213,50.13449],[14.401621,50.1343],[14.401865,50.134212],[14.402583,50.134094],[14.403635,50.134061],[14.40372,50.134059],[14.403987,50.134065],[14.404127,50.134068],[14.404248,50.133507],[14.404302,50.133385],[14.404345,50.133316],[14.404384,50.133464],[14.40441,50.133739],[14.404435,50.133886],[14.404479,50.133945],[14.404562,50.134016],[14.404705,50.134074],[14.404842,50.134095],[14.405213,50.134073],[14.405457,50.134059],[14.4059,50.134034],[14.406471,50.134003],[14.406772,50.133985],[14.406957,50.133974],[14.407004,50.13435],[14.408258,50.134361],[14.408192,50.133947],[14.408051,50.133944],[14.407913,50.133931],[14.407857,50.133926],[14.407665,50.1339],[14.40734,50.133835],[14.407326,50.133834],[14.407312,50.133833],[14.40714,50.132465],[14.406897,50.13248],[14.406497,50.132499],[14.406439,50.132176],[14.406273,50.132161],[14.406176,50.132153],[14.40577,50.132135],[14.405592,50.13211],[14.405343,50.132088],[14.404927,50.132115],[14.404427,50.132143],[14.40437,50.132147],[14.404269,50.132156],[14.404149,50.132255],[14.404096,50.132304],[14.404023,50.132316],[14.403851,50.132328],[14.403596,50.132333],[14.403366,50.132349],[14.402653,50.132385],[14.402392,50.132417],[14.40156,50.132543]]]}},{"type":"Feature","properties":{"cislo":8097,"kod":31839,"mestskaCast":"praha-8"},"geometry":{"type":"Polygon","coordinates":[[[14.400496,50.130451],[14.401861,50.131008],[14.402136,50.131768],[14.401156,50.131989],[14.401101,50.132311],[14.40156,50.132543],[14.402392,50.132417],[14.402653,50.132385],[14.403366,50.132349],[14.403596,50.132333],[14.403851,50.132328],[14.404023,50.132316],[14.404096,50.132304],[14.404149,50.132255],[14.404269,50.132156],[14.40437,50.132147],[14.404427,50.132143],[14.404927,50.132115],[14.405343,50.132088],[14.405592,50.13211],[14.40577,50.132135],[14.406176,50.132153],[14.406273,50.132161],[14.406439,50.132176],[14.40666,50.132132],[14.406846,50.132122],[14.406991,50.132107],[14.40697,50.132005],[14.406951,50.131831],[14.40694,50.131685],[14.406934,50.131648],[14.406927,50.131548],[14.408212,50.13148],[14.408224,50.13149],[14.408276,50.13184],[14.408277,50.131903],[14.408291,50.131968],[14.408304,50.132042],[14.408743,50.132035],[14.409101,50.132013],[14.409415,50.131995],[14.409559,50.131981],[14.409886,50.131973],[14.409841,50.131524],[14.409506,50.131504],[14.408978,50.13153],[14.408969,50.131438],[14.408916,50.130962],[14.408885,50.130777],[14.408891,50.130751],[14.408868,50.130594],[14.40886,50.130566],[14.408874,50.130568],[14.40905,50.130538],[14.409011,50.130453],[14.408979,50.130404],[14.40893,50.130373],[14.408854,50.13033],[14.408792,50.130288],[14.408741,50.130265],[14.408687,50.130252],[14.408632,50.130247],[14.408592,50.130234],[14.408329,50.130211],[14.408266,50.130241],[14.408092,50.130326],[14.407926,50.130311],[14.407625,50.130266],[14.407006,50.13032],[14.406951,50.130316],[14.406826,50.130305],[14.40616,50.130318],[14.405968,50.130292],[14.405624,50.130316],[14.405632,50.130344],[14.405527,50.130307],[14.405395,50.130196],[14.405395,50.130196],[14.405253,50.130167],[14.405189,50.130154],[14.405113,50.129915],[14.405001,50.129934],[14.404822,50.129984],[14.404716,50.129987],[14.404584,50.129943],[14.404479,50.129888],[14.404306,50.129849],[14.404054,50.129923],[14.40395,50.130017],[14.403646,50.130085],[14.403458,50.130159],[14.403203,50.130231],[14.402863,50.130073],[14.402763,50.129962],[14.402697,50.129888],[14.402488,50.129731],[14.402238,50.129632],[14.402047,50.129556],[14.4019,50.129535],[14.401729,50.12951],[14.400874,50.129388],[14.400496,50.130451]]]}},{"type":"Feature","properties":{"cislo":8098,"kod":31841,"mestskaCast":"praha-8"},"geometry":{"type":"Polygon","coordinates":[[[14.40714,50.132465],[14.408051,50.132428],[14.408554,50.132391],[14.40868,50.132393],[14.408876,50.132401],[14.409042,50.132416],[14.409242,50.132406],[14.409428,50.132396],[14.409598,50.132392],[14.409728,50.132377],[14.409932,50.132349],[14.409886,50.131973],[14.409559,50.131981],[14.409415,50.131995],[14.409101,50.132013],[14.408743,50.132035],[14.408304,50.132042],[14.408291,50.131968],[14.408277,50.131903],[14.408276,50.13184],[14.408224,50.13149],[14.408212,50.13148],[14.406927,50.131548],[14.406934,50.131648],[14.40694,50.131685],[14.406951,50.131831],[14.40697,50.132005],[14.406991,50.132107],[14.406846,50.132122],[14.40666,50.132132],[14.406439,50.132176],[14.406497,50.132499],[14.406897,50.13248],[14.40714,50.132465]]]}},{"type":"Feature","properties":{"cislo":8099,"kod":31843,"mestskaCast":"praha-8"},"geometry":{"type":"Polygon","coordinates":[[[14.413465,50.130557],[14.415308,50.130457],[14.415156,50.129318],[14.416629,50.12923],[14.416546,50.129223],[14.41648,50.129199],[14.416437,50.129141],[14.416416,50.129039],[14.41639,50.129028],[14.416339,50.129005],[14.416301,50.128983],[14.416184,50.128937],[14.415927,50.12895],[14.415683,50.128965],[14.415426,50.128979],[14.415183,50.128993],[14.414924,50.129016],[14.414788,50.129058],[14.414636,50.129108],[14.414605,50.129124],[14.414559,50.129138],[14.414544,50.129145],[14.414469,50.129166],[14.413539,50.12922],[14.413025,50.129247],[14.412982,50.129252],[14.412853,50.129259],[14.412381,50.12929],[14.411394,50.129348],[14.411295,50.129348],[14.411194,50.129357],[14.411153,50.129354],[14.411066,50.129364],[14.410123,50.129417],[14.409294,50.129461],[14.408707,50.1295],[14.408678,50.129506],[14.40866,50.129523],[14.408688,50.129789],[14.408731,50.130047],[14.408687,50.130252],[14.408741,50.130265],[14.408792,50.130288],[14.408854,50.13033],[14.40893,50.130373],[14.408979,50.130404],[14.409011,50.130453],[14.40905,50.130538],[14.40933,50.130481],[14.409735,50.130435],[14.409773,50.13052],[14.409844,50.130653],[14.409981,50.130738],[14.410161,50.130754],[14.411219,50.130694],[14.413465,50.130557]]]}},{"type":"Feature","properties":{"cislo":8100,"kod":31845,"mestskaCast":"praha-8"},"geometry":{"type":"Polygon","coordinates":[[[14.41359,50.131421],[14.414205,50.131385],[14.414577,50.131363],[14.414834,50.131349],[14.415306,50.131319],[14.415435,50.131312],[14.415678,50.131297],[14.417264,50.131211],[14.417452,50.131191],[14.417655,50.131163],[14.417576,50.130612],[14.417414,50.129454],[14.417391,50.129234],[14.417386,50.129188],[14.4171,50.129208],[14.416928,50.12922],[14.416843,50.129222],[14.416629,50.12923],[14.415156,50.129318],[14.415308,50.130457],[14.413465,50.130557],[14.413475,50.130639],[14.41349,50.130768],[14.41359,50.131421]]]}},{"type":"Feature","properties":{"cislo":8101,"kod":31847,"mestskaCast":"praha-8"},"geometry":{"type":"Polygon","coordinates":[[[14.40905,50.130538],[14.408874,50.130568],[14.40886,50.130566],[14.408868,50.130594],[14.408891,50.130751],[14.408885,50.130777],[14.408916,50.130962],[14.408969,50.131438],[14.408978,50.13153],[14.409506,50.131504],[14.409841,50.131524],[14.410272,50.131554],[14.410763,50.13157],[14.411061,50.13156],[14.411463,50.131532],[14.412847,50.131464],[14.41342,50.131424],[14.41359,50.131421],[14.41349,50.130768],[14.413475,50.130639],[14.413465,50.130557],[14.411219,50.130694],[14.410161,50.130754],[14.409981,50.130738],[14.409844,50.130653],[14.409773,50.13052],[14.409735,50.130435],[14.40933,50.130481],[14.40905,50.130538]]]}},{"type":"Feature","properties":{"cislo":8102,"kod":31849,"mestskaCast":"praha-8"},"geometry":{"type":"Polygon","coordinates":[[[14.42349,50.131344],[14.423914,50.133124],[14.425448,50.133014],[14.426524,50.132937],[14.427384,50.132877],[14.428358,50.132809],[14.428602,50.132794],[14.42873,50.132787],[14.428859,50.13278],[14.428947,50.132761],[14.429064,50.132744],[14.428953,50.132734],[14.428858,50.132717],[14.428739,50.132679],[14.42856,50.132591],[14.428409,50.132505],[14.428339,50.132435],[14.428243,50.13229],[14.428033,50.131954],[14.428001,50.131906],[14.427927,50.131791],[14.427856,50.131657],[14.427836,50.131619],[14.427602,50.131263],[14.42746,50.131069],[14.42735,50.130986],[14.427227,50.130903],[14.427072,50.130835],[14.427046,50.130823],[14.426914,50.130784],[14.426739,50.130742],[14.426561,50.130717],[14.426351,50.130707],[14.42608,50.13072],[14.425509,50.130751],[14.425408,50.13076],[14.424922,50.13079],[14.424422,50.130818],[14.423765,50.130851],[14.423832,50.131329],[14.423791,50.131325],[14.42349,50.131344]]]}},{"type":"Feature","properties":{"cislo":8103,"kod":31851,"mestskaCast":"praha-8"},"geometry":{"type":"Polygon","coordinates":[[[14.418964,50.131116],[14.419001,50.131473],[14.419032,50.131657],[14.419026,50.131684],[14.419052,50.131895],[14.419336,50.132084],[14.419423,50.132137],[14.419471,50.132177],[14.419476,50.132223],[14.419493,50.13247],[14.419196,50.132607],[14.418706,50.132718],[14.418645,50.132803],[14.418682,50.132897],[14.418696,50.132962],[14.41882,50.133309],[14.418884,50.133469],[14.422481,50.133224],[14.423914,50.133124],[14.42349,50.131344],[14.423433,50.131348],[14.423077,50.131362],[14.423037,50.131086],[14.423015,50.130993],[14.423008,50.130893],[14.42262,50.130922],[14.422122,50.130941],[14.421493,50.130977],[14.421122,50.130998],[14.420821,50.131017],[14.419965,50.131059],[14.419593,50.131081],[14.419136,50.131104],[14.418964,50.131116]]]}},{"type":"Feature","properties":{"cislo":8104,"kod":31853,"mestskaCast":"praha-8"},"geometry":{"type":"Polygon","coordinates":[[[14.413912,50.127347],[14.414027,50.127339],[14.414371,50.127315],[14.416815,50.127177],[14.416669,50.126121],[14.416579,50.125507],[14.416564,50.125398],[14.416376,50.124529],[14.416119,50.124456],[14.415624,50.124508],[14.415351,50.1245],[14.415489,50.124596],[14.415621,50.124642],[14.415732,50.124718],[14.415834,50.124823],[14.415839,50.124828],[14.415933,50.124898],[14.416093,50.125094],[14.41612,50.125128],[14.416124,50.125205],[14.415897,50.125212],[14.415759,50.125212],[14.415619,50.125209],[14.415478,50.125205],[14.415339,50.125199],[14.4152,50.125189],[14.415061,50.125181],[14.414921,50.125168],[14.414795,50.125154],[14.414648,50.125136],[14.414512,50.125115],[14.414377,50.125092],[14.414165,50.125051],[14.413976,50.125006],[14.41396,50.125084],[14.413957,50.125112],[14.413939,50.125293],[14.413641,50.125175],[14.41365,50.12516],[14.413625,50.125153],[14.413585,50.125143],[14.413417,50.125099],[14.413368,50.125127],[14.413198,50.125229],[14.413187,50.125236],[14.413119,50.125276],[14.413038,50.125215],[14.412973,50.125167],[14.412734,50.124907],[14.412703,50.124866],[14.412654,50.124882],[14.412592,50.124903],[14.412544,50.124919],[14.412482,50.124859],[14.412239,50.124744],[14.412098,50.124713],[14.411416,50.124866],[14.41046,50.125148],[14.410053,50.125281],[14.409398,50.1255],[14.408973,50.125634],[14.408912,50.125656],[14.408797,50.125708],[14.40868,50.125777],[14.40859,50.125858],[14.408526,50.125935],[14.408476,50.126023],[14.408428,50.126134],[14.408339,50.126344],[14.408167,50.126748],[14.408167,50.126748],[14.408168,50.126748],[14.408265,50.126756],[14.408585,50.126775],[14.409014,50.12675],[14.409356,50.126735],[14.409546,50.126706],[14.409726,50.126659],[14.410526,50.126612],[14.411254,50.126576],[14.411511,50.126563],[14.411841,50.126537],[14.412284,50.126513],[14.412359,50.126492],[14.412508,50.126388],[14.41266,50.126274],[14.412764,50.126183],[14.413735,50.126133],[14.413912,50.127347]]]}},{"type":"Feature","properties":{"cislo":8105,"kod":31855,"mestskaCast":"praha-8"},"geometry":{"type":"MultiPolygon","coordinates":[[[[14.405395,50.130196],[14.405395,50.130196],[14.405527,50.130307],[14.405632,50.130344],[14.405624,50.130316],[14.405968,50.130292],[14.40616,50.130318],[14.406826,50.130305],[14.406951,50.130316],[14.407006,50.13032],[14.407625,50.130266],[14.407926,50.130311],[14.408092,50.130326],[14.408266,50.130241],[14.408329,50.130211],[14.408592,50.130234],[14.408632,50.130247],[14.408687,50.130252],[14.408731,50.130047],[14.408688,50.129789],[14.40866,50.129523],[14.408937,50.128822],[14.40891,50.128619],[14.409812,50.128563],[14.409668,50.127588],[14.408896,50.127629],[14.408637,50.127651],[14.408382,50.127656],[14.408309,50.127078],[14.408166,50.126956],[14.408036,50.12695],[14.408022,50.126949],[14.407109,50.126902],[14.406873,50.127067],[14.40686,50.127221],[14.406827,50.127597],[14.406822,50.127651],[14.406808,50.127814],[14.406803,50.12787],[14.406819,50.128018],[14.406869,50.128024],[14.406772,50.128241],[14.406752,50.128273],[14.406664,50.128416],[14.406443,50.128662],[14.406213,50.128851],[14.406159,50.128896],[14.406129,50.128918],[14.406097,50.128948],[14.40607,50.128978],[14.406047,50.129012],[14.406035,50.12905],[14.406029,50.129083],[14.406027,50.129113],[14.406029,50.129151],[14.40604,50.129188],[14.406067,50.129226],[14.406102,50.129259],[14.406143,50.129284],[14.406204,50.129309],[14.406263,50.129325],[14.406332,50.129339],[14.406399,50.129346],[14.406598,50.129335],[14.406498,50.129556],[14.406463,50.129634],[14.406435,50.129975],[14.406419,50.130226],[14.405726,50.130081],[14.405401,50.130197],[14.405395,50.130196]]],[[[14.412726,50.127414],[14.412735,50.127506],[14.412785,50.127928],[14.412971,50.127917],[14.413214,50.127902],[14.413614,50.127883],[14.413701,50.127873],[14.414403,50.127826],[14.414508,50.128589],[14.414559,50.128875],[14.414584,50.129022],[14.41459,50.129059],[14.414605,50.129124],[14.414636,50.129108],[14.414788,50.129058],[14.414924,50.129016],[14.415183,50.128993],[14.415426,50.128979],[14.415683,50.128965],[14.415927,50.12895],[14.416184,50.128937],[14.416301,50.128983],[14.416339,50.129005],[14.41639,50.129028],[14.416416,50.129039],[14.416437,50.129141],[14.41648,50.129199],[14.416546,50.129223],[14.416629,50.12923],[14.416843,50.129222],[14.416928,50.12922],[14.4171,50.129208],[14.417386,50.129188],[14.417313,50.12861],[14.417159,50.12748],[14.417115,50.127159],[14.416815,50.127177],[14.414371,50.127315],[14.414027,50.127339],[14.413912,50.127347],[14.413185,50.127382],[14.412726,50.127414]]]]}},{"type":"Feature","properties":{"cislo":8106,"kod":31857,"mestskaCast":"praha-8"},"geometry":{"type":"Polygon","coordinates":[[[14.408166,50.126956],[14.408309,50.127078],[14.408382,50.127656],[14.408637,50.127651],[14.408896,50.127629],[14.409668,50.127588],[14.410395,50.127553],[14.411666,50.127484],[14.412297,50.12744],[14.412412,50.127432],[14.412726,50.127414],[14.413185,50.127382],[14.413912,50.127347],[14.413735,50.126133],[14.412764,50.126183],[14.41266,50.126274],[14.412508,50.126388],[14.412359,50.126492],[14.412284,50.126513],[14.411841,50.126537],[14.411511,50.126563],[14.411254,50.126576],[14.410526,50.126612],[14.409726,50.126659],[14.409546,50.126706],[14.409356,50.126735],[14.409014,50.12675],[14.408585,50.126775],[14.408265,50.126756],[14.408168,50.126748],[14.408167,50.126748],[14.408167,50.126748],[14.408157,50.126772],[14.40812,50.126854],[14.408129,50.126921],[14.408169,50.126957],[14.408166,50.126956]]]}}]}
