{"type":"FeatureCollection","features":[{"type":"Feature","properties":{"cislo":4001,"kod":26127,"mestskaCast":"praha-4"},"geometry":{"type":"Polygon","coordinates":[[[14.438521,50.066915],[14.438559,50.066872],[14.438615,50.066813],[14.438765,50.066657],[14.438834,50.066578],[14.439043,50.066565],[14.439344,50.066555],[14.439419,50.066561],[14.439543,50.066576],[14.439683,50.066602],[14.439888,50.0666],[14.439928,50.066595],[14.440007,50.066585],[14.440067,50.066588],[14.440122,50.066591],[14.440157,50.066592],[14.440404,50.066546],[14.440454,50.066543],[14.440551,50.066513],[14.440742,50.066454],[14.440749,50.066451],[14.440772,50.066444],[14.44079,50.066439],[14.440866,50.066419],[14.441084,50.066354],[14.441097,50.066351],[14.441152,50.066335],[14.44118,50.066327],[14.441243,50.066304],[14.441311,50.06628],[14.441325,50.066275],[14.44132,50.066257],[14.441315,50.066238],[14.441335,50.066231],[14.441341,50.066229],[14.44138,50.066218],[14.441598,50.06615],[14.441661,50.066131],[14.441712,50.066115],[14.441806,50.066086],[14.441857,50.066071],[14.441874,50.066064],[14.44203,50.066009],[14.442056,50.065999],[14.44212,50.065974],[14.442139,50.065966],[14.442369,50.065877],[14.442384,50.065893],[14.442712,50.065759],[14.442723,50.065755],[14.442901,50.065681],[14.442978,50.065649],[14.443065,50.065613],[14.444111,50.065178],[14.444137,50.065167],[14.444137,50.065167],[14.444134,50.065165],[14.444117,50.065046],[14.444092,50.064635],[14.444118,50.064183],[14.44347,50.064181],[14.442879,50.064174],[14.442739,50.06417],[14.441251,50.064139],[14.440844,50.06433],[14.440813,50.064345],[14.440704,50.06439],[14.440657,50.064413],[14.440498,50.064499],[14.440366,50.064587],[14.440296,50.064653],[14.440276,50.064679],[14.440182,50.064788],[14.440047,50.064958],[14.43975,50.065295],[14.438607,50.064903],[14.437987,50.064703],[14.437882,50.064667],[14.437868,50.064666],[14.437761,50.064638],[14.437662,50.064638],[14.437493,50.064641],[14.437305,50.064661],[14.437104,50.06468],[14.436887,50.064706],[14.436671,50.064723],[14.436454,50.064749],[14.436223,50.064774],[14.435963,50.064806],[14.43576,50.064833],[14.435588,50.064845],[14.435401,50.064865],[14.435255,50.064888],[14.435239,50.064896],[14.435073,50.064945],[14.434864,50.064999],[14.434634,50.065087],[14.434248,50.065244],[14.434093,50.065312],[14.434167,50.065348],[14.434205,50.065386],[14.43421,50.065391],[14.434289,50.065469],[14.434291,50.06547],[14.434388,50.065431],[14.434432,50.065413],[14.434515,50.065466],[14.435025,50.065773],[14.435091,50.065813],[14.435445,50.066025],[14.435308,50.066021],[14.435207,50.066031],[14.43511,50.066069],[14.435297,50.066175],[14.435372,50.066136],[14.435968,50.066474],[14.436184,50.066737],[14.436223,50.066769],[14.436313,50.066846],[14.436396,50.066946],[14.436472,50.067036],[14.436544,50.067132],[14.436609,50.067236],[14.436667,50.067345],[14.436721,50.067454],[14.436768,50.06756],[14.436787,50.067616],[14.4368,50.067682],[14.436816,50.06776],[14.436836,50.067811],[14.436791,50.06784],[14.436817,50.067897],[14.436815,50.068021],[14.436815,50.068023],[14.43808,50.067178],[14.438381,50.066913],[14.438521,50.066915]]]}},{"type":"Feature","properties":{"cislo":4002,"kod":26129,"mestskaCast":"praha-4"},"geometry":{"type":"Polygon","coordinates":[[[14.434093,50.065312],[14.434248,50.065244],[14.434634,50.065087],[14.434864,50.064999],[14.435073,50.064945],[14.435239,50.064896],[14.435255,50.064888],[14.435401,50.064865],[14.435588,50.064845],[14.43576,50.064833],[14.435963,50.064806],[14.436223,50.064774],[14.436454,50.064749],[14.436671,50.064723],[14.436887,50.064706],[14.437104,50.06468],[14.437305,50.064661],[14.437493,50.064641],[14.437662,50.064638],[14.437761,50.064638],[14.437868,50.064666],[14.437882,50.064667],[14.437987,50.064703],[14.438607,50.064903],[14.43975,50.065295],[14.440047,50.064958],[14.440182,50.064788],[14.440186,50.064507],[14.440041,50.064458],[14.439978,50.064426],[14.439475,50.064272],[14.439043,50.064116],[14.438795,50.064021],[14.438706,50.063977],[14.438719,50.063915],[14.438725,50.063888],[14.438724,50.063825],[14.438686,50.06374],[14.43842,50.063398],[14.438237,50.063137],[14.43711,50.063065],[14.437082,50.063062],[14.436324,50.063113],[14.435795,50.063148],[14.435683,50.063147],[14.43557,50.063146],[14.435463,50.063119],[14.435356,50.063091],[14.435155,50.06311],[14.435052,50.063128],[14.434967,50.063129],[14.434711,50.063143],[14.43414,50.063174],[14.434,50.063171],[14.433757,50.063186],[14.433508,50.063227],[14.433303,50.063263],[14.433171,50.063288],[14.433067,50.063315],[14.432917,50.063356],[14.432811,50.063392],[14.432748,50.063423],[14.432596,50.063473],[14.432416,50.063521],[14.432162,50.063589],[14.431464,50.063754],[14.430486,50.063976],[14.430462,50.064419],[14.430453,50.064463],[14.430454,50.064467],[14.430739,50.064438],[14.43083,50.064429],[14.430829,50.064526],[14.430829,50.064572],[14.431014,50.06458],[14.431213,50.06459],[14.431396,50.064599],[14.431565,50.064609],[14.43174,50.064622],[14.431778,50.064625],[14.432106,50.064669],[14.432141,50.064675],[14.432189,50.064682],[14.432587,50.064766],[14.432651,50.064784],[14.432896,50.064856],[14.432968,50.064879],[14.433212,50.064954],[14.433358,50.065001],[14.433362,50.065003],[14.433437,50.065028],[14.433467,50.065041],[14.433695,50.065135],[14.433822,50.065188],[14.433922,50.06523],[14.433925,50.065231],[14.433932,50.065234],[14.433997,50.065264],[14.434093,50.065312]]]}},{"type":"Feature","properties":{"cislo":4003,"kod":26131,"mestskaCast":"praha-4"},"geometry":{"type":"Polygon","coordinates":[[[14.440182,50.064788],[14.440276,50.064679],[14.440296,50.064653],[14.440366,50.064587],[14.440498,50.064499],[14.440657,50.064413],[14.440704,50.06439],[14.440813,50.064345],[14.440844,50.06433],[14.441251,50.064139],[14.441391,50.064079],[14.441438,50.064056],[14.442225,50.063671],[14.442397,50.063596],[14.442757,50.063428],[14.442898,50.063359],[14.442792,50.063131],[14.442738,50.063054],[14.442692,50.063005],[14.44263,50.062963],[14.442604,50.062952],[14.442565,50.062939],[14.442499,50.062915],[14.440693,50.062792],[14.440193,50.062756],[14.439819,50.062723],[14.439181,50.062676],[14.438847,50.062656],[14.438639,50.062637],[14.437072,50.062517],[14.435823,50.062424],[14.435794,50.062558],[14.435756,50.062736],[14.435725,50.062815],[14.435659,50.062927],[14.435555,50.063018],[14.435356,50.063091],[14.435463,50.063119],[14.43557,50.063146],[14.435683,50.063147],[14.435795,50.063148],[14.436324,50.063113],[14.437082,50.063062],[14.43711,50.063065],[14.438237,50.063137],[14.43842,50.063398],[14.438686,50.06374],[14.438724,50.063825],[14.438725,50.063888],[14.438719,50.063915],[14.438706,50.063977],[14.438795,50.064021],[14.439043,50.064116],[14.439475,50.064272],[14.439978,50.064426],[14.440041,50.064458],[14.440186,50.064507],[14.440182,50.064788]]]}},{"type":"Feature","properties":{"cislo":4004,"kod":26133,"mestskaCast":"praha-4"},"geometry":{"type":"Polygon","coordinates":[[[14.445657,50.064374],[14.445657,50.064374],[14.445657,50.064374],[14.445462,50.06423],[14.445183,50.06415],[14.445236,50.063701],[14.445359,50.063258],[14.445398,50.063207],[14.445263,50.063177],[14.444741,50.06305],[14.444265,50.062899],[14.444253,50.062889],[14.444188,50.062865],[14.444043,50.062816],[14.443853,50.062917],[14.443146,50.063254],[14.443054,50.063291],[14.442898,50.063359],[14.442757,50.063428],[14.442397,50.063596],[14.442225,50.063671],[14.441438,50.064056],[14.441391,50.064079],[14.441251,50.064139],[14.442739,50.06417],[14.442879,50.064174],[14.44347,50.064181],[14.444118,50.064183],[14.444092,50.064635],[14.444117,50.065046],[14.444134,50.065165],[14.444137,50.065167],[14.444137,50.065167],[14.444243,50.065123],[14.444457,50.065035],[14.444461,50.065023],[14.44451,50.065],[14.444512,50.065013],[14.445343,50.064662],[14.445374,50.064565],[14.44544,50.064574],[14.445472,50.064465],[14.44555,50.064476],[14.445575,50.064374],[14.44563,50.064383],[14.445657,50.064374]]]}},{"type":"Feature","properties":{"cislo":4005,"kod":26135,"mestskaCast":"praha-4"},"geometry":{"type":"Polygon","coordinates":[[[14.436057,50.060603],[14.436015,50.061062],[14.435959,50.061656],[14.435874,50.062184],[14.435865,50.062228],[14.435851,50.062291],[14.435823,50.062424],[14.437072,50.062517],[14.438639,50.062637],[14.438847,50.062656],[14.439181,50.062676],[14.439819,50.062723],[14.439842,50.062617],[14.439928,50.062279],[14.439932,50.062261],[14.439993,50.061976],[14.440014,50.061878],[14.440336,50.061889],[14.440626,50.061914],[14.440931,50.061941],[14.442184,50.062016],[14.442395,50.062016],[14.442373,50.061924],[14.442144,50.061277],[14.441934,50.060542],[14.441905,50.060548],[14.441452,50.060554],[14.440872,50.060566],[14.440605,50.06056],[14.440479,50.060558],[14.440309,50.060561],[14.439351,50.060558],[14.438193,50.060565],[14.436057,50.060603]]]}},{"type":"Feature","properties":{"cislo":4006,"kod":26137,"mestskaCast":"praha-4"},"geometry":{"type":"Polygon","coordinates":[[[14.442898,50.063359],[14.443054,50.063291],[14.443146,50.063254],[14.443853,50.062917],[14.444043,50.062816],[14.444153,50.062762],[14.444429,50.062595],[14.444688,50.062437],[14.445637,50.061885],[14.445467,50.061625],[14.445248,50.061661],[14.444625,50.061742],[14.443741,50.061854],[14.442754,50.061985],[14.442437,50.06202],[14.442395,50.062016],[14.442184,50.062016],[14.440931,50.061941],[14.440626,50.061914],[14.440336,50.061889],[14.440014,50.061878],[14.439993,50.061976],[14.439932,50.062261],[14.439928,50.062279],[14.439842,50.062617],[14.439819,50.062723],[14.440193,50.062756],[14.440693,50.062792],[14.442499,50.062915],[14.442565,50.062939],[14.442604,50.062952],[14.44263,50.062963],[14.442692,50.063005],[14.442738,50.063054],[14.442792,50.063131],[14.442898,50.063359]]]}},{"type":"Feature","properties":{"cislo":4007,"kod":26139,"mestskaCast":"praha-4"},"geometry":{"type":"Polygon","coordinates":[[[14.442144,50.061277],[14.442373,50.061924],[14.442395,50.062016],[14.442437,50.06202],[14.442754,50.061985],[14.443741,50.061854],[14.444625,50.061742],[14.445248,50.061661],[14.445467,50.061625],[14.445637,50.061885],[14.446312,50.061564],[14.44642,50.061519],[14.446792,50.061361],[14.447405,50.061134],[14.447838,50.060955],[14.447728,50.060872],[14.447394,50.060589],[14.447181,50.060397],[14.447096,50.060335],[14.446853,50.06035],[14.446582,50.060363],[14.446288,50.060355],[14.446129,50.060441],[14.445671,50.060672],[14.445074,50.060955],[14.444046,50.061082],[14.443772,50.061113],[14.442935,50.061202],[14.442245,50.061268],[14.442144,50.061277]]]}},{"type":"Feature","properties":{"cislo":4008,"kod":26141,"mestskaCast":"praha-4"},"geometry":{"type":"Polygon","coordinates":[[[14.444043,50.062816],[14.444188,50.062865],[14.444253,50.062889],[14.444265,50.062899],[14.444741,50.06305],[14.445263,50.063177],[14.445398,50.063207],[14.445359,50.063258],[14.445236,50.063701],[14.445183,50.06415],[14.445462,50.06423],[14.445657,50.064374],[14.445657,50.064374],[14.445657,50.064374],[14.446043,50.064255],[14.446136,50.064227],[14.446131,50.064215],[14.446751,50.063928],[14.446924,50.063852],[14.447099,50.06378],[14.447147,50.063761],[14.447587,50.063589],[14.447661,50.063567],[14.44768,50.063482],[14.447787,50.06291],[14.447708,50.062885],[14.446849,50.062619],[14.445867,50.062396],[14.445931,50.062293],[14.44613,50.061956],[14.446256,50.061695],[14.446262,50.061668],[14.446312,50.061564],[14.445637,50.061885],[14.444688,50.062437],[14.444429,50.062595],[14.444153,50.062762],[14.444043,50.062816]]]}},{"type":"Feature","properties":{"cislo":4009,"kod":26143,"mestskaCast":"praha-4"},"geometry":{"type":"Polygon","coordinates":[[[14.449423,50.061784],[14.449438,50.061713],[14.449571,50.06109],[14.449674,50.060609],[14.449678,50.060591],[14.449778,50.060518],[14.45015,50.060224],[14.450051,50.060161],[14.45,50.060138],[14.449962,50.060117],[14.449849,50.060052],[14.449731,50.059942],[14.449704,50.060003],[14.449587,50.060156],[14.449385,50.060311],[14.449241,50.060389],[14.449161,50.060436],[14.448436,50.060726],[14.447838,50.060955],[14.447405,50.061134],[14.446792,50.061361],[14.44642,50.061519],[14.446312,50.061564],[14.446262,50.061668],[14.446256,50.061695],[14.44613,50.061956],[14.445931,50.062293],[14.445867,50.062396],[14.446849,50.062619],[14.447708,50.062885],[14.447787,50.06291],[14.447829,50.062714],[14.447984,50.06192],[14.449056,50.062051],[14.449206,50.062074],[14.449386,50.06209],[14.449419,50.061802],[14.449423,50.061784]]]}},{"type":"Feature","properties":{"cislo":4010,"kod":26145,"mestskaCast":"praha-4"},"geometry":{"type":"Polygon","coordinates":[[[14.449826,50.062862],[14.4514,50.062391],[14.4514,50.062391],[14.451396,50.062385],[14.451297,50.062385],[14.451055,50.062328],[14.450812,50.062279],[14.450648,50.062256],[14.450665,50.062175],[14.450702,50.06207],[14.45082,50.061645],[14.450393,50.061598],[14.450366,50.061659],[14.450331,50.061756],[14.450108,50.061745],[14.450025,50.061738],[14.44997,50.061733],[14.449951,50.061822],[14.449423,50.061784],[14.449419,50.061802],[14.449386,50.06209],[14.449206,50.062074],[14.449056,50.062051],[14.447984,50.06192],[14.447829,50.062714],[14.447787,50.06291],[14.44768,50.063482],[14.447661,50.063567],[14.447779,50.063531],[14.447881,50.063485],[14.448013,50.063432],[14.448111,50.063395],[14.448325,50.063314],[14.448416,50.063283],[14.448561,50.063241],[14.44871,50.063198],[14.448857,50.063154],[14.449402,50.06299],[14.449478,50.062967],[14.449632,50.062921],[14.449821,50.062864],[14.449826,50.062862]]]}},{"type":"Feature","properties":{"cislo":4011,"kod":26147,"mestskaCast":"praha-4"},"geometry":{"type":"Polygon","coordinates":[[[14.4514,50.062391],[14.452029,50.062202],[14.452615,50.062026],[14.452703,50.061999],[14.452784,50.061977],[14.452827,50.061974],[14.452872,50.061973],[14.452896,50.061977],[14.452931,50.061982],[14.452973,50.06199],[14.453082,50.062018],[14.453118,50.062026],[14.453148,50.062036],[14.453193,50.062055],[14.453197,50.062057],[14.4532,50.062054],[14.453112,50.061874],[14.453048,50.061778],[14.452982,50.06169],[14.452876,50.06159],[14.452292,50.061221],[14.452044,50.061063],[14.451919,50.060988],[14.451757,50.060956],[14.451555,50.060911],[14.451499,50.060906],[14.451406,50.06088],[14.451266,50.060813],[14.450734,50.06053],[14.450379,50.060344],[14.450265,50.06028],[14.45019,50.060237],[14.45015,50.060224],[14.449778,50.060518],[14.449678,50.060591],[14.449674,50.060609],[14.449571,50.06109],[14.449438,50.061713],[14.449423,50.061784],[14.449951,50.061822],[14.44997,50.061733],[14.450025,50.061738],[14.450108,50.061745],[14.450331,50.061756],[14.450366,50.061659],[14.450393,50.061598],[14.45082,50.061645],[14.450702,50.06207],[14.450665,50.062175],[14.450648,50.062256],[14.450812,50.062279],[14.451055,50.062328],[14.451297,50.062385],[14.451396,50.062385],[14.4514,50.062391],[14.4514,50.062391]]]}},{"type":"Feature","properties":{"cislo":4012,"kod":26149,"mestskaCast":"praha-4"},"geometry":{"type":"Polygon","coordinates":[[[14.447096,50.060335],[14.447181,50.060397],[14.447394,50.060589],[14.447728,50.060872],[14.447838,50.060955],[14.448436,50.060726],[14.449161,50.060436],[14.449241,50.060389],[14.449385,50.060311],[14.449587,50.060156],[14.449704,50.060003],[14.449731,50.059942],[14.449764,50.059854],[14.449801,50.059612],[14.44962,50.059605],[14.449298,50.059595],[14.44891,50.059561],[14.448649,50.059529],[14.448635,50.059528],[14.44854,50.05951],[14.448445,50.059493],[14.448364,50.059476],[14.448151,50.059421],[14.447937,50.059366],[14.447725,50.059302],[14.447659,50.059278],[14.447522,50.059393],[14.447436,50.059467],[14.447326,50.059584],[14.447205,50.059692],[14.447085,50.05979],[14.446957,50.05986],[14.446826,50.059949],[14.446716,50.060002],[14.447002,50.060245],[14.44705,50.060286],[14.447096,50.060335]]]}},{"type":"Feature","properties":{"cislo":4013,"kod":26151,"mestskaCast":"praha-4"},"geometry":{"type":"Polygon","coordinates":[[[14.442144,50.061277],[14.442245,50.061268],[14.442935,50.061202],[14.443772,50.061113],[14.444046,50.061082],[14.445074,50.060955],[14.445671,50.060672],[14.446129,50.060441],[14.446288,50.060355],[14.446582,50.060363],[14.446853,50.06035],[14.447096,50.060335],[14.44705,50.060286],[14.447002,50.060245],[14.446716,50.060002],[14.446826,50.059949],[14.446957,50.05986],[14.447085,50.05979],[14.447205,50.059692],[14.447326,50.059584],[14.447436,50.059467],[14.447522,50.059393],[14.447659,50.059278],[14.447531,50.059221],[14.447271,50.059117],[14.446964,50.058971],[14.446589,50.058811],[14.446446,50.058753],[14.447515,50.058303],[14.447403,50.058103],[14.447266,50.058082],[14.447078,50.058038],[14.446547,50.057882],[14.446334,50.057827],[14.446043,50.057737],[14.445389,50.057562],[14.444969,50.057416],[14.444589,50.057282],[14.444343,50.057179],[14.444179,50.057092],[14.444155,50.057071],[14.443936,50.05717],[14.44389,50.057121],[14.443747,50.056999],[14.443663,50.057064],[14.44362,50.057197],[14.443592,50.05733],[14.443595,50.057449],[14.443639,50.05757],[14.443652,50.057708],[14.443667,50.057836],[14.443641,50.057961],[14.443607,50.057985],[14.44359,50.058002],[14.443544,50.058016],[14.443515,50.058022],[14.443208,50.05814],[14.443072,50.058183],[14.44293,50.058252],[14.442763,50.05831],[14.442595,50.058368],[14.442552,50.058373],[14.442357,50.058428],[14.442106,50.058479],[14.441844,50.058519],[14.441742,50.058537],[14.441609,50.058562],[14.441646,50.058919],[14.44177,50.059529],[14.442073,50.059628],[14.442529,50.059805],[14.443148,50.060005],[14.443066,50.060061],[14.44305,50.060069],[14.442946,50.060159],[14.442752,50.060278],[14.442592,50.060364],[14.442409,50.060429],[14.442167,50.060508],[14.441934,50.060542],[14.442144,50.061277]]]}},{"type":"Feature","properties":{"cislo":4014,"kod":26153,"mestskaCast":"praha-4"},"geometry":{"type":"Polygon","coordinates":[[[14.447602,50.056441],[14.446918,50.056608],[14.4468,50.056498],[14.446667,50.056395],[14.446052,50.056704],[14.445467,50.056997],[14.445444,50.056977],[14.44507,50.05668],[14.44501,50.05663],[14.444581,50.056855],[14.444155,50.057071],[14.444179,50.057092],[14.444343,50.057179],[14.444589,50.057282],[14.444969,50.057416],[14.445389,50.057562],[14.446043,50.057737],[14.446334,50.057827],[14.446547,50.057882],[14.447078,50.058038],[14.447266,50.058082],[14.447403,50.058103],[14.447428,50.058114],[14.447651,50.058061],[14.447716,50.058021],[14.447785,50.057964],[14.447829,50.057886],[14.447854,50.057771],[14.447788,50.057483],[14.447739,50.057252],[14.447733,50.057215],[14.447732,50.057152],[14.447718,50.057087],[14.447673,50.056965],[14.447645,50.056835],[14.447612,50.056724],[14.447591,50.056622],[14.447583,50.05653],[14.447598,50.056459],[14.447602,50.056441]]]}},{"type":"Feature","properties":{"cislo":4015,"kod":26155,"mestskaCast":"praha-4"},"geometry":{"type":"Polygon","coordinates":[[[14.446052,50.056704],[14.446667,50.056395],[14.4468,50.056498],[14.446918,50.056608],[14.447602,50.056441],[14.447615,50.056379],[14.447632,50.056299],[14.447681,50.056203],[14.447727,50.056117],[14.447776,50.056021],[14.447838,50.055927],[14.44793,50.055826],[14.448036,50.055726],[14.448075,50.055675],[14.448299,50.055486],[14.448318,50.055461],[14.448369,50.05542],[14.448412,50.055351],[14.448453,50.055291],[14.448452,50.055228],[14.44844,50.055154],[14.448408,50.055106],[14.448362,50.055056],[14.448299,50.055024],[14.448192,50.054996],[14.448067,50.054985],[14.44797,50.054976],[14.448061,50.054749],[14.448208,50.054126],[14.4484,50.05349],[14.449113,50.053054],[14.44941,50.052916],[14.449362,50.052876],[14.448322,50.052203],[14.448058,50.052116],[14.447563,50.05259],[14.447549,50.052589],[14.447514,50.052622],[14.444917,50.054289],[14.444901,50.054297],[14.445259,50.055064],[14.445068,50.055101],[14.44495,50.055127],[14.444772,50.055166],[14.444611,50.055197],[14.444493,50.055223],[14.444327,50.055272],[14.444669,50.055583],[14.445057,50.055881],[14.445417,50.056176],[14.445851,50.056523],[14.446052,50.056704]]]}},{"type":"Feature","properties":{"cislo":4016,"kod":26157,"mestskaCast":"praha-4"},"geometry":{"type":"Polygon","coordinates":[[[14.443747,50.056999],[14.44389,50.057121],[14.443936,50.05717],[14.444155,50.057071],[14.444581,50.056855],[14.44501,50.05663],[14.44507,50.05668],[14.445444,50.056977],[14.445467,50.056997],[14.446052,50.056704],[14.445851,50.056523],[14.445417,50.056176],[14.445057,50.055881],[14.444669,50.055583],[14.444327,50.055272],[14.444493,50.055223],[14.444611,50.055197],[14.444772,50.055166],[14.44495,50.055127],[14.445068,50.055101],[14.445259,50.055064],[14.444901,50.054297],[14.444917,50.054289],[14.443456,50.053144],[14.443264,50.053054],[14.443135,50.053061],[14.442888,50.05303],[14.442708,50.053014],[14.442503,50.052987],[14.442252,50.052974],[14.442042,50.052964],[14.441902,50.052961],[14.441677,50.052959],[14.441467,50.05295],[14.441341,50.052947],[14.441262,50.052986],[14.441152,50.05304],[14.441164,50.05305],[14.44126,50.053131],[14.441674,50.053503],[14.442242,50.053944],[14.442679,50.054736],[14.442613,50.054784],[14.441931,50.055269],[14.441782,50.055373],[14.441166,50.055818],[14.441067,50.055882],[14.441163,50.055963],[14.441275,50.0561],[14.441309,50.056203],[14.441437,50.056196],[14.442423,50.056138],[14.442436,50.056139],[14.442509,50.056127],[14.442809,50.056109],[14.442942,50.056084],[14.44294,50.056093],[14.442929,50.05621],[14.442925,50.056291],[14.442956,50.056348],[14.443049,50.056438],[14.443145,50.056519],[14.443218,50.056571],[14.44323,50.056581],[14.443338,50.056673],[14.443606,50.056869],[14.443693,50.056922],[14.443747,50.056999]]]}},{"type":"Feature","properties":{"cislo":4017,"kod":26159,"mestskaCast":"praha-4"},"geometry":{"type":"Polygon","coordinates":[[[14.438906,50.054647],[14.439144,50.054459],[14.439866,50.054841],[14.440019,50.054718],[14.440431,50.054437],[14.440449,50.05442],[14.441674,50.053503],[14.44126,50.053131],[14.441164,50.05305],[14.441152,50.05304],[14.441262,50.052986],[14.441341,50.052947],[14.441467,50.05295],[14.441677,50.052959],[14.441902,50.052961],[14.442042,50.052964],[14.442252,50.052974],[14.442503,50.052987],[14.442708,50.053014],[14.442888,50.05303],[14.443135,50.053061],[14.443264,50.053054],[14.443456,50.053144],[14.444917,50.054289],[14.447514,50.052622],[14.447549,50.052589],[14.447484,50.052429],[14.447331,50.052225],[14.447133,50.052026],[14.446848,50.051846],[14.445567,50.051306],[14.44549,50.051272],[14.445688,50.051135],[14.445298,50.051183],[14.444848,50.051243],[14.444532,50.051269],[14.444293,50.051266],[14.444109,50.051268],[14.443878,50.05123],[14.443593,50.051177],[14.443383,50.051104],[14.443213,50.051044],[14.443078,50.051014],[14.442968,50.051004],[14.442897,50.051007],[14.441838,50.050486],[14.441216,50.050096],[14.441135,50.050016],[14.44087,50.050265],[14.440604,50.050523],[14.4404,50.05075],[14.440152,50.051054],[14.439884,50.051385],[14.43971,50.051605],[14.439579,50.051757],[14.439281,50.05203],[14.439215,50.052079],[14.438468,50.052802],[14.437351,50.053811],[14.437452,50.053865],[14.437799,50.054023],[14.438392,50.054348],[14.438732,50.054541],[14.438906,50.054647]]]}},{"type":"Feature","properties":{"cislo":4018,"kod":26161,"mestskaCast":"praha-4"},"geometry":{"type":"Polygon","coordinates":[[[14.441067,50.055882],[14.441166,50.055818],[14.441782,50.055373],[14.441931,50.055269],[14.442613,50.054784],[14.442679,50.054736],[14.442242,50.053944],[14.441674,50.053503],[14.440449,50.05442],[14.440431,50.054437],[14.440019,50.054718],[14.439866,50.054841],[14.439144,50.054459],[14.438906,50.054647],[14.438469,50.05498],[14.438971,50.05527],[14.439424,50.054929],[14.439585,50.055034],[14.440543,50.055563],[14.440657,50.055628],[14.440982,50.05582],[14.441067,50.055882]]]}},{"type":"Feature","properties":{"cislo":4019,"kod":26163,"mestskaCast":"praha-4"},"geometry":{"type":"Polygon","coordinates":[[[14.441609,50.058562],[14.441742,50.058537],[14.441844,50.058519],[14.442106,50.058479],[14.442357,50.058428],[14.442552,50.058373],[14.442595,50.058368],[14.442763,50.05831],[14.44293,50.058252],[14.443072,50.058183],[14.443208,50.05814],[14.443515,50.058022],[14.443544,50.058016],[14.44359,50.058002],[14.443607,50.057985],[14.443641,50.057961],[14.443667,50.057836],[14.443652,50.057708],[14.443639,50.05757],[14.443595,50.057449],[14.443592,50.05733],[14.44362,50.057197],[14.443663,50.057064],[14.443747,50.056999],[14.443693,50.056922],[14.443606,50.056869],[14.443338,50.056673],[14.44323,50.056581],[14.443218,50.056571],[14.443145,50.056519],[14.443049,50.056438],[14.442956,50.056348],[14.442925,50.056291],[14.442929,50.05621],[14.44294,50.056093],[14.442942,50.056084],[14.442809,50.056109],[14.442509,50.056127],[14.442436,50.056139],[14.442423,50.056138],[14.441437,50.056196],[14.441309,50.056203],[14.441275,50.0561],[14.441163,50.055963],[14.441067,50.055882],[14.440982,50.05582],[14.440657,50.055628],[14.440543,50.055563],[14.439585,50.055034],[14.439424,50.054929],[14.438971,50.05527],[14.438839,50.055358],[14.438778,50.055316],[14.437518,50.056267],[14.437605,50.05632],[14.437387,50.056482],[14.437349,50.056461],[14.437267,50.056517],[14.437775,50.05678],[14.438247,50.057076],[14.438319,50.057136],[14.438317,50.057145],[14.438358,50.057149],[14.438542,50.057147],[14.438781,50.05715],[14.439046,50.057164],[14.43937,50.057166],[14.439723,50.057161],[14.440264,50.057136],[14.440886,50.057127],[14.441285,50.057108],[14.441413,50.057101],[14.441511,50.0577],[14.441528,50.057819],[14.441609,50.058562]]]}},{"type":"Feature","properties":{"cislo":4020,"kod":26165,"mestskaCast":"praha-4"},"geometry":{"type":"Polygon","coordinates":[[[14.432877,50.059913],[14.435986,50.059743],[14.436018,50.059991],[14.436097,50.06028],[14.436057,50.060603],[14.438193,50.060565],[14.439351,50.060558],[14.440309,50.060561],[14.440479,50.060558],[14.440605,50.06056],[14.440872,50.060566],[14.441452,50.060554],[14.441905,50.060548],[14.441934,50.060542],[14.442167,50.060508],[14.442409,50.060429],[14.442592,50.060364],[14.442752,50.060278],[14.442946,50.060159],[14.44305,50.060069],[14.443066,50.060061],[14.443148,50.060005],[14.442529,50.059805],[14.442073,50.059628],[14.44177,50.059529],[14.441646,50.058919],[14.441609,50.058562],[14.441528,50.057819],[14.441511,50.0577],[14.441413,50.057101],[14.441285,50.057108],[14.440886,50.057127],[14.440264,50.057136],[14.439723,50.057161],[14.43937,50.057166],[14.439046,50.057164],[14.438781,50.05715],[14.438542,50.057147],[14.438358,50.057149],[14.438317,50.057145],[14.438319,50.057136],[14.438247,50.057076],[14.437775,50.05678],[14.437267,50.056517],[14.43687,50.056264],[14.436744,50.056389],[14.436629,50.056533],[14.436553,50.056626],[14.436477,50.056719],[14.436357,50.056881],[14.436318,50.056932],[14.43618,50.05712],[14.436062,50.057273],[14.435878,50.057474],[14.435746,50.057635],[14.435687,50.057711],[14.435646,50.057771],[14.435487,50.05792],[14.435299,50.058076],[14.435216,50.058132],[14.435049,50.058254],[14.434949,50.058327],[14.433939,50.059099],[14.433617,50.059352],[14.433448,50.059483],[14.433381,50.059531],[14.432877,50.059913]]]}},{"type":"Feature","properties":{"cislo":4021,"kod":26167,"mestskaCast":"praha-4"},"geometry":{"type":"Polygon","coordinates":[[[14.435356,50.063091],[14.435555,50.063018],[14.435659,50.062927],[14.435725,50.062815],[14.435756,50.062736],[14.435794,50.062558],[14.435823,50.062424],[14.435851,50.062291],[14.435865,50.062228],[14.435874,50.062184],[14.435959,50.061656],[14.436015,50.061062],[14.436057,50.060603],[14.436097,50.06028],[14.436018,50.059991],[14.435986,50.059743],[14.432877,50.059913],[14.432724,50.060036],[14.432537,50.060182],[14.433142,50.060517],[14.433152,50.060536],[14.433145,50.060572],[14.433138,50.060934],[14.433121,50.061078],[14.434072,50.061117],[14.434041,50.061659],[14.434388,50.06168],[14.43436,50.062077],[14.433605,50.062047],[14.43305,50.062007],[14.432939,50.061997],[14.432811,50.063392],[14.432917,50.063356],[14.433067,50.063315],[14.433171,50.063288],[14.433303,50.063263],[14.433508,50.063227],[14.433757,50.063186],[14.434,50.063171],[14.43414,50.063174],[14.434711,50.063143],[14.434967,50.063129],[14.435052,50.063128],[14.435155,50.06311],[14.435356,50.063091]]]}},{"type":"Feature","properties":{"cislo":4022,"kod":26169,"mestskaCast":"praha-4"},"geometry":{"type":"Polygon","coordinates":[[[14.430141,50.064522],[14.430305,50.064496],[14.430393,50.064478],[14.430441,50.064469],[14.430454,50.064467],[14.430453,50.064463],[14.430462,50.064419],[14.430486,50.063976],[14.431464,50.063754],[14.432162,50.063589],[14.432416,50.063521],[14.432596,50.063473],[14.432748,50.063423],[14.432811,50.063392],[14.432939,50.061997],[14.43305,50.062007],[14.433605,50.062047],[14.43436,50.062077],[14.434388,50.06168],[14.434041,50.061659],[14.434072,50.061117],[14.433121,50.061078],[14.433138,50.060934],[14.433145,50.060572],[14.433152,50.060536],[14.433142,50.060517],[14.432537,50.060182],[14.432724,50.060036],[14.432877,50.059913],[14.433381,50.059531],[14.433448,50.059483],[14.433019,50.059245],[14.432579,50.058997],[14.43253,50.059029],[14.431781,50.059498],[14.431586,50.059617],[14.43006,50.060426],[14.430028,50.060378],[14.429937,50.060279],[14.429927,50.06026],[14.429877,50.060228],[14.429825,50.060206],[14.4298,50.060194],[14.42972,50.060169],[14.429639,50.060153],[14.429556,50.060146],[14.429375,50.060139],[14.429361,50.060137],[14.42926,50.060147],[14.42923,50.060153],[14.429157,50.060165],[14.429079,50.060203],[14.429014,50.060243],[14.428943,50.060309],[14.428904,50.06036],[14.428873,50.060439],[14.428138,50.060319],[14.428059,50.060358],[14.427573,50.060587],[14.427463,50.060641],[14.427352,50.060695],[14.427053,50.060841],[14.426577,50.061025],[14.426299,50.061137],[14.425575,50.061427],[14.425543,50.061442],[14.425327,50.061532],[14.425183,50.061546],[14.425139,50.061552],[14.424883,50.061565],[14.424638,50.061589],[14.424579,50.061602],[14.424339,50.061633],[14.424339,50.061633],[14.424262,50.061666],[14.424262,50.061666],[14.4243,50.061722],[14.424301,50.061722],[14.424392,50.061685],[14.42441,50.0617],[14.424482,50.061778],[14.424519,50.061816],[14.424548,50.061846],[14.424752,50.06176],[14.42528,50.062016],[14.425267,50.062021],[14.424776,50.062229],[14.424958,50.062392],[14.424986,50.062417],[14.42496,50.06243],[14.424978,50.062445],[14.425003,50.062432],[14.425057,50.062478],[14.425065,50.062485],[14.425206,50.062418],[14.42523,50.062431],[14.425408,50.062509],[14.425587,50.062588],[14.42584,50.0627],[14.425986,50.062567],[14.426176,50.062658],[14.426348,50.062735],[14.426418,50.062767],[14.426702,50.062897],[14.42681,50.062945],[14.426836,50.062957],[14.426091,50.063473],[14.426731,50.063916],[14.427936,50.064178],[14.428953,50.064321],[14.430121,50.064382],[14.430134,50.064442],[14.430141,50.064522],[14.430141,50.064522]]]}},{"type":"Feature","properties":{"cislo":4023,"kod":26171,"mestskaCast":"praha-4"},"geometry":{"type":"Polygon","coordinates":[[[14.424339,50.061633],[14.424339,50.061633],[14.424579,50.061602],[14.424638,50.061589],[14.424883,50.061565],[14.425139,50.061552],[14.425183,50.061546],[14.425327,50.061532],[14.425543,50.061442],[14.425575,50.061427],[14.426299,50.061137],[14.426577,50.061025],[14.427053,50.060841],[14.427352,50.060695],[14.427463,50.060641],[14.427573,50.060587],[14.428059,50.060358],[14.428138,50.060319],[14.428068,50.06025],[14.427925,50.060128],[14.42758,50.059825],[14.427533,50.059785],[14.427437,50.059704],[14.427381,50.059635],[14.428501,50.059081],[14.429038,50.058811],[14.430665,50.057993],[14.430526,50.057981],[14.430443,50.057973],[14.430166,50.057949],[14.429292,50.057953],[14.428865,50.05797],[14.428764,50.057979],[14.428755,50.058023],[14.428724,50.058102],[14.428669,50.058161],[14.428581,50.058244],[14.428481,50.058317],[14.428318,50.05842],[14.428194,50.058473],[14.428115,50.058511],[14.427867,50.058616],[14.427835,50.058632],[14.427542,50.058751],[14.427233,50.058878],[14.426245,50.059081],[14.425975,50.059157],[14.425841,50.05919],[14.425721,50.059225],[14.425555,50.059274],[14.425153,50.059375],[14.424454,50.059612],[14.423615,50.05991],[14.423538,50.059939],[14.423493,50.059954],[14.422695,50.060191],[14.422588,50.060227],[14.422703,50.060483],[14.4229,50.060945],[14.423441,50.061435],[14.423441,50.061435],[14.424248,50.060971],[14.424395,50.061402],[14.424192,50.061488],[14.424294,50.061589],[14.424339,50.061633],[14.424339,50.061633]]]}},{"type":"Feature","properties":{"cislo":4024,"kod":26173,"mestskaCast":"praha-4"},"geometry":{"type":"Polygon","coordinates":[[[14.428138,50.060319],[14.428873,50.060439],[14.428904,50.06036],[14.428943,50.060309],[14.429014,50.060243],[14.429079,50.060203],[14.429157,50.060165],[14.42923,50.060153],[14.42926,50.060147],[14.429361,50.060137],[14.429375,50.060139],[14.429556,50.060146],[14.429639,50.060153],[14.42972,50.060169],[14.4298,50.060194],[14.429825,50.060206],[14.429877,50.060228],[14.429927,50.06026],[14.429937,50.060279],[14.430028,50.060378],[14.43006,50.060426],[14.431586,50.059617],[14.431781,50.059498],[14.43253,50.059029],[14.432579,50.058997],[14.432388,50.058835],[14.432231,50.058712],[14.431937,50.058505],[14.43164,50.058642],[14.431133,50.058243],[14.430988,50.05813],[14.430849,50.058055],[14.430692,50.057995],[14.430665,50.057993],[14.429038,50.058811],[14.428501,50.059081],[14.427381,50.059635],[14.427437,50.059704],[14.427533,50.059785],[14.42758,50.059825],[14.427925,50.060128],[14.428068,50.06025],[14.428138,50.060319]]]}},{"type":"Feature","properties":{"cislo":4025,"kod":26175,"mestskaCast":"praha-4"},"geometry":{"type":"Polygon","coordinates":[[[14.432579,50.058997],[14.433019,50.059245],[14.433448,50.059483],[14.433617,50.059352],[14.433939,50.059099],[14.434949,50.058327],[14.435049,50.058254],[14.435216,50.058132],[14.434962,50.058001],[14.434827,50.057907],[14.434714,50.057843],[14.434593,50.057751],[14.434458,50.057657],[14.434299,50.057543],[14.43418,50.057442],[14.433779,50.057669],[14.433521,50.057756],[14.433505,50.057763],[14.433304,50.057782],[14.433188,50.057862],[14.433107,50.05791],[14.432902,50.058009],[14.43268,50.058126],[14.432493,50.058209],[14.432303,50.05831],[14.432078,50.058436],[14.432017,50.058457],[14.431937,50.058505],[14.432231,50.058712],[14.432388,50.058835],[14.432579,50.058997]]]}},{"type":"Feature","properties":{"cislo":4026,"kod":26177,"mestskaCast":"praha-4"},"geometry":{"type":"Polygon","coordinates":[[[14.430665,50.057993],[14.430692,50.057995],[14.430849,50.058055],[14.430988,50.05813],[14.431133,50.058243],[14.43164,50.058642],[14.431937,50.058505],[14.432017,50.058457],[14.432078,50.058436],[14.432303,50.05831],[14.432493,50.058209],[14.43268,50.058126],[14.432902,50.058009],[14.433107,50.05791],[14.433188,50.057862],[14.433304,50.057782],[14.433505,50.057763],[14.433521,50.057756],[14.433779,50.057669],[14.43418,50.057442],[14.434299,50.057543],[14.434458,50.057657],[14.434593,50.057751],[14.434714,50.057843],[14.434827,50.057907],[14.434962,50.058001],[14.435216,50.058132],[14.435299,50.058076],[14.435487,50.05792],[14.435646,50.057771],[14.435687,50.057711],[14.435746,50.057635],[14.435878,50.057474],[14.436062,50.057273],[14.43618,50.05712],[14.436318,50.056932],[14.436357,50.056881],[14.436477,50.056719],[14.436553,50.056626],[14.435914,50.056316],[14.435563,50.056112],[14.435127,50.05591],[14.435019,50.056019],[14.434902,50.055972],[14.434452,50.055769],[14.43399,50.055555],[14.433691,50.055438],[14.433422,50.055578],[14.432936,50.055807],[14.432829,50.055843],[14.432462,50.056046],[14.432304,50.056123],[14.432051,50.056255],[14.432019,50.05627],[14.431978,50.056793],[14.431973,50.056883],[14.430914,50.056826],[14.430843,50.056829],[14.430657,50.05684],[14.430286,50.056925],[14.429114,50.057266],[14.42856,50.057416],[14.428593,50.057528],[14.428748,50.057923],[14.428764,50.057979],[14.428865,50.05797],[14.429292,50.057953],[14.430166,50.057949],[14.430443,50.057973],[14.430526,50.057981],[14.430665,50.057993]]]}},{"type":"Feature","properties":{"cislo":4027,"kod":26179,"mestskaCast":"praha-4"},"geometry":{"type":"Polygon","coordinates":[[[14.429406,50.054315],[14.429407,50.054442],[14.429376,50.055047],[14.429389,50.055121],[14.429398,50.055212],[14.429442,50.055334],[14.429508,50.055485],[14.429604,50.05563],[14.429628,50.05565],[14.429696,50.055729],[14.429933,50.05594],[14.43022,50.056247],[14.430385,50.056398],[14.430713,50.056708],[14.430843,50.056829],[14.430914,50.056826],[14.431973,50.056883],[14.431978,50.056793],[14.432019,50.05627],[14.432051,50.056255],[14.432304,50.056123],[14.432462,50.056046],[14.432829,50.055843],[14.432936,50.055807],[14.433422,50.055578],[14.433691,50.055438],[14.43399,50.055555],[14.434452,50.055769],[14.434902,50.055972],[14.435019,50.056019],[14.435127,50.05591],[14.435693,50.05537],[14.43465,50.054906],[14.434599,50.054947],[14.434389,50.054874],[14.432907,50.054225],[14.43283,50.054191],[14.432739,50.054283],[14.432663,50.054376],[14.432571,50.054477],[14.432499,50.054552],[14.432454,50.05463],[14.432276,50.054805],[14.432264,50.054795],[14.432186,50.05476],[14.432123,50.054728],[14.431921,50.054619],[14.43172,50.054501],[14.431525,50.054357],[14.431374,50.054208],[14.431262,50.054071],[14.431109,50.053866],[14.430684,50.053411],[14.430615,50.053342],[14.430455,50.053164],[14.430445,50.053145],[14.430266,50.05293],[14.429957,50.052657],[14.429485,50.052824],[14.429437,50.053573],[14.429405,50.054188],[14.429407,50.054242],[14.429406,50.054315]]]}},{"type":"Feature","properties":{"cislo":4028,"kod":26181,"mestskaCast":"praha-4"},"geometry":{"type":"Polygon","coordinates":[[[14.436553,50.056626],[14.436629,50.056533],[14.436744,50.056389],[14.43687,50.056264],[14.437267,50.056517],[14.437349,50.056461],[14.437387,50.056482],[14.437605,50.05632],[14.437518,50.056267],[14.438778,50.055316],[14.438839,50.055358],[14.438971,50.05527],[14.438469,50.05498],[14.438906,50.054647],[14.438732,50.054541],[14.438392,50.054348],[14.437799,50.054023],[14.437452,50.053865],[14.437351,50.053811],[14.435693,50.05537],[14.435127,50.05591],[14.435563,50.056112],[14.435914,50.056316],[14.436553,50.056626]]]}},{"type":"Feature","properties":{"cislo":4029,"kod":26183,"mestskaCast":"praha-4"},"geometry":{"type":"Polygon","coordinates":[[[14.437351,50.053811],[14.438468,50.052802],[14.438008,50.05258],[14.437901,50.052552],[14.437178,50.052243],[14.437089,50.052199],[14.436822,50.052457],[14.436773,50.052489],[14.435864,50.053316],[14.435162,50.053962],[14.435095,50.05401],[14.435019,50.05404],[14.43491,50.054021],[14.434331,50.053761],[14.434267,50.053728],[14.433457,50.053366],[14.433211,50.053263],[14.433154,50.05333],[14.4331,50.053453],[14.433062,50.053631],[14.43294,50.053938],[14.432909,50.054017],[14.432851,50.054157],[14.43283,50.054191],[14.432907,50.054225],[14.434389,50.054874],[14.434599,50.054947],[14.43465,50.054906],[14.435693,50.05537],[14.437351,50.053811]]]}},{"type":"Feature","properties":{"cislo":4030,"kod":26185,"mestskaCast":"praha-4"},"geometry":{"type":"Polygon","coordinates":[[[14.43283,50.054191],[14.432851,50.054157],[14.432909,50.054017],[14.43294,50.053938],[14.433062,50.053631],[14.4331,50.053453],[14.433154,50.05333],[14.433211,50.053263],[14.433246,50.05323],[14.433252,50.053203],[14.433326,50.053119],[14.433666,50.052849],[14.434093,50.052497],[14.434246,50.052374],[14.434317,50.052308],[14.434529,50.052109],[14.434453,50.052066],[14.433293,50.051491],[14.433024,50.051368],[14.433471,50.05099],[14.433765,50.050734],[14.433951,50.050588],[14.434124,50.050439],[14.4343,50.050274],[14.434466,50.050089],[14.434552,50.049951],[14.434638,50.049813],[14.434692,50.049691],[14.434752,50.049542],[14.434773,50.049381],[14.434783,50.0492],[14.434788,50.049046],[14.43477,50.048799],[14.434626,50.048814],[14.433868,50.048865],[14.433556,50.048874],[14.433499,50.048878],[14.433246,50.048873],[14.432896,50.048861],[14.432396,50.048825],[14.431647,50.048768],[14.431606,50.048764],[14.430594,50.048684],[14.430096,50.04864],[14.42975,50.048609],[14.429778,50.048548],[14.429785,50.048512],[14.429789,50.048495],[14.429066,50.048449],[14.428785,50.048642],[14.428653,50.049392],[14.428667,50.049394],[14.428627,50.049581],[14.428452,50.049937],[14.428361,50.050102],[14.428273,50.050248],[14.428171,50.050394],[14.42813,50.050453],[14.427951,50.050701],[14.427673,50.051012],[14.427444,50.051291],[14.427344,50.051428],[14.427875,50.051583],[14.428719,50.051921],[14.429177,50.052153],[14.429506,50.052327],[14.429792,50.052506],[14.429957,50.052657],[14.430266,50.05293],[14.430445,50.053145],[14.430455,50.053164],[14.430615,50.053342],[14.430684,50.053411],[14.431109,50.053866],[14.431262,50.054071],[14.431374,50.054208],[14.431525,50.054357],[14.43172,50.054501],[14.431921,50.054619],[14.432123,50.054728],[14.432186,50.05476],[14.432264,50.054795],[14.432276,50.054805],[14.432454,50.05463],[14.432499,50.054552],[14.432571,50.054477],[14.432663,50.054376],[14.432739,50.054283],[14.43283,50.054191]]]}},{"type":"Feature","properties":{"cislo":4031,"kod":26187,"mestskaCast":"praha-4"},"geometry":{"type":"Polygon","coordinates":[[[14.438468,50.052802],[14.439215,50.052079],[14.439281,50.05203],[14.439579,50.051757],[14.43971,50.051605],[14.439884,50.051385],[14.440152,50.051054],[14.4404,50.05075],[14.440604,50.050523],[14.44087,50.050265],[14.441135,50.050016],[14.440928,50.049862],[14.440697,50.049687],[14.440498,50.049497],[14.440465,50.049457],[14.438895,50.049282],[14.438799,50.049601],[14.43494,50.04906],[14.434788,50.049046],[14.434783,50.0492],[14.434773,50.049381],[14.434752,50.049542],[14.434692,50.049691],[14.434638,50.049813],[14.434552,50.049951],[14.434466,50.050089],[14.4343,50.050274],[14.434124,50.050439],[14.433951,50.050588],[14.433765,50.050734],[14.433471,50.05099],[14.433024,50.051368],[14.433293,50.051491],[14.434453,50.052066],[14.434529,50.052109],[14.434317,50.052308],[14.434246,50.052374],[14.434093,50.052497],[14.433666,50.052849],[14.433326,50.053119],[14.433252,50.053203],[14.433246,50.05323],[14.433211,50.053263],[14.433457,50.053366],[14.434267,50.053728],[14.434331,50.053761],[14.43491,50.054021],[14.435019,50.05404],[14.435095,50.05401],[14.435162,50.053962],[14.435864,50.053316],[14.436773,50.052489],[14.436822,50.052457],[14.437089,50.052199],[14.437178,50.052243],[14.437901,50.052552],[14.438008,50.05258],[14.438468,50.052802]]]}},{"type":"Feature","properties":{"cislo":4032,"kod":26189,"mestskaCast":"praha-4"},"geometry":{"type":"Polygon","coordinates":[[[14.454489,50.062421],[14.454489,50.062421],[14.454477,50.062349],[14.454352,50.061875],[14.454251,50.061557],[14.454207,50.061363],[14.454179,50.061233],[14.454107,50.061109],[14.454019,50.060992],[14.453903,50.060873],[14.453796,50.060782],[14.453638,50.060659],[14.453313,50.060467],[14.453065,50.060309],[14.452876,50.060202],[14.452719,50.060079],[14.452534,50.059954],[14.452375,50.059776],[14.452189,50.059587],[14.452015,50.059345],[14.451893,50.059189],[14.451805,50.059009],[14.45171,50.058728],[14.451622,50.058348],[14.451565,50.058216],[14.451518,50.05804],[14.451442,50.057933],[14.451359,50.057862],[14.451244,50.057807],[14.451085,50.057756],[14.450769,50.057719],[14.450514,50.057661],[14.450359,50.057592],[14.450248,50.057782],[14.450227,50.057817],[14.450162,50.05792],[14.450018,50.058198],[14.449916,50.058479],[14.449891,50.058595],[14.449852,50.058782],[14.449827,50.058898],[14.449807,50.059522],[14.449801,50.059612],[14.449764,50.059854],[14.449731,50.059942],[14.449849,50.060052],[14.449962,50.060117],[14.45,50.060138],[14.450051,50.060161],[14.45015,50.060224],[14.45019,50.060237],[14.450265,50.06028],[14.450379,50.060344],[14.450734,50.06053],[14.451266,50.060813],[14.451406,50.06088],[14.451499,50.060906],[14.451555,50.060911],[14.451757,50.060956],[14.451919,50.060988],[14.452044,50.061063],[14.452292,50.061221],[14.452876,50.06159],[14.452982,50.06169],[14.453048,50.061778],[14.453112,50.061874],[14.4532,50.062054],[14.453197,50.062057],[14.453265,50.062086],[14.45333,50.06211],[14.453424,50.062155],[14.453487,50.062189],[14.4536,50.062244],[14.453679,50.062261],[14.453744,50.062295],[14.454204,50.062528],[14.454226,50.062508],[14.454314,50.062437],[14.454341,50.062416],[14.454437,50.062434],[14.454457,50.062429],[14.454489,50.062421]]]}},{"type":"Feature","properties":{"cislo":4033,"kod":26191,"mestskaCast":"praha-4"},"geometry":{"type":"Polygon","coordinates":[[[14.447659,50.059278],[14.447725,50.059302],[14.447937,50.059366],[14.448151,50.059421],[14.448364,50.059476],[14.448445,50.059493],[14.44854,50.05951],[14.448635,50.059528],[14.448649,50.059529],[14.44891,50.059561],[14.449298,50.059595],[14.44962,50.059605],[14.449801,50.059612],[14.449807,50.059522],[14.449827,50.058898],[14.449852,50.058782],[14.449891,50.058595],[14.449916,50.058479],[14.450018,50.058198],[14.450162,50.05792],[14.450227,50.057817],[14.450248,50.057782],[14.450359,50.057592],[14.450386,50.057531],[14.450649,50.057092],[14.450844,50.056773],[14.450888,50.056695],[14.450728,50.056654],[14.450006,50.056472],[14.449685,50.056389],[14.449741,50.056258],[14.449858,50.056105],[14.450361,50.055796],[14.450624,50.055619],[14.450852,50.055413],[14.451306,50.054935],[14.451466,50.054714],[14.451643,50.054412],[14.451792,50.054107],[14.451892,50.053971],[14.452008,50.05389],[14.452171,50.05385],[14.452491,50.053869],[14.452527,50.0537],[14.452551,50.053657],[14.452603,50.05348],[14.452688,50.053342],[14.452766,50.05324],[14.452845,50.053138],[14.452919,50.053054],[14.452991,50.052979],[14.453226,50.052736],[14.453391,50.052624],[14.453562,50.052548],[14.453688,50.052487],[14.453814,50.052425],[14.453926,50.052362],[14.45401,50.052297],[14.454063,50.052248],[14.454143,50.052137],[14.453896,50.052106],[14.453619,50.052081],[14.453244,50.052057],[14.450803,50.052994],[14.449644,50.05281],[14.44941,50.052916],[14.449113,50.053054],[14.4484,50.05349],[14.448208,50.054126],[14.448061,50.054749],[14.44797,50.054976],[14.448067,50.054985],[14.448192,50.054996],[14.448299,50.055024],[14.448362,50.055056],[14.448408,50.055106],[14.44844,50.055154],[14.448452,50.055228],[14.448453,50.055291],[14.448412,50.055351],[14.448369,50.05542],[14.448318,50.055461],[14.448299,50.055486],[14.448075,50.055675],[14.448036,50.055726],[14.44793,50.055826],[14.447838,50.055927],[14.447776,50.056021],[14.447727,50.056117],[14.447681,50.056203],[14.447632,50.056299],[14.447615,50.056379],[14.447602,50.056441],[14.447598,50.056459],[14.447583,50.05653],[14.447591,50.056622],[14.447612,50.056724],[14.447645,50.056835],[14.447673,50.056965],[14.447718,50.057087],[14.447732,50.057152],[14.447733,50.057215],[14.447739,50.057252],[14.447788,50.057483],[14.447854,50.057771],[14.447829,50.057886],[14.447785,50.057964],[14.447716,50.058021],[14.447651,50.058061],[14.447428,50.058114],[14.447403,50.058103],[14.447515,50.058303],[14.446446,50.058753],[14.446589,50.058811],[14.446964,50.058971],[14.447271,50.059117],[14.447531,50.059221],[14.447659,50.059278]]]}},{"type":"Feature","properties":{"cislo":4034,"kod":26193,"mestskaCast":"praha-4"},"geometry":{"type":"Polygon","coordinates":[[[14.450359,50.057592],[14.450514,50.057661],[14.450769,50.057719],[14.451085,50.057756],[14.451244,50.057807],[14.451359,50.057862],[14.451442,50.057933],[14.451518,50.05804],[14.451565,50.058216],[14.451622,50.058348],[14.45171,50.058728],[14.451805,50.059009],[14.451893,50.059189],[14.452015,50.059345],[14.452189,50.059587],[14.452375,50.059776],[14.452534,50.059954],[14.452719,50.060079],[14.452876,50.060202],[14.453065,50.060309],[14.453313,50.060467],[14.453638,50.060659],[14.453796,50.060782],[14.453903,50.060873],[14.454019,50.060992],[14.454107,50.061109],[14.454179,50.061233],[14.454207,50.061363],[14.454251,50.061557],[14.454352,50.061875],[14.454477,50.062349],[14.454489,50.062421],[14.454489,50.062421],[14.454531,50.062409],[14.454567,50.062399],[14.454587,50.062394],[14.454656,50.062374],[14.454615,50.062106],[14.454589,50.061943],[14.454587,50.061934],[14.454577,50.061869],[14.455565,50.06106],[14.455678,50.060919],[14.455807,50.060757],[14.455963,50.060552],[14.456416,50.059765],[14.456712,50.059307],[14.456973,50.058975],[14.457178,50.058746],[14.457901,50.058029],[14.458177,50.057703],[14.459036,50.056528],[14.459041,50.05653],[14.459044,50.056526],[14.459081,50.056484],[14.457849,50.056049],[14.457631,50.055948],[14.457567,50.055915],[14.457309,50.055801],[14.456967,50.055689],[14.456622,50.055586],[14.45626,50.0555],[14.455939,50.055417],[14.455749,50.055382],[14.455494,50.055323],[14.454487,50.055153],[14.453868,50.055016],[14.453462,50.054935],[14.453017,50.054841],[14.453,50.054722],[14.453008,50.054686],[14.45291,50.054551],[14.452798,50.054414],[14.452752,50.054364],[14.452617,50.054207],[14.452565,50.054121],[14.452533,50.054073],[14.452479,50.053995],[14.452496,50.053915],[14.452491,50.053869],[14.452171,50.05385],[14.452008,50.05389],[14.451892,50.053971],[14.451792,50.054107],[14.451643,50.054412],[14.451466,50.054714],[14.451306,50.054935],[14.450852,50.055413],[14.450624,50.055619],[14.450361,50.055796],[14.449858,50.056105],[14.449741,50.056258],[14.449685,50.056389],[14.450006,50.056472],[14.450728,50.056654],[14.450888,50.056695],[14.450844,50.056773],[14.450649,50.057092],[14.450386,50.057531],[14.450359,50.057592]]]}},{"type":"Feature","properties":{"cislo":4035,"kod":26195,"mestskaCast":"praha-4"},"geometry":{"type":"Polygon","coordinates":[[[14.459041,50.05653],[14.459191,50.056581],[14.459218,50.05659],[14.459286,50.056608],[14.459412,50.056642],[14.459442,50.056652],[14.459446,50.056653],[14.459517,50.056674],[14.459557,50.056686],[14.459628,50.05671],[14.459698,50.056732],[14.459716,50.056736],[14.459785,50.057037],[14.460016,50.057067],[14.460375,50.057118],[14.460481,50.057118],[14.460688,50.05712],[14.460747,50.057122],[14.460863,50.057119],[14.461024,50.057114],[14.461113,50.057112],[14.461293,50.057105],[14.461481,50.057099],[14.461849,50.057094],[14.461891,50.057096],[14.461947,50.057216],[14.462097,50.057513],[14.462044,50.057705],[14.46203,50.057765],[14.462024,50.057788],[14.462028,50.057822],[14.462028,50.057823],[14.462012,50.057827],[14.46197,50.058021],[14.461979,50.058183],[14.462532,50.058227],[14.463063,50.058321],[14.463514,50.058408],[14.463509,50.058389],[14.463487,50.058331],[14.46348,50.058279],[14.463495,50.05822],[14.463521,50.058176],[14.463537,50.058157],[14.463578,50.058107],[14.463689,50.058006],[14.463706,50.05799],[14.463867,50.057891],[14.463942,50.05787],[14.464084,50.057829],[14.464322,50.057812],[14.464586,50.05783],[14.464962,50.057884],[14.465571,50.057969],[14.465975,50.05804],[14.466033,50.058043],[14.466121,50.058024],[14.466523,50.05812],[14.466768,50.058192],[14.466851,50.058223],[14.466856,50.058255],[14.466975,50.058298],[14.467086,50.05825],[14.467161,50.058218],[14.467003,50.058129],[14.467003,50.058052],[14.466948,50.057912],[14.466945,50.057785],[14.46701,50.057695],[14.467042,50.057591],[14.467099,50.057499],[14.467164,50.057343],[14.467148,50.05707],[14.467127,50.057043],[14.467108,50.056875],[14.467117,50.056807],[14.468296,50.056882],[14.46897,50.056901],[14.47129,50.056986],[14.472247,50.054939],[14.472251,50.054939],[14.472277,50.054817],[14.47231,50.054729],[14.472339,50.054659],[14.472438,50.054459],[14.472502,50.054355],[14.472511,50.054311],[14.472628,50.054094],[14.472704,50.054001],[14.472759,50.053942],[14.472949,50.053778],[14.473037,50.053695],[14.473163,50.053633],[14.473306,50.053555],[14.473385,50.053517],[14.473513,50.053446],[14.473703,50.053345],[14.474674,50.052823],[14.474946,50.052674],[14.474959,50.052675],[14.475341,50.052473],[14.476596,50.051803],[14.476691,50.051757],[14.476881,50.051656],[14.476931,50.051624],[14.477041,50.05157],[14.477292,50.051447],[14.477424,50.051359],[14.477575,50.051245],[14.477784,50.051055],[14.478082,50.050782],[14.478231,50.050613],[14.47805,50.05047],[14.477964,50.050408],[14.47771,50.050277],[14.477585,50.050202],[14.477244,50.050018],[14.476758,50.049785],[14.476377,50.049588],[14.475899,50.049782],[14.475682,50.049871],[14.475582,50.049881],[14.475566,50.049888],[14.475383,50.049954],[14.475202,50.050011],[14.475141,50.050032],[14.474982,50.050118],[14.474885,50.050173],[14.474695,50.050274],[14.474669,50.050263],[14.474335,50.050442],[14.474321,50.050441],[14.474049,50.050526],[14.47385,50.050599],[14.473803,50.050622],[14.473725,50.050661],[14.473616,50.050706],[14.473349,50.050836],[14.473205,50.050914],[14.473034,50.05099],[14.47305,50.050919],[14.473053,50.050901],[14.472988,50.050614],[14.472981,50.050577],[14.472959,50.050548],[14.472851,50.05033],[14.472625,50.050001],[14.472537,50.049884],[14.472538,50.049876],[14.472503,50.049845],[14.472401,50.049727],[14.472331,50.049658],[14.470059,50.050201],[14.468064,50.050833],[14.467438,50.051059],[14.466661,50.051336],[14.466101,50.051649],[14.465953,50.051745],[14.465431,50.05208],[14.464777,50.052504],[14.463124,50.053583],[14.462047,50.054404],[14.462005,50.054401],[14.461584,50.054327],[14.461333,50.054314],[14.461033,50.054333],[14.460834,50.054343],[14.46058,50.054411],[14.459598,50.054651],[14.459082,50.05476],[14.458521,50.05481],[14.458391,50.054826],[14.458184,50.054808],[14.457997,50.054755],[14.457799,50.054692],[14.457649,50.054606],[14.457205,50.05424],[14.457036,50.054171],[14.456874,50.054138],[14.456762,50.054138],[14.456618,50.054152],[14.455631,50.054283],[14.455331,50.054302],[14.455051,50.054295],[14.454833,50.054258],[14.454106,50.05403],[14.453877,50.054046],[14.453507,50.054131],[14.453258,50.054109],[14.453008,50.054024],[14.452774,50.053931],[14.452491,50.053869],[14.452496,50.053915],[14.452479,50.053995],[14.452533,50.054073],[14.452565,50.054121],[14.452617,50.054207],[14.452752,50.054364],[14.452798,50.054414],[14.45291,50.054551],[14.453008,50.054686],[14.453,50.054722],[14.453017,50.054841],[14.453462,50.054935],[14.453868,50.055016],[14.454487,50.055153],[14.455494,50.055323],[14.455749,50.055382],[14.455939,50.055417],[14.45626,50.0555],[14.456622,50.055586],[14.456967,50.055689],[14.457309,50.055801],[14.457567,50.055915],[14.457631,50.055948],[14.457849,50.056049],[14.459081,50.056484],[14.459044,50.056526],[14.459041,50.05653]]]}},{"type":"Feature","properties":{"cislo":4036,"kod":26197,"mestskaCast":"praha-4"},"geometry":{"type":"Polygon","coordinates":[[[14.447549,50.052589],[14.447563,50.05259],[14.448058,50.052116],[14.448322,50.052203],[14.449362,50.052876],[14.44941,50.052916],[14.449644,50.05281],[14.450803,50.052994],[14.453244,50.052057],[14.453619,50.052081],[14.453896,50.052106],[14.454143,50.052137],[14.454218,50.052052],[14.454378,50.051894],[14.454486,50.051786],[14.454612,50.051724],[14.454746,50.051691],[14.454862,50.051674],[14.455004,50.051668],[14.455638,50.05167],[14.455978,50.051663],[14.456203,50.051665],[14.456843,50.05164],[14.457058,50.051623],[14.45716,50.051604],[14.457247,50.051594],[14.457402,50.051526],[14.457548,50.051439],[14.457581,50.051415],[14.457261,50.050996],[14.457523,50.050829],[14.457247,50.050668],[14.457082,50.050781],[14.456958,50.050833],[14.456791,50.050891],[14.456619,50.050903],[14.456423,50.050895],[14.45621,50.050903],[14.455969,50.050909],[14.45542,50.050906],[14.455321,50.050907],[14.454954,50.05091],[14.454293,50.050906],[14.453643,50.050913],[14.453064,50.050916],[14.452359,50.050917],[14.452091,50.050921],[14.45209,50.050594],[14.451369,50.050603],[14.450567,50.050596],[14.448841,50.050561],[14.448879,50.05012],[14.44836,50.049774],[14.446302,50.050836],[14.445688,50.051135],[14.44549,50.051272],[14.445567,50.051306],[14.446848,50.051846],[14.447133,50.052026],[14.447331,50.052225],[14.447484,50.052429],[14.447549,50.052589]]]}},{"type":"Feature","properties":{"cislo":4037,"kod":26199,"mestskaCast":"praha-4"},"geometry":{"type":"Polygon","coordinates":[[[14.457581,50.051415],[14.457711,50.051335],[14.457846,50.051229],[14.457981,50.051123],[14.458319,50.050863],[14.458621,50.050635],[14.458658,50.050593],[14.458727,50.050536],[14.458748,50.050438],[14.458817,50.050244],[14.458931,50.04971],[14.45899,50.049497],[14.459156,50.049312],[14.459272,50.049168],[14.459445,50.048947],[14.459597,50.048698],[14.459689,50.048597],[14.459744,50.048538],[14.457666,50.0483],[14.456012,50.048127],[14.452389,50.047734],[14.449558,50.049181],[14.449167,50.049365],[14.44836,50.049774],[14.448879,50.05012],[14.448841,50.050561],[14.450567,50.050596],[14.451369,50.050603],[14.45209,50.050594],[14.452091,50.050921],[14.452359,50.050917],[14.453064,50.050916],[14.453643,50.050913],[14.454293,50.050906],[14.454954,50.05091],[14.455321,50.050907],[14.45542,50.050906],[14.455969,50.050909],[14.45621,50.050903],[14.456423,50.050895],[14.456619,50.050903],[14.456791,50.050891],[14.456958,50.050833],[14.457082,50.050781],[14.457247,50.050668],[14.457523,50.050829],[14.457261,50.050996],[14.457581,50.051415]]]}},{"type":"Feature","properties":{"cislo":4038,"kod":26201,"mestskaCast":"praha-4"},"geometry":{"type":"Polygon","coordinates":[[[14.452491,50.053869],[14.452774,50.053931],[14.453008,50.054024],[14.453258,50.054109],[14.453507,50.054131],[14.453877,50.054046],[14.454106,50.05403],[14.454833,50.054258],[14.455051,50.054295],[14.455331,50.054302],[14.455631,50.054283],[14.456618,50.054152],[14.456762,50.054138],[14.456874,50.054138],[14.457036,50.054171],[14.457205,50.05424],[14.457649,50.054606],[14.457799,50.054692],[14.457997,50.054755],[14.458184,50.054808],[14.458391,50.054826],[14.458521,50.05481],[14.459082,50.05476],[14.459598,50.054651],[14.46058,50.054411],[14.460834,50.054343],[14.461033,50.054333],[14.461333,50.054314],[14.461584,50.054327],[14.462005,50.054401],[14.462047,50.054404],[14.463124,50.053583],[14.464777,50.052504],[14.465431,50.05208],[14.465953,50.051745],[14.465466,50.051521],[14.46557,50.050631],[14.465558,50.050621],[14.465116,50.050383],[14.464895,50.050227],[14.46479,50.050127],[14.464351,50.050134],[14.464296,50.050129],[14.462775,50.050122],[14.462606,50.050125],[14.462357,50.050103],[14.462173,50.050105],[14.462174,50.049969],[14.461772,50.050069],[14.461364,50.050197],[14.461078,50.05028],[14.460511,50.05043],[14.459825,50.050605],[14.459721,50.050633],[14.459707,50.050631],[14.458658,50.050593],[14.458621,50.050635],[14.458319,50.050863],[14.457981,50.051123],[14.457846,50.051229],[14.457711,50.051335],[14.457581,50.051415],[14.457548,50.051439],[14.457402,50.051526],[14.457247,50.051594],[14.45716,50.051604],[14.457058,50.051623],[14.456843,50.05164],[14.456203,50.051665],[14.455978,50.051663],[14.455638,50.05167],[14.455004,50.051668],[14.454862,50.051674],[14.454746,50.051691],[14.454612,50.051724],[14.454486,50.051786],[14.454378,50.051894],[14.454218,50.052052],[14.454143,50.052137],[14.454063,50.052248],[14.45401,50.052297],[14.453926,50.052362],[14.453814,50.052425],[14.453688,50.052487],[14.453562,50.052548],[14.453391,50.052624],[14.453226,50.052736],[14.452991,50.052979],[14.452919,50.053054],[14.452845,50.053138],[14.452766,50.05324],[14.452688,50.053342],[14.452603,50.05348],[14.452551,50.053657],[14.452527,50.0537],[14.452491,50.053869]]]}},{"type":"Feature","properties":{"cislo":4039,"kod":26203,"mestskaCast":"praha-4"},"geometry":{"type":"Polygon","coordinates":[[[14.458658,50.050593],[14.459707,50.050631],[14.459721,50.050633],[14.459825,50.050605],[14.460511,50.05043],[14.461078,50.05028],[14.461364,50.050197],[14.461772,50.050069],[14.462174,50.049969],[14.462173,50.050105],[14.462357,50.050103],[14.462606,50.050125],[14.462775,50.050122],[14.464296,50.050129],[14.464351,50.050134],[14.46479,50.050127],[14.464778,50.050117],[14.464529,50.049895],[14.464409,50.04973],[14.464345,50.049634],[14.464297,50.04953],[14.46409,50.049439],[14.463366,50.049067],[14.463162,50.048967],[14.462962,50.048849],[14.462823,50.048774],[14.462607,50.048727],[14.4625,50.048636],[14.462466,50.048597],[14.46219,50.0485],[14.461753,50.048371],[14.461727,50.048359],[14.461072,50.048193],[14.460803,50.048132],[14.460399,50.048042],[14.460183,50.047996],[14.460047,50.047975],[14.459919,50.048245],[14.459804,50.048453],[14.459783,50.048487],[14.459744,50.048538],[14.459689,50.048597],[14.459597,50.048698],[14.459445,50.048947],[14.459272,50.049168],[14.459156,50.049312],[14.45899,50.049497],[14.458931,50.04971],[14.458817,50.050244],[14.458748,50.050438],[14.458727,50.050536],[14.458658,50.050593]]]}},{"type":"Feature","properties":{"cislo":4040,"kod":26205,"mestskaCast":"praha-4"},"geometry":{"type":"Polygon","coordinates":[[[14.46479,50.050127],[14.464895,50.050227],[14.465116,50.050383],[14.465558,50.050621],[14.46557,50.050631],[14.465466,50.051521],[14.465953,50.051745],[14.466101,50.051649],[14.466661,50.051336],[14.467438,50.051059],[14.468064,50.050833],[14.470059,50.050201],[14.472331,50.049658],[14.472297,50.049618],[14.472194,50.049509],[14.472062,50.049334],[14.471923,50.049322],[14.47196,50.04928],[14.472054,50.04917],[14.472058,50.049153],[14.472114,50.049021],[14.472166,50.048908],[14.47221,50.048767],[14.472239,50.048633],[14.472228,50.048487],[14.472227,50.048423],[14.472231,50.048406],[14.47222,50.048323],[14.47221,50.048304],[14.472208,50.048249],[14.47221,50.04824],[14.472153,50.048108],[14.472155,50.048099],[14.472147,50.048071],[14.472057,50.0479],[14.472033,50.04788],[14.471989,50.047822],[14.471899,50.047714],[14.471889,50.047695],[14.471771,50.047585],[14.471757,50.047583],[14.471759,50.047574],[14.471592,50.047433],[14.471566,50.047421],[14.471392,50.047315],[14.471354,50.047294],[14.471189,50.047207],[14.471162,50.047204],[14.471084,50.04717],[14.47089,50.047089],[14.470892,50.04708],[14.470915,50.047037],[14.470919,50.047019],[14.470868,50.046997],[14.470856,50.046987],[14.470646,50.046914],[14.470568,50.046879],[14.469968,50.046654],[14.469811,50.046595],[14.4696,50.046531],[14.469546,50.046517],[14.469506,50.046505],[14.469348,50.046454],[14.469283,50.04643],[14.469255,50.046428],[14.469215,50.046415],[14.469176,50.046403],[14.469093,50.046395],[14.469012,50.046379],[14.46897,50.046376],[14.468958,50.046365],[14.468917,50.046362],[14.468889,50.046359],[14.468863,50.046348],[14.468766,50.046339],[14.468772,50.046313],[14.468504,50.04638],[14.468628,50.046527],[14.468718,50.046635],[14.468778,50.046749],[14.468828,50.04698],[14.468854,50.047119],[14.468773,50.047502],[14.468648,50.047826],[14.468546,50.047972],[14.468457,50.047928],[14.468314,50.04787],[14.467868,50.047712],[14.467498,50.047598],[14.467011,50.047437],[14.466446,50.048104],[14.466629,50.048175],[14.466898,50.048298],[14.466711,50.048518],[14.466335,50.048893],[14.466298,50.048935],[14.465931,50.048803],[14.465733,50.04894],[14.465656,50.048969],[14.465564,50.049006],[14.465445,50.049032],[14.465301,50.049047],[14.465175,50.049045],[14.464987,50.049001],[14.464201,50.048723],[14.463767,50.048576],[14.463686,50.048559],[14.463523,50.048527],[14.463221,50.048491],[14.46315,50.048494],[14.463004,50.048517],[14.462927,50.048547],[14.462805,50.048591],[14.462709,50.048646],[14.462691,50.048662],[14.462607,50.048727],[14.462823,50.048774],[14.462962,50.048849],[14.463162,50.048967],[14.463366,50.049067],[14.46409,50.049439],[14.464297,50.04953],[14.464345,50.049634],[14.464409,50.04973],[14.464529,50.049895],[14.464778,50.050117],[14.46479,50.050127]]]}},{"type":"Feature","properties":{"cislo":4041,"kod":26207,"mestskaCast":"praha-4"},"geometry":{"type":"Polygon","coordinates":[[[14.465931,50.048803],[14.466298,50.048935],[14.466335,50.048893],[14.466711,50.048518],[14.466898,50.048298],[14.466629,50.048175],[14.466446,50.048104],[14.467011,50.047437],[14.467498,50.047598],[14.467868,50.047712],[14.468314,50.04787],[14.468457,50.047928],[14.468546,50.047972],[14.468648,50.047826],[14.468773,50.047502],[14.468854,50.047119],[14.468828,50.04698],[14.468778,50.046749],[14.468718,50.046635],[14.468628,50.046527],[14.468504,50.04638],[14.468772,50.046313],[14.469089,50.046214],[14.469363,50.04612],[14.469636,50.046026],[14.46987,50.04592],[14.470183,50.045775],[14.470562,50.045581],[14.471052,50.045334],[14.471053,50.045198],[14.471053,50.045062],[14.471076,50.044955],[14.471122,50.044741],[14.471228,50.044306],[14.470819,50.043979],[14.468865,50.042564],[14.468802,50.042595],[14.468657,50.042682],[14.466345,50.044011],[14.465777,50.044361],[14.465852,50.044403],[14.465096,50.044781],[14.465213,50.044892],[14.465295,50.044971],[14.465342,50.045012],[14.465244,50.045012],[14.465054,50.045041],[14.464775,50.045098],[14.464355,50.045215],[14.463413,50.045468],[14.463384,50.045474],[14.462742,50.045645],[14.46246,50.04571],[14.462072,50.045812],[14.461323,50.046018],[14.460994,50.046107],[14.460829,50.046156],[14.460782,50.046243],[14.460753,50.046313],[14.460726,50.046374],[14.461413,50.046526],[14.461711,50.046579],[14.462257,50.046664],[14.462366,50.046682],[14.462433,50.046697],[14.462519,50.04656],[14.462577,50.04642],[14.462586,50.046375],[14.462818,50.046414],[14.463097,50.046493],[14.46357,50.046652],[14.463675,50.046689],[14.464226,50.046883],[14.464473,50.046977],[14.46421,50.04729],[14.464261,50.047312],[14.46464,50.047455],[14.464707,50.04747],[14.464519,50.047689],[14.464423,50.047808],[14.464124,50.048153],[14.465317,50.048576],[14.465931,50.048803]]]}},{"type":"Feature","properties":{"cislo":4042,"kod":26209,"mestskaCast":"praha-4"},"geometry":{"type":"Polygon","coordinates":[[[14.462607,50.048727],[14.462691,50.048662],[14.462709,50.048646],[14.462805,50.048591],[14.462927,50.048547],[14.463004,50.048517],[14.46315,50.048494],[14.463221,50.048491],[14.463523,50.048527],[14.463686,50.048559],[14.463767,50.048576],[14.464201,50.048723],[14.464987,50.049001],[14.465175,50.049045],[14.465301,50.049047],[14.465445,50.049032],[14.465564,50.049006],[14.465656,50.048969],[14.465733,50.04894],[14.465931,50.048803],[14.465317,50.048576],[14.464124,50.048153],[14.464423,50.047808],[14.464519,50.047689],[14.464707,50.04747],[14.46464,50.047455],[14.464261,50.047312],[14.46421,50.04729],[14.464473,50.046977],[14.464226,50.046883],[14.463675,50.046689],[14.46357,50.046652],[14.463097,50.046493],[14.462818,50.046414],[14.462586,50.046375],[14.462577,50.04642],[14.462519,50.04656],[14.462433,50.046697],[14.462366,50.046682],[14.462257,50.046664],[14.461711,50.046579],[14.461413,50.046526],[14.460726,50.046374],[14.460753,50.046313],[14.460617,50.046292],[14.460031,50.046195],[14.459909,50.046175],[14.459403,50.046103],[14.459333,50.046097],[14.459304,50.046103],[14.458504,50.046024],[14.457286,50.04539],[14.456859,50.045606],[14.455813,50.046086],[14.454668,50.046629],[14.453805,50.047043],[14.453742,50.047073],[14.452513,50.047682],[14.452389,50.047734],[14.456012,50.048127],[14.457666,50.0483],[14.459744,50.048538],[14.459783,50.048487],[14.459804,50.048453],[14.459919,50.048245],[14.460047,50.047975],[14.460183,50.047996],[14.460399,50.048042],[14.460803,50.048132],[14.461072,50.048193],[14.461727,50.048359],[14.461753,50.048371],[14.46219,50.0485],[14.462466,50.048597],[14.4625,50.048636],[14.462607,50.048727]]]}},{"type":"Feature","properties":{"cislo":4043,"kod":26211,"mestskaCast":"praha-4"},"geometry":{"type":"Polygon","coordinates":[[[14.460753,50.046313],[14.460782,50.046243],[14.460829,50.046156],[14.460994,50.046107],[14.461323,50.046018],[14.462072,50.045812],[14.46246,50.04571],[14.462742,50.045645],[14.463384,50.045474],[14.463413,50.045468],[14.464355,50.045215],[14.464775,50.045098],[14.465054,50.045041],[14.465244,50.045012],[14.465342,50.045012],[14.465295,50.044971],[14.465213,50.044892],[14.465096,50.044781],[14.465852,50.044403],[14.465777,50.044361],[14.466345,50.044011],[14.468657,50.042682],[14.467708,50.042108],[14.46766,50.042067],[14.468893,50.041305],[14.469021,50.041234],[14.468523,50.040728],[14.468052,50.040886],[14.467062,50.041234],[14.4656,50.041813],[14.463668,50.042614],[14.462915,50.04291],[14.46259,50.043045],[14.462295,50.043173],[14.462246,50.043205],[14.461878,50.043345],[14.461225,50.043632],[14.460639,50.043871],[14.459982,50.044176],[14.459296,50.044487],[14.458892,50.04466],[14.458548,50.044821],[14.458361,50.044904],[14.45785,50.045122],[14.457286,50.04539],[14.458504,50.046024],[14.459304,50.046103],[14.459333,50.046097],[14.459403,50.046103],[14.459909,50.046175],[14.460031,50.046195],[14.460617,50.046292],[14.460753,50.046313]]]}},{"type":"Feature","properties":{"cislo":4044,"kod":26213,"mestskaCast":"praha-4"},"geometry":{"type":"Polygon","coordinates":[[[14.456064,50.042723],[14.456124,50.043036],[14.456303,50.044178],[14.45653,50.044171],[14.456872,50.044155],[14.457137,50.044696],[14.458548,50.044821],[14.458892,50.04466],[14.459296,50.044487],[14.459982,50.044176],[14.460639,50.043871],[14.461225,50.043632],[14.461878,50.043345],[14.462246,50.043205],[14.462295,50.043173],[14.46259,50.043045],[14.462915,50.04291],[14.463668,50.042614],[14.4656,50.041813],[14.467062,50.041234],[14.468052,50.040886],[14.468523,50.040728],[14.46884,50.040629],[14.470006,50.040314],[14.46983,50.040144],[14.469794,50.04005],[14.469758,50.039956],[14.469705,50.03987],[14.469707,50.039798],[14.469748,50.039538],[14.469747,50.039474],[14.469739,50.039446],[14.469687,50.03936],[14.469643,50.039302],[14.46957,50.03925],[14.469506,50.039217],[14.469403,50.039172],[14.469518,50.038964],[14.469519,50.038956],[14.469519,50.038956],[14.469518,50.038947],[14.469485,50.038875],[14.469448,50.038792],[14.469388,50.038659],[14.469352,50.038513],[14.469327,50.038407],[14.469308,50.038354],[14.469234,50.03808],[14.469223,50.038053],[14.469237,50.037735],[14.46924,50.037615],[14.469269,50.037481],[14.469332,50.037156],[14.469312,50.037073],[14.469121,50.036871],[14.469067,50.036814],[14.469068,50.036729],[14.46935,50.035559],[14.46935,50.035558],[14.469394,50.035381],[14.469727,50.034056],[14.470133,50.033534],[14.471155,50.032327],[14.472223,50.031563],[14.472949,50.031249],[14.473796,50.030955],[14.47503,50.030634],[14.476528,50.03027],[14.477235,50.029755],[14.477167,50.029755],[14.47629,50.029759],[14.475365,50.029699],[14.474869,50.029689],[14.47445,50.029675],[14.474088,50.029722],[14.473384,50.029685],[14.472923,50.029704],[14.472414,50.029749],[14.472254,50.029825],[14.471927,50.029861],[14.471512,50.02995],[14.471266,50.03003],[14.471062,50.030137],[14.470627,50.03015],[14.469543,50.030184],[14.468626,50.030358],[14.468433,50.030366],[14.467716,50.030322],[14.467401,50.030346],[14.466716,50.030439],[14.466065,50.03049],[14.465305,50.030571],[14.465108,50.030645],[14.464853,50.03078],[14.464563,50.030871],[14.464233,50.030865],[14.464115,50.030896],[14.464033,50.030915],[14.463481,50.030803],[14.463364,50.030648],[14.463416,50.030494],[14.463233,50.030211],[14.463142,50.030104],[14.463128,50.030088],[14.462914,50.029961],[14.462784,50.029894],[14.462674,50.029848],[14.462436,50.029783],[14.462347,50.029788],[14.461976,50.029812],[14.461965,50.029773],[14.46196,50.029757],[14.461929,50.029721],[14.461928,50.02972],[14.461928,50.02972],[14.4619,50.029734],[14.461721,50.029782],[14.46156,50.02994],[14.461541,50.029965],[14.461508,50.02999],[14.461335,50.030138],[14.461158,50.03024],[14.461092,50.030289],[14.461058,50.030313],[14.461043,50.030321],[14.460854,50.030413],[14.460551,50.030577],[14.460473,50.030615],[14.460309,50.030655],[14.460101,50.030709],[14.460051,50.030741],[14.459749,50.030905],[14.459747,50.030914],[14.459712,50.030947],[14.459595,50.0311],[14.45947,50.031289],[14.459437,50.031313],[14.4594,50.031355],[14.459384,50.031363],[14.459349,50.031396],[14.4592,50.031565],[14.459184,50.031572],[14.45912,50.031612],[14.458872,50.031781],[14.458857,50.031788],[14.458786,50.031855],[14.45877,50.031862],[14.458755,50.03187],[14.458692,50.031901],[14.458564,50.031971],[14.458436,50.032042],[14.45823,50.032151],[14.458187,50.032156],[14.457883,50.032192],[14.45781,50.032204],[14.457494,50.032231],[14.457411,50.032223],[14.457354,50.032227],[14.457327,50.032225],[14.457299,50.032223],[14.457101,50.032223],[14.45706,50.03222],[14.456975,50.032221],[14.45694,50.032254],[14.456869,50.032321],[14.456864,50.032411],[14.456849,50.032482],[14.456835,50.032681],[14.456919,50.032815],[14.456983,50.032912],[14.457037,50.032925],[14.457221,50.032987],[14.457461,50.033117],[14.457485,50.033137],[14.457537,50.033224],[14.457614,50.033258],[14.457713,50.033321],[14.458009,50.03352],[14.458083,50.033571],[14.45838,50.033761],[14.458456,50.033804],[14.45862,50.033891],[14.458634,50.033892],[14.459107,50.034052],[14.459121,50.034053],[14.45942,50.034171],[14.459696,50.034267],[14.459747,50.03429],[14.460153,50.034371],[14.460261,50.03439],[14.460342,50.034406],[14.460449,50.034434],[14.460598,50.034465],[14.460586,50.034519],[14.460531,50.034713],[14.460508,50.03482],[14.460485,50.034864],[14.460397,50.03501],[14.460304,50.035183],[14.460225,50.035158],[14.460064,50.035117],[14.460025,50.035104],[14.459997,50.035102],[14.459704,50.035021],[14.459665,50.035009],[14.459623,50.035005],[14.459609,50.035004],[14.459489,50.034975],[14.459259,50.034928],[14.458945,50.034882],[14.458931,50.034881],[14.458876,50.034876],[14.458834,50.034872],[14.458305,50.034843],[14.458263,50.03484],[14.458028,50.034819],[14.457959,50.034813],[14.45786,50.034813],[14.457521,50.03482],[14.457493,50.034817],[14.457337,50.034822],[14.457126,50.034821],[14.457097,50.034828],[14.457012,50.034829],[14.456956,50.034824],[14.456842,50.034832],[14.456728,50.03484],[14.456682,50.034854],[14.456588,50.034901],[14.456572,50.034908],[14.456432,50.034905],[14.456416,50.034913],[14.456311,50.034876],[14.45627,50.034872],[14.456228,50.034869],[14.456229,50.034932],[14.456219,50.034977],[14.456214,50.035067],[14.456212,50.035076],[14.456173,50.035127],[14.456101,50.035266],[14.456061,50.035326],[14.456039,50.03536],[14.455998,50.03542],[14.456015,50.03554],[14.456042,50.035742],[14.456073,50.035862],[14.456089,50.035918],[14.456146,50.03605],[14.456144,50.036059],[14.45615,50.036096],[14.456195,50.036218],[14.456239,50.03634],[14.456309,50.036473],[14.456404,50.03669],[14.456414,50.036709],[14.456434,50.036747],[14.456513,50.036909],[14.456523,50.036928],[14.456533,50.036947],[14.456563,50.037004],[14.456595,50.037052],[14.456605,50.037071],[14.456615,50.03709],[14.456623,50.037118],[14.456635,50.037128],[14.456633,50.037137],[14.456655,50.037166],[14.456663,50.037194],[14.456675,50.037204],[14.456683,50.037232],[14.456695,50.037242],[14.456703,50.03727],[14.456725,50.0373],[14.456745,50.037338],[14.456755,50.037357],[14.456775,50.037395],[14.456796,50.037433],[14.456829,50.037472],[14.456828,50.037481],[14.456858,50.037538],[14.45687,50.037548],[14.456868,50.037557],[14.45689,50.037586],[14.4569,50.037605],[14.456972,50.03773],[14.457042,50.037863],[14.457528,50.037833],[14.457718,50.037995],[14.457778,50.038046],[14.457969,50.038208],[14.458237,50.038404],[14.458458,50.03856],[14.458494,50.03859],[14.458579,50.038652],[14.458726,50.038756],[14.458897,50.03888],[14.459097,50.038997],[14.459213,50.039116],[14.459352,50.039256],[14.459466,50.039384],[14.459614,50.039615],[14.459695,50.039767],[14.459769,50.039946],[14.459883,50.040274],[14.460002,50.040575],[14.460118,50.040821],[14.460224,50.040985],[14.460354,50.041168],[14.460528,50.041347],[14.460685,50.041533],[14.46088,50.041678],[14.461117,50.041889],[14.461373,50.042075],[14.461485,50.042149],[14.461371,50.04222],[14.461084,50.042376],[14.461021,50.042407],[14.460964,50.042411],[14.460861,50.042429],[14.460749,50.042428],[14.460634,50.042436],[14.460476,50.04245],[14.459709,50.042482],[14.459596,50.042481],[14.459539,50.042485],[14.458834,50.04255],[14.45828,50.042573],[14.458221,50.042586],[14.458021,50.042596],[14.457891,50.042612],[14.457848,50.042617],[14.457321,50.042643],[14.457019,50.042671],[14.456721,50.042681],[14.456279,50.042705],[14.456064,50.042723]]]}},{"type":"Feature","properties":{"cislo":4045,"kod":26215,"mestskaCast":"praha-4"},"geometry":{"type":"Polygon","coordinates":[[[14.457286,50.04539],[14.45785,50.045122],[14.458361,50.044904],[14.458548,50.044821],[14.457137,50.044696],[14.456872,50.044155],[14.45653,50.044171],[14.456303,50.044178],[14.456124,50.043036],[14.456064,50.042723],[14.455574,50.04277],[14.455332,50.042785],[14.455018,50.042803],[14.455208,50.044226],[14.454535,50.044276],[14.454492,50.044281],[14.453862,50.044325],[14.453418,50.044358],[14.453419,50.044422],[14.453482,50.044918],[14.453483,50.045045],[14.455743,50.044891],[14.455791,50.045394],[14.456328,50.045387],[14.457286,50.04539]]]}},{"type":"Feature","properties":{"cislo":4046,"kod":26217,"mestskaCast":"praha-4"},"geometry":{"type":"Polygon","coordinates":[[[14.451016,50.045181],[14.452067,50.045147],[14.452568,50.045109],[14.453483,50.045045],[14.453482,50.044918],[14.453419,50.044422],[14.453418,50.044358],[14.453862,50.044325],[14.454492,50.044281],[14.454535,50.044276],[14.455208,50.044226],[14.455018,50.042803],[14.45456,50.042835],[14.454302,50.042857],[14.454043,50.04288],[14.453686,50.042903],[14.453258,50.042929],[14.453157,50.042938],[14.452812,50.042971],[14.452796,50.042979],[14.45256,50.04303],[14.452487,50.043042],[14.452382,50.043069],[14.452211,50.043145],[14.45206,50.043195],[14.45145,50.04354],[14.451323,50.043611],[14.450967,50.043824],[14.450775,50.043934],[14.450759,50.043942],[14.450563,50.04407],[14.45025,50.044278],[14.449111,50.044994],[14.448732,50.045251],[14.449279,50.045663],[14.449994,50.045218],[14.450464,50.045196],[14.451016,50.045181]]]}},{"type":"Feature","properties":{"cislo":4047,"kod":26219,"mestskaCast":"praha-4"},"geometry":{"type":"Polygon","coordinates":[[[14.457286,50.04539],[14.456328,50.045387],[14.455791,50.045394],[14.455743,50.044891],[14.453483,50.045045],[14.452568,50.045109],[14.452067,50.045147],[14.451016,50.045181],[14.451121,50.045217],[14.451135,50.045219],[14.451202,50.045234],[14.451284,50.04525],[14.451365,50.045266],[14.45176,50.045528],[14.451883,50.045611],[14.45197,50.045664],[14.451919,50.045705],[14.452082,50.045801],[14.452215,50.045904],[14.452444,50.046088],[14.452144,50.046106],[14.45269,50.046454],[14.453541,50.046956],[14.453742,50.047073],[14.453805,50.047043],[14.454668,50.046629],[14.455813,50.046086],[14.456859,50.045606],[14.457286,50.04539]]]}},{"type":"Feature","properties":{"cislo":4048,"kod":26221,"mestskaCast":"praha-4"},"geometry":{"type":"Polygon","coordinates":[[[14.452389,50.047734],[14.452513,50.047682],[14.453742,50.047073],[14.453541,50.046956],[14.45269,50.046454],[14.452144,50.046106],[14.452444,50.046088],[14.452215,50.045904],[14.452082,50.045801],[14.451919,50.045705],[14.45197,50.045664],[14.451883,50.045611],[14.45176,50.045528],[14.451365,50.045266],[14.451284,50.04525],[14.451202,50.045234],[14.451135,50.045219],[14.451121,50.045217],[14.451016,50.045181],[14.450464,50.045196],[14.449994,50.045218],[14.449279,50.045663],[14.448732,50.045251],[14.447302,50.046141],[14.447155,50.046237],[14.447624,50.046551],[14.447333,50.046725],[14.448205,50.047328],[14.447769,50.047589],[14.447655,50.047661],[14.448479,50.048224],[14.449145,50.048673],[14.449616,50.048379],[14.449505,50.048305],[14.45075,50.047553],[14.450908,50.047476],[14.451159,50.047553],[14.451413,50.047621],[14.451713,50.047666],[14.452389,50.047734]]]}},{"type":"Feature","properties":{"cislo":4049,"kod":26223,"mestskaCast":"praha-4"},"geometry":{"type":"Polygon","coordinates":[[[14.445688,50.051135],[14.446302,50.050836],[14.44836,50.049774],[14.449167,50.049365],[14.449558,50.049181],[14.452389,50.047734],[14.451713,50.047666],[14.451413,50.047621],[14.451159,50.047553],[14.450908,50.047476],[14.45075,50.047553],[14.449505,50.048305],[14.449616,50.048379],[14.449145,50.048673],[14.448479,50.048224],[14.447655,50.047661],[14.447769,50.047589],[14.448205,50.047328],[14.447333,50.046725],[14.447624,50.046551],[14.447155,50.046237],[14.447057,50.046301],[14.446976,50.046349],[14.445226,50.047419],[14.444383,50.047934],[14.442863,50.048853],[14.44178,50.049501],[14.441511,50.049704],[14.441288,50.049893],[14.441135,50.050016],[14.441216,50.050096],[14.441838,50.050486],[14.442897,50.051007],[14.442968,50.051004],[14.443078,50.051014],[14.443213,50.051044],[14.443383,50.051104],[14.443593,50.051177],[14.443878,50.05123],[14.444109,50.051268],[14.444293,50.051266],[14.444532,50.051269],[14.444848,50.051243],[14.445298,50.051183],[14.445688,50.051135]]]}},{"type":"Feature","properties":{"cislo":4050,"kod":26225,"mestskaCast":"praha-4"},"geometry":{"type":"Polygon","coordinates":[[[14.472495,50.054966],[14.472508,50.054967],[14.472612,50.054975],[14.472947,50.055],[14.4731,50.055021],[14.473251,50.055054],[14.473455,50.055059],[14.473657,50.055022],[14.473682,50.055007],[14.473873,50.054966],[14.47402,50.05498],[14.474123,50.055018],[14.474243,50.055155],[14.474369,50.055235],[14.474482,50.055285],[14.474706,50.055325],[14.474847,50.055333],[14.475027,50.055317],[14.475062,50.055305],[14.475108,50.055276],[14.47524,50.055187],[14.475372,50.055281],[14.475535,50.055318],[14.475661,50.055328],[14.475793,50.05528],[14.475927,50.055328],[14.475979,50.055411],[14.476042,50.055442],[14.476185,50.055503],[14.476288,50.055503],[14.476392,50.055456],[14.476495,50.055299],[14.476621,50.055187],[14.476618,50.055124],[14.476422,50.054996],[14.476475,50.054919],[14.476623,50.054861],[14.476691,50.054872],[14.47685,50.054992],[14.476852,50.054994],[14.476894,50.055006],[14.477023,50.05513],[14.477279,50.055002],[14.477447,50.054998],[14.477493,50.055069],[14.477559,50.055154],[14.477638,50.055191],[14.47772,50.055213],[14.477808,50.055209],[14.477967,50.055137],[14.478131,50.055146],[14.47823,50.055228],[14.478325,50.055366],[14.478482,50.055478],[14.4785,50.055492],[14.478759,50.05549],[14.479374,50.055606],[14.479603,50.055602],[14.479762,50.055559],[14.479838,50.0555],[14.479878,50.055515],[14.479946,50.055508],[14.480015,50.055548],[14.48017,50.055571],[14.480257,50.055553],[14.480308,50.055502],[14.480309,50.0555],[14.480394,50.055369],[14.480457,50.055219],[14.480404,50.054987],[14.480692,50.054901],[14.480734,50.054781],[14.480781,50.054704],[14.480784,50.054674],[14.480631,50.054628],[14.480521,50.054547],[14.48058,50.054503],[14.480635,50.054397],[14.480686,50.054318],[14.480897,50.054212],[14.480933,50.054182],[14.481273,50.054067],[14.481412,50.054002],[14.481549,50.053951],[14.481674,50.05393],[14.481837,50.053942],[14.481906,50.053932],[14.481947,50.053929],[14.482077,50.053906],[14.48227,50.053917],[14.482389,50.053896],[14.482617,50.053912],[14.482708,50.053908],[14.482832,50.053901],[14.482971,50.053906],[14.483153,50.053894],[14.483202,50.053887],[14.483354,50.053866],[14.483361,50.053866],[14.483412,50.053858],[14.483481,50.053854],[14.483662,50.053842],[14.483674,50.053748],[14.483619,50.053589],[14.483581,50.053433],[14.483577,50.053331],[14.48369,50.053283],[14.483778,50.05322],[14.48385,50.053151],[14.483879,50.053109],[14.483917,50.053024],[14.48394,50.052958],[14.483957,50.052853],[14.483964,50.052781],[14.483962,50.052677],[14.483965,50.052567],[14.483972,50.052505],[14.484002,50.052414],[14.484055,50.052323],[14.484098,50.052257],[14.484159,50.052186],[14.484237,50.052105],[14.4843,50.052053],[14.484371,50.052001],[14.484826,50.05179],[14.484774,50.051748],[14.484961,50.051641],[14.485107,50.051584],[14.485122,50.051578],[14.485242,50.05153],[14.485269,50.051518],[14.485118,50.051526],[14.485076,50.051528],[14.484984,50.051533],[14.48495,50.051534],[14.484907,50.051536],[14.484865,50.051538],[14.484819,50.051541],[14.484782,50.051542],[14.484646,50.051539],[14.484592,50.051538],[14.484551,50.051537],[14.484518,50.051536],[14.484482,50.051524],[14.484442,50.051516],[14.484401,50.05151],[14.484262,50.051508],[14.48403,50.051432],[14.483867,50.051406],[14.483228,50.051305],[14.483117,50.051286],[14.483088,50.051282],[14.482555,50.051238],[14.482357,50.051222],[14.482376,50.05102],[14.482528,50.051004],[14.482638,50.050991],[14.483103,50.05094],[14.483196,50.05093],[14.48458,50.050778],[14.484581,50.050773],[14.484376,50.050546],[14.484313,50.050441],[14.484441,50.050107],[14.484629,50.049552],[14.484613,50.049496],[14.484587,50.049485],[14.484598,50.049432],[14.484729,50.049017],[14.484418,50.048953],[14.484351,50.048938],[14.483836,50.048775],[14.483687,50.048743],[14.483511,50.04871],[14.483061,50.048643],[14.482815,50.048603],[14.482776,50.048591],[14.48274,50.04856],[14.482599,50.048493],[14.482286,50.048375],[14.482084,50.04853],[14.481696,50.048831],[14.481468,50.048974],[14.480953,50.049274],[14.480737,50.049364],[14.480383,50.049505],[14.479849,50.049694],[14.479684,50.049743],[14.479499,50.049817],[14.47933,50.049884],[14.479115,50.049965],[14.478956,50.050051],[14.478781,50.050144],[14.478618,50.050248],[14.478481,50.050363],[14.478246,50.050606],[14.478231,50.050613],[14.478082,50.050782],[14.477784,50.051055],[14.477575,50.051245],[14.477424,50.051359],[14.477292,50.051447],[14.477041,50.05157],[14.476931,50.051624],[14.476881,50.051656],[14.476691,50.051757],[14.476596,50.051803],[14.475341,50.052473],[14.474959,50.052675],[14.474946,50.052674],[14.474674,50.052823],[14.473703,50.053345],[14.473513,50.053446],[14.473385,50.053517],[14.473306,50.053555],[14.473163,50.053633],[14.473037,50.053695],[14.472949,50.053778],[14.472759,50.053942],[14.472704,50.054001],[14.472628,50.054094],[14.472511,50.054311],[14.472502,50.054355],[14.472438,50.054459],[14.472339,50.054659],[14.47231,50.054729],[14.472277,50.054817],[14.472251,50.054939],[14.47229,50.054943],[14.472387,50.054954],[14.472391,50.054954],[14.472396,50.054955],[14.47241,50.054956],[14.472495,50.054966]]]}},{"type":"Feature","properties":{"cislo":4051,"kod":26227,"mestskaCast":"praha-4"},"geometry":{"type":"Polygon","coordinates":[[[14.484729,50.049017],[14.484598,50.049432],[14.484587,50.049485],[14.484613,50.049496],[14.484629,50.049552],[14.484441,50.050107],[14.484313,50.050441],[14.484376,50.050546],[14.484581,50.050773],[14.48458,50.050778],[14.485666,50.050658],[14.4857,50.050654],[14.488124,50.050387],[14.488171,50.050382],[14.488331,50.050365],[14.488331,50.050365],[14.487988,50.048868],[14.487382,50.048933],[14.487009,50.048963],[14.486287,50.049045],[14.485591,50.049138],[14.485561,50.049144],[14.485057,50.049064],[14.484729,50.049017]]]}},{"type":"Feature","properties":{"cislo":4052,"kod":26229,"mestskaCast":"praha-4"},"geometry":{"type":"Polygon","coordinates":[[[14.487382,50.048933],[14.48723,50.04872],[14.487232,50.048711],[14.48714,50.048612],[14.487002,50.048464],[14.486901,50.048409],[14.486994,50.048236],[14.487031,50.048194],[14.487127,50.048012],[14.48731,50.04781],[14.487597,50.047853],[14.487678,50.04787],[14.487801,50.04789],[14.48787,50.047896],[14.487891,50.047861],[14.487864,50.047859],[14.487867,50.047841],[14.487893,50.047852],[14.487906,50.04779],[14.487928,50.047756],[14.487937,50.047711],[14.487925,50.047701],[14.487927,50.047692],[14.487955,50.047694],[14.487993,50.04758],[14.488076,50.047324],[14.487807,50.047264],[14.487767,50.047251],[14.48675,50.046998],[14.486162,50.046847],[14.48579,50.046742],[14.485271,50.046596],[14.484952,50.046504],[14.484813,50.046565],[14.48464,50.046649],[14.484323,50.046812],[14.483989,50.046991],[14.483758,50.047152],[14.483508,50.04733],[14.483375,50.047427],[14.483287,50.04751],[14.483191,50.047629],[14.483082,50.047746],[14.482896,50.047893],[14.482286,50.048375],[14.482599,50.048493],[14.48274,50.04856],[14.482776,50.048591],[14.482815,50.048603],[14.483061,50.048643],[14.483511,50.04871],[14.483687,50.048743],[14.483836,50.048775],[14.484351,50.048938],[14.484418,50.048953],[14.484729,50.049017],[14.485057,50.049064],[14.485561,50.049144],[14.485591,50.049138],[14.486287,50.049045],[14.487009,50.048963],[14.487382,50.048933]]]}},{"type":"Feature","properties":{"cislo":4053,"kod":26231,"mestskaCast":"praha-4"},"geometry":{"type":"Polygon","coordinates":[[[14.487382,50.048933],[14.487988,50.048868],[14.488331,50.050365],[14.488331,50.050365],[14.489807,50.050205],[14.491908,50.04997],[14.492092,50.04995],[14.492213,50.049937],[14.492223,50.049936],[14.492923,50.049288],[14.492939,50.049273],[14.493001,50.049215],[14.493009,50.049208],[14.493047,50.049172],[14.493061,50.04916],[14.493068,50.049153],[14.493151,50.049077],[14.493216,50.049016],[14.493282,50.048956],[14.493348,50.048895],[14.493413,50.048835],[14.493478,50.048776],[14.493542,50.048716],[14.493606,50.048657],[14.49367,50.048599],[14.493689,50.048581],[14.493686,50.04858],[14.491583,50.048195],[14.491629,50.047981],[14.490583,50.047862],[14.490173,50.047799],[14.489792,50.047738],[14.489562,50.047691],[14.489055,50.047555],[14.488703,50.047488],[14.488076,50.047324],[14.487993,50.04758],[14.487955,50.047694],[14.487927,50.047692],[14.487925,50.047701],[14.487937,50.047711],[14.487928,50.047756],[14.487906,50.04779],[14.487893,50.047852],[14.487867,50.047841],[14.487864,50.047859],[14.487891,50.047861],[14.48787,50.047896],[14.487801,50.04789],[14.487678,50.04787],[14.487597,50.047853],[14.48731,50.04781],[14.487127,50.048012],[14.487031,50.048194],[14.486994,50.048236],[14.486901,50.048409],[14.487002,50.048464],[14.48714,50.048612],[14.487232,50.048711],[14.48723,50.04872],[14.487382,50.048933]]]}},{"type":"Feature","properties":{"cislo":4054,"kod":26233,"mestskaCast":"praha-4"},"geometry":{"type":"Polygon","coordinates":[[[14.493689,50.048581],[14.493733,50.048541],[14.493795,50.048483],[14.493797,50.048482],[14.493804,50.048475],[14.493811,50.048469],[14.493872,50.048413],[14.493936,50.048353],[14.494003,50.048292],[14.494069,50.04823],[14.494136,50.048169],[14.494204,50.048106],[14.494272,50.048043],[14.494343,50.047978],[14.494368,50.047955],[14.494439,50.047889],[14.494511,50.047822],[14.494585,50.047754],[14.494658,50.047686],[14.49473,50.04762],[14.494802,50.047553],[14.494873,50.047488],[14.494944,50.047422],[14.494971,50.047397],[14.494966,50.047395],[14.494568,50.047278],[14.494459,50.04726],[14.494418,50.047256],[14.494303,50.047264],[14.493551,50.047425],[14.493099,50.047494],[14.492841,50.047516],[14.492584,50.04753],[14.492305,50.047515],[14.492605,50.046035],[14.492455,50.046012],[14.492426,50.046019],[14.49239,50.046052],[14.492347,50.046057],[14.49229,50.046061],[14.49225,50.046049],[14.492197,50.046035],[14.492175,50.046006],[14.492155,50.045968],[14.492144,50.045949],[14.492138,50.045912],[14.492069,50.045906],[14.491424,50.045758],[14.491378,50.045908],[14.491256,50.046351],[14.489866,50.046193],[14.489681,50.04693],[14.489614,50.046915],[14.489482,50.046876],[14.489112,50.047488],[14.489055,50.047555],[14.489562,50.047691],[14.489792,50.047738],[14.490173,50.047799],[14.490583,50.047862],[14.491629,50.047981],[14.491583,50.048195],[14.493686,50.04858],[14.493689,50.048581]]]}},{"type":"Feature","properties":{"cislo":4055,"kod":26235,"mestskaCast":"praha-4"},"geometry":{"type":"Polygon","coordinates":[[[14.494568,50.047278],[14.494966,50.047395],[14.494971,50.047397],[14.495016,50.047355],[14.495085,50.047292],[14.495159,50.047224],[14.495229,50.047159],[14.495278,50.047114],[14.495285,50.047107],[14.495292,50.0471],[14.495302,50.047091],[14.495379,50.04702],[14.495385,50.047015],[14.495436,50.046967],[14.495445,50.046959],[14.495467,50.046939],[14.495485,50.046922],[14.495495,50.046913],[14.496241,50.046224],[14.496193,50.04618],[14.495978,50.045858],[14.495962,50.045701],[14.495693,50.045589],[14.495666,50.045558],[14.495007,50.045142],[14.495061,50.045056],[14.494873,50.045009],[14.494765,50.044943],[14.49454,50.044851],[14.494434,50.04483],[14.49425,50.044702],[14.494273,50.044476],[14.494399,50.0444],[14.494516,50.044132],[14.494261,50.044004],[14.494145,50.043971],[14.494002,50.043928],[14.493905,50.043896],[14.493764,50.043915],[14.493648,50.043929],[14.493609,50.043932],[14.493611,50.043924],[14.493616,50.043898],[14.493627,50.043835],[14.493407,50.043867],[14.493315,50.04388],[14.493227,50.043872],[14.493164,50.043842],[14.493052,50.04373],[14.493021,50.043648],[14.492658,50.04348],[14.492406,50.043364],[14.492341,50.043337],[14.492306,50.043323],[14.492145,50.043256],[14.491928,50.043167],[14.491745,50.043125],[14.491528,50.043043],[14.49142,50.042988],[14.491101,50.042891],[14.491073,50.042837],[14.490972,50.042806],[14.490969,50.042805],[14.490927,50.042792],[14.490771,50.042791],[14.490631,50.042791],[14.490415,50.042713],[14.490371,50.042697],[14.490359,50.042693],[14.490345,50.042676],[14.490345,50.042676],[14.490344,50.042678],[14.49031,50.042774],[14.490272,50.042953],[14.490244,50.04315],[14.490171,50.043361],[14.490581,50.043488],[14.491339,50.0437],[14.491793,50.043821],[14.49225,50.043989],[14.49248,50.0441],[14.492685,50.044199],[14.492868,50.044334],[14.493086,50.044498],[14.493266,50.04465],[14.493323,50.044709],[14.493531,50.044927],[14.49383,50.045244],[14.494032,50.045552],[14.494255,50.045898],[14.494533,50.046313],[14.494541,50.046341],[14.494636,50.046558],[14.494685,50.046726],[14.494695,50.046881],[14.494688,50.04698],[14.494661,50.047105],[14.494595,50.047217],[14.494568,50.047278]]]}},{"type":"Feature","properties":{"cislo":4056,"kod":26237,"mestskaCast":"praha-4"},"geometry":{"type":"Polygon","coordinates":[[[14.491424,50.045758],[14.492069,50.045906],[14.492138,50.045912],[14.492144,50.045949],[14.492155,50.045968],[14.492175,50.046006],[14.492197,50.046035],[14.49225,50.046049],[14.49229,50.046061],[14.492347,50.046057],[14.49239,50.046052],[14.492426,50.046019],[14.492455,50.046012],[14.492605,50.046035],[14.492305,50.047515],[14.492584,50.04753],[14.492841,50.047516],[14.493099,50.047494],[14.493551,50.047425],[14.494303,50.047264],[14.494418,50.047256],[14.494459,50.04726],[14.494568,50.047278],[14.494595,50.047217],[14.494661,50.047105],[14.494688,50.04698],[14.494695,50.046881],[14.494685,50.046726],[14.494636,50.046558],[14.494541,50.046341],[14.494533,50.046313],[14.494255,50.045898],[14.494032,50.045552],[14.49383,50.045244],[14.493531,50.044927],[14.493323,50.044709],[14.493266,50.04465],[14.493086,50.044498],[14.492868,50.044334],[14.492685,50.044199],[14.49248,50.0441],[14.49225,50.043989],[14.491793,50.043821],[14.491339,50.0437],[14.49124,50.043836],[14.490793,50.044414],[14.490481,50.044759],[14.490437,50.044964],[14.490518,50.04498],[14.490629,50.04499],[14.490641,50.045],[14.490657,50.045056],[14.490679,50.045085],[14.490668,50.045138],[14.490668,50.045202],[14.490669,50.045265],[14.490619,50.04537],[14.490574,50.045448],[14.49057,50.045465],[14.49048,50.045557],[14.490549,50.045563],[14.491424,50.045758]]]}},{"type":"Feature","properties":{"cislo":4057,"kod":26239,"mestskaCast":"praha-4"},"geometry":{"type":"Polygon","coordinates":[[[14.489866,50.046193],[14.491256,50.046351],[14.491378,50.045908],[14.491424,50.045758],[14.490549,50.045563],[14.49048,50.045557],[14.49057,50.045465],[14.490574,50.045448],[14.490619,50.04537],[14.490669,50.045265],[14.490668,50.045202],[14.490668,50.045138],[14.490679,50.045085],[14.490657,50.045056],[14.490641,50.045],[14.490629,50.04499],[14.490518,50.04498],[14.490437,50.044964],[14.490481,50.044759],[14.490793,50.044414],[14.49124,50.043836],[14.491339,50.0437],[14.490581,50.043488],[14.490171,50.043361],[14.490244,50.04315],[14.490272,50.042953],[14.49031,50.042774],[14.490344,50.042678],[14.490345,50.042676],[14.490345,50.042676],[14.490281,50.042596],[14.490157,50.042443],[14.490138,50.042419],[14.490128,50.042407],[14.490081,50.042307],[14.490052,50.042245],[14.489978,50.042085],[14.489982,50.042046],[14.489985,50.042013],[14.489988,50.041981],[14.489899,50.041984],[14.489853,50.041985],[14.489836,50.041998],[14.489492,50.042254],[14.48933,50.042386],[14.489292,50.042418],[14.489273,50.042433],[14.48921,50.042485],[14.489176,50.042513],[14.48914,50.042543],[14.48908,50.042593],[14.489003,50.042649],[14.488933,50.0427],[14.488901,50.042723],[14.488782,50.042811],[14.488638,50.042895],[14.488566,50.042938],[14.488595,50.043006],[14.488668,50.04318],[14.488697,50.043249],[14.488757,50.043393],[14.488796,50.043514],[14.488813,50.043566],[14.488834,50.043628],[14.488847,50.043837],[14.488846,50.043858],[14.488846,50.043865],[14.488843,50.043919],[14.488837,50.044009],[14.488806,50.04425],[14.488799,50.044304],[14.488782,50.04446],[14.488949,50.0445],[14.488963,50.044503],[14.488892,50.044575],[14.488776,50.044692],[14.488775,50.044691],[14.488513,50.04493],[14.488445,50.044988],[14.488327,50.045077],[14.487706,50.045413],[14.488402,50.045656],[14.489849,50.045874],[14.489927,50.045908],[14.489978,50.04593],[14.489943,50.045964],[14.48966,50.046166],[14.489866,50.046193]]]}},{"type":"Feature","properties":{"cislo":4058,"kod":26241,"mestskaCast":"praha-4"},"geometry":{"type":"Polygon","coordinates":[[[14.489055,50.047555],[14.489112,50.047488],[14.489482,50.046876],[14.489614,50.046915],[14.489681,50.04693],[14.489866,50.046193],[14.48966,50.046166],[14.489943,50.045964],[14.489978,50.04593],[14.489927,50.045908],[14.489849,50.045874],[14.488402,50.045656],[14.487706,50.045413],[14.488327,50.045077],[14.488445,50.044988],[14.488513,50.04493],[14.488775,50.044691],[14.488653,50.044623],[14.488569,50.044576],[14.48852,50.044549],[14.488276,50.044555],[14.488164,50.044554],[14.487962,50.04455],[14.487852,50.044555],[14.487593,50.044565],[14.487497,50.044569],[14.487069,50.044568],[14.486869,50.044567],[14.486867,50.044567],[14.486803,50.044567],[14.486414,50.044539],[14.486372,50.044535],[14.486329,50.044531],[14.48632,50.04453],[14.486316,50.044528],[14.486288,50.044526],[14.485577,50.044953],[14.484838,50.045451],[14.48429,50.045838],[14.484122,50.045968],[14.483928,50.046151],[14.483875,50.046201],[14.484382,50.046336],[14.484952,50.046504],[14.485271,50.046596],[14.48579,50.046742],[14.486162,50.046847],[14.48675,50.046998],[14.487767,50.047251],[14.487807,50.047264],[14.488076,50.047324],[14.488703,50.047488],[14.489055,50.047555]]]}},{"type":"Feature","properties":{"cislo":4059,"kod":26243,"mestskaCast":"praha-4"},"geometry":{"type":"Polygon","coordinates":[[[14.478201,50.044322],[14.479602,50.044953],[14.479783,50.045033],[14.479943,50.045074],[14.480579,50.045266],[14.481456,50.045516],[14.483277,50.04603],[14.483875,50.046201],[14.483928,50.046151],[14.484122,50.045968],[14.48429,50.045838],[14.484838,50.045451],[14.485577,50.044953],[14.486288,50.044526],[14.486316,50.044528],[14.48632,50.04453],[14.486388,50.044482],[14.486662,50.04429],[14.486836,50.044129],[14.486899,50.044072],[14.487259,50.04374],[14.487326,50.043679],[14.487336,50.04367],[14.487441,50.043574],[14.487685,50.043337],[14.487775,50.043233],[14.487925,50.042991],[14.488066,50.042744],[14.488084,50.042719],[14.488051,50.0427],[14.488021,50.042689],[14.487922,50.042652],[14.488002,50.042542],[14.488052,50.042458],[14.488054,50.042454],[14.488081,50.042374],[14.488084,50.042287],[14.488084,50.04228],[14.488076,50.042218],[14.488056,50.042155],[14.488,50.042072],[14.487931,50.042001],[14.487846,50.041936],[14.487742,50.041875],[14.487642,50.041823],[14.487413,50.041716],[14.487285,50.041649],[14.487149,50.041566],[14.487064,50.041502],[14.486899,50.041376],[14.486871,50.041345],[14.486843,50.041319],[14.486814,50.041284],[14.486789,50.041257],[14.486759,50.04124],[14.486747,50.041236],[14.486721,50.041224],[14.486671,50.041208],[14.486615,50.041197],[14.486427,50.041173],[14.486189,50.041142],[14.485983,50.041116],[14.485748,50.041086],[14.48536,50.041038],[14.485024,50.041001],[14.484678,50.040962],[14.484335,50.040924],[14.48399,50.040885],[14.483468,50.040823],[14.483371,50.040811],[14.483096,50.040777],[14.482891,50.040751],[14.48285,50.040746],[14.482759,50.040735],[14.482737,50.040732],[14.482484,50.040696],[14.482178,50.040648],[14.481884,50.040602],[14.481635,50.040564],[14.481401,50.040529],[14.481278,50.040511],[14.481278,50.040511],[14.481254,50.040561],[14.481148,50.040861],[14.480925,50.041449],[14.480596,50.042264],[14.480352,50.042487],[14.480142,50.042678],[14.479843,50.04296],[14.479594,50.043201],[14.479312,50.043467],[14.479243,50.043461],[14.479202,50.043457],[14.479105,50.043448],[14.478988,50.043465],[14.478886,50.043484],[14.478752,50.043517],[14.478661,50.043545],[14.478632,50.043552],[14.478553,50.04359],[14.478457,50.043645],[14.478351,50.043745],[14.478801,50.043948],[14.478396,50.04433],[14.478331,50.044306],[14.478253,50.044272],[14.478201,50.044322]]]}},{"type":"Feature","properties":{"cislo":4060,"kod":26245,"mestskaCast":"praha-4"},"geometry":{"type":"Polygon","coordinates":[[[14.477563,50.044937],[14.47813,50.044388],[14.478201,50.044322],[14.478253,50.044272],[14.478331,50.044306],[14.478396,50.04433],[14.478801,50.043948],[14.478351,50.043745],[14.478457,50.043645],[14.478553,50.04359],[14.478632,50.043552],[14.478661,50.043545],[14.478752,50.043517],[14.478886,50.043484],[14.478988,50.043465],[14.479105,50.043448],[14.479202,50.043457],[14.479243,50.043461],[14.479312,50.043467],[14.479594,50.043201],[14.479843,50.04296],[14.480142,50.042678],[14.480352,50.042487],[14.480596,50.042264],[14.480925,50.041449],[14.481148,50.040861],[14.481254,50.040561],[14.481278,50.040511],[14.481278,50.040511],[14.481262,50.040509],[14.481118,50.040488],[14.480967,50.040468],[14.480818,50.040454],[14.480527,50.040427],[14.480232,50.040399],[14.479964,50.040374],[14.479801,50.040359],[14.479547,50.040321],[14.479057,50.040263],[14.477331,50.040046],[14.476704,50.039979],[14.475978,50.039921],[14.475641,50.039899],[14.47524,50.039889],[14.474848,50.039882],[14.474521,50.039887],[14.474203,50.039895],[14.473653,50.03992],[14.473588,50.039924],[14.472994,50.039968],[14.472705,50.039984],[14.472671,50.039861],[14.472666,50.039843],[14.472632,50.039715],[14.472334,50.039699],[14.472145,50.039689],[14.471967,50.039667],[14.471736,50.039611],[14.471497,50.039542],[14.471253,50.039461],[14.471005,50.03938],[14.470762,50.039296],[14.470496,50.039203],[14.470383,50.039166],[14.470267,50.039128],[14.470228,50.039116],[14.470111,50.03908],[14.470034,50.039064],[14.46952,50.03896],[14.469519,50.038956],[14.469519,50.038956],[14.469518,50.038964],[14.469403,50.039172],[14.469506,50.039217],[14.46957,50.03925],[14.469643,50.039302],[14.469687,50.03936],[14.469739,50.039446],[14.469747,50.039474],[14.469748,50.039538],[14.469707,50.039798],[14.469705,50.03987],[14.469758,50.039956],[14.469794,50.04005],[14.46983,50.040144],[14.470006,50.040314],[14.47033,50.040642],[14.470506,50.040875],[14.470641,50.041105],[14.470731,50.041276],[14.470854,50.041559],[14.471112,50.041736],[14.471174,50.041778],[14.471402,50.041898],[14.471626,50.041972],[14.471923,50.042035],[14.47247,50.04211],[14.472503,50.042222],[14.472607,50.042594],[14.472634,50.042733],[14.472646,50.042743],[14.47267,50.043026],[14.47267,50.04329],[14.472777,50.043317],[14.472965,50.043361],[14.473474,50.043487],[14.473488,50.043489],[14.473769,50.043559],[14.473901,50.043598],[14.474343,50.043709],[14.474517,50.043752],[14.474891,50.043848],[14.475105,50.043904],[14.475184,50.043929],[14.475421,50.044004],[14.475677,50.044126],[14.475755,50.04416],[14.47605,50.044295],[14.476954,50.044684],[14.477331,50.044835],[14.477563,50.044937]]]}},{"type":"Feature","properties":{"cislo":4061,"kod":26247,"mestskaCast":"praha-4"},"geometry":{"type":"Polygon","coordinates":[[[14.476515,50.047014],[14.475783,50.046677],[14.476351,50.046128],[14.476549,50.045927],[14.476762,50.045719],[14.476958,50.045528],[14.477155,50.045328],[14.477563,50.044937],[14.477331,50.044835],[14.476954,50.044684],[14.47605,50.044295],[14.475755,50.04416],[14.475677,50.044126],[14.475421,50.044004],[14.475184,50.043929],[14.475105,50.043904],[14.474891,50.043848],[14.474517,50.043752],[14.474343,50.043709],[14.473901,50.043598],[14.473769,50.043559],[14.473488,50.043489],[14.473474,50.043487],[14.472965,50.043361],[14.472777,50.043317],[14.47267,50.04329],[14.47267,50.043026],[14.472646,50.042743],[14.472634,50.042733],[14.472607,50.042594],[14.472503,50.042222],[14.47247,50.04211],[14.471923,50.042035],[14.471626,50.041972],[14.471402,50.041898],[14.471174,50.041778],[14.471112,50.041736],[14.470854,50.041559],[14.470731,50.041276],[14.470641,50.041105],[14.470506,50.040875],[14.47033,50.040642],[14.470006,50.040314],[14.46884,50.040629],[14.468523,50.040728],[14.469021,50.041234],[14.468893,50.041305],[14.46766,50.042067],[14.467708,50.042108],[14.468657,50.042682],[14.468802,50.042595],[14.468865,50.042564],[14.470819,50.043979],[14.471228,50.044306],[14.471122,50.044741],[14.471076,50.044955],[14.471053,50.045062],[14.471053,50.045198],[14.471052,50.045334],[14.470562,50.045581],[14.470183,50.045775],[14.46987,50.04592],[14.469636,50.046026],[14.469363,50.04612],[14.469089,50.046214],[14.468772,50.046313],[14.468766,50.046339],[14.468863,50.046348],[14.468889,50.046359],[14.468917,50.046362],[14.468958,50.046365],[14.46897,50.046376],[14.469012,50.046379],[14.469093,50.046395],[14.469176,50.046403],[14.469215,50.046415],[14.469255,50.046428],[14.469283,50.04643],[14.469348,50.046454],[14.469506,50.046505],[14.469546,50.046517],[14.4696,50.046531],[14.469811,50.046595],[14.469968,50.046654],[14.470568,50.046879],[14.470646,50.046914],[14.470856,50.046987],[14.470868,50.046997],[14.470919,50.047019],[14.470915,50.047037],[14.470892,50.04708],[14.47089,50.047089],[14.471084,50.04717],[14.471162,50.047204],[14.471189,50.047207],[14.471354,50.047294],[14.471392,50.047315],[14.471566,50.047421],[14.471592,50.047433],[14.471759,50.047574],[14.471757,50.047583],[14.471771,50.047585],[14.471889,50.047695],[14.471899,50.047714],[14.471989,50.047822],[14.472033,50.04788],[14.472057,50.0479],[14.472147,50.048071],[14.472155,50.048099],[14.472153,50.048108],[14.47221,50.04824],[14.472208,50.048249],[14.47221,50.048304],[14.47222,50.048323],[14.472231,50.048406],[14.472227,50.048423],[14.472228,50.048487],[14.474505,50.048715],[14.475216,50.048088],[14.47537,50.048156],[14.47555,50.047972],[14.475605,50.047913],[14.475752,50.047754],[14.476024,50.047469],[14.476092,50.047412],[14.476515,50.047014]]]}},{"type":"Feature","properties":{"cislo":4062,"kod":26249,"mestskaCast":"praha-4"},"geometry":{"type":"Polygon","coordinates":[[[14.472331,50.049658],[14.472401,50.049727],[14.472503,50.049845],[14.472538,50.049876],[14.472537,50.049884],[14.472625,50.050001],[14.472851,50.05033],[14.472959,50.050548],[14.472981,50.050577],[14.472988,50.050614],[14.473053,50.050901],[14.47305,50.050919],[14.473034,50.05099],[14.473205,50.050914],[14.473349,50.050836],[14.473616,50.050706],[14.473725,50.050661],[14.473803,50.050622],[14.47385,50.050599],[14.474049,50.050526],[14.474321,50.050441],[14.474335,50.050442],[14.474669,50.050263],[14.474695,50.050274],[14.474885,50.050173],[14.474982,50.050118],[14.475141,50.050032],[14.475202,50.050011],[14.475383,50.049954],[14.475566,50.049888],[14.475582,50.049881],[14.475682,50.049871],[14.475899,50.049782],[14.476377,50.049588],[14.476758,50.049785],[14.477244,50.050018],[14.477585,50.050202],[14.47771,50.050277],[14.477964,50.050408],[14.47805,50.05047],[14.478231,50.050613],[14.478246,50.050606],[14.478481,50.050363],[14.478618,50.050248],[14.478781,50.050144],[14.478956,50.050051],[14.479115,50.049965],[14.47933,50.049884],[14.479499,50.049817],[14.479684,50.049743],[14.479849,50.049694],[14.479898,50.049598],[14.480175,50.049287],[14.480669,50.048886],[14.480738,50.048829],[14.480169,50.048588],[14.479806,50.048438],[14.479689,50.048391],[14.478835,50.048035],[14.47806,50.047703],[14.478034,50.047692],[14.477118,50.047294],[14.476708,50.047103],[14.476515,50.047014],[14.476092,50.047412],[14.476024,50.047469],[14.475752,50.047754],[14.475605,50.047913],[14.47555,50.047972],[14.47537,50.048156],[14.475216,50.048088],[14.474505,50.048715],[14.472228,50.048487],[14.472239,50.048633],[14.47221,50.048767],[14.472166,50.048908],[14.472114,50.049021],[14.472058,50.049153],[14.472054,50.04917],[14.47196,50.04928],[14.471923,50.049322],[14.472062,50.049334],[14.472194,50.049509],[14.472297,50.049618],[14.472331,50.049658]]]}},{"type":"Feature","properties":{"cislo":4063,"kod":26251,"mestskaCast":"praha-4"},"geometry":{"type":"Polygon","coordinates":[[[14.479849,50.049694],[14.480383,50.049505],[14.480737,50.049364],[14.480953,50.049274],[14.481468,50.048974],[14.481696,50.048831],[14.482084,50.04853],[14.482286,50.048375],[14.482896,50.047893],[14.483082,50.047746],[14.483191,50.047629],[14.483287,50.04751],[14.483375,50.047427],[14.483508,50.04733],[14.483758,50.047152],[14.483989,50.046991],[14.484323,50.046812],[14.48464,50.046649],[14.484813,50.046565],[14.484952,50.046504],[14.484382,50.046336],[14.483875,50.046201],[14.483277,50.04603],[14.481456,50.045516],[14.480579,50.045266],[14.479943,50.045074],[14.479783,50.045033],[14.479602,50.044953],[14.478201,50.044322],[14.47813,50.044388],[14.477563,50.044937],[14.477155,50.045328],[14.476958,50.045528],[14.476762,50.045719],[14.476549,50.045927],[14.476351,50.046128],[14.475783,50.046677],[14.476515,50.047014],[14.476708,50.047103],[14.477118,50.047294],[14.478034,50.047692],[14.47806,50.047703],[14.478835,50.048035],[14.479689,50.048391],[14.479806,50.048438],[14.480169,50.048588],[14.480738,50.048829],[14.480669,50.048886],[14.480175,50.049287],[14.479898,50.049598],[14.479849,50.049694]]]}},{"type":"Feature","properties":{"cislo":4064,"kod":26253,"mestskaCast":"praha-4"},"geometry":{"type":"Polygon","coordinates":[[[14.434788,50.049046],[14.43494,50.04906],[14.438799,50.049601],[14.438895,50.049282],[14.440465,50.049457],[14.440353,50.049321],[14.440229,50.049173],[14.440139,50.049002],[14.440005,50.048772],[14.439928,50.048602],[14.439874,50.048461],[14.439839,50.048358],[14.439735,50.048386],[14.438904,50.048448],[14.438474,50.048483],[14.438199,50.048513],[14.438185,50.048448],[14.43815,50.048282],[14.438119,50.048097],[14.438016,50.047589],[14.438002,50.047524],[14.437317,50.047564],[14.437216,50.047573],[14.43664,50.047631],[14.436153,50.047669],[14.436082,50.047209],[14.436014,50.046931],[14.436001,50.04673],[14.436005,50.046576],[14.436083,50.046211],[14.436145,50.04599],[14.436198,50.045804],[14.436243,50.045662],[14.434731,50.04581],[14.434325,50.045865],[14.434051,50.045895],[14.434298,50.046716],[14.434516,50.047479],[14.434718,50.048513],[14.43477,50.048799],[14.434788,50.049046]]]}},{"type":"Feature","properties":{"cislo":4065,"kod":26255,"mestskaCast":"praha-4"},"geometry":{"type":"Polygon","coordinates":[[[14.439839,50.048358],[14.439412,50.046133],[14.438565,50.046204],[14.438406,50.046226],[14.438375,50.046169],[14.438302,50.046117],[14.438238,50.046084],[14.438157,50.046068],[14.437422,50.045948],[14.437161,50.045916],[14.436198,50.045804],[14.436145,50.04599],[14.436083,50.046211],[14.436005,50.046576],[14.436001,50.04673],[14.436014,50.046931],[14.436082,50.047209],[14.436153,50.047669],[14.43664,50.047631],[14.437216,50.047573],[14.437317,50.047564],[14.438002,50.047524],[14.438016,50.047589],[14.438119,50.048097],[14.43815,50.048282],[14.438185,50.048448],[14.438199,50.048513],[14.438474,50.048483],[14.438904,50.048448],[14.439735,50.048386],[14.439839,50.048358]]]}},{"type":"Feature","properties":{"cislo":4066,"kod":26257,"mestskaCast":"praha-4"},"geometry":{"type":"Polygon","coordinates":[[[14.434051,50.045895],[14.434325,50.045865],[14.434731,50.04581],[14.436243,50.045662],[14.436198,50.045804],[14.437161,50.045916],[14.437422,50.045948],[14.438157,50.046068],[14.438238,50.046084],[14.438302,50.046117],[14.438375,50.046169],[14.438406,50.046226],[14.438565,50.046204],[14.439412,50.046133],[14.43904,50.044177],[14.438861,50.043298],[14.438162,50.043337],[14.437703,50.043378],[14.437225,50.043435],[14.437014,50.043498],[14.436686,50.043651],[14.436009,50.043981],[14.435624,50.044137],[14.435183,50.044289],[14.43499,50.044335],[14.43452,50.044421],[14.434347,50.044442],[14.434161,50.044453],[14.43398,50.044446],[14.433839,50.044442],[14.433844,50.044488],[14.43379,50.0452],[14.434044,50.045858],[14.434051,50.045895]]]}},{"type":"Feature","properties":{"cislo":4067,"kod":26259,"mestskaCast":"praha-4"},"geometry":{"type":"Polygon","coordinates":[[[14.440465,50.049457],[14.440498,50.049497],[14.440697,50.049687],[14.440928,50.049862],[14.441135,50.050016],[14.441288,50.049893],[14.441511,50.049704],[14.44178,50.049501],[14.442863,50.048853],[14.442762,50.048798],[14.442172,50.048392],[14.441729,50.04809],[14.441693,50.04806],[14.441264,50.047758],[14.441506,50.047616],[14.442008,50.047307],[14.44201,50.047298],[14.442525,50.046999],[14.44301,50.046706],[14.443109,50.046642],[14.443158,50.046674],[14.443398,50.04654],[14.443528,50.046461],[14.443673,50.046374],[14.442319,50.045456],[14.442403,50.045391],[14.442888,50.045098],[14.443098,50.044971],[14.443195,50.044916],[14.443456,50.044749],[14.44365,50.04463],[14.443878,50.044486],[14.444299,50.044233],[14.44432,50.044199],[14.444385,50.044159],[14.444538,50.0441],[14.444611,50.043825],[14.441605,50.04345],[14.440545,50.04333],[14.440407,50.043317],[14.440018,50.043292],[14.439656,50.043269],[14.439149,50.04327],[14.438861,50.043298],[14.43904,50.044177],[14.439412,50.046133],[14.439839,50.048358],[14.439874,50.048461],[14.439928,50.048602],[14.440005,50.048772],[14.440139,50.049002],[14.440229,50.049173],[14.440353,50.049321],[14.440465,50.049457]]]}},{"type":"Feature","properties":{"cislo":4068,"kod":26261,"mestskaCast":"praha-4"},"geometry":{"type":"Polygon","coordinates":[[[14.442863,50.048853],[14.444383,50.047934],[14.445226,50.047419],[14.444549,50.04696],[14.443673,50.046374],[14.443528,50.046461],[14.443398,50.04654],[14.443158,50.046674],[14.443109,50.046642],[14.44301,50.046706],[14.442525,50.046999],[14.44201,50.047298],[14.442008,50.047307],[14.441506,50.047616],[14.441264,50.047758],[14.441693,50.04806],[14.441729,50.04809],[14.442172,50.048392],[14.442762,50.048798],[14.442863,50.048853]]]}},{"type":"Feature","properties":{"cislo":4069,"kod":26263,"mestskaCast":"praha-4"},"geometry":{"type":"Polygon","coordinates":[[[14.443673,50.046374],[14.444549,50.04696],[14.444631,50.046904],[14.44513,50.046612],[14.444181,50.045974],[14.444472,50.0458],[14.444714,50.045658],[14.444971,50.045509],[14.445085,50.045437],[14.445165,50.04539],[14.445409,50.045239],[14.445619,50.045112],[14.445847,50.044969],[14.444538,50.0441],[14.444385,50.044159],[14.44432,50.044199],[14.444299,50.044233],[14.443878,50.044486],[14.44365,50.04463],[14.443456,50.044749],[14.443195,50.044916],[14.443098,50.044971],[14.442888,50.045098],[14.442403,50.045391],[14.442319,50.045456],[14.443673,50.046374]]]}},{"type":"Feature","properties":{"cislo":4070,"kod":26265,"mestskaCast":"praha-4"},"geometry":{"type":"Polygon","coordinates":[[[14.444549,50.04696],[14.445226,50.047419],[14.446976,50.046349],[14.447057,50.046301],[14.447155,50.046237],[14.447302,50.046141],[14.448732,50.045251],[14.448651,50.045172],[14.448545,50.045071],[14.448357,50.044964],[14.448134,50.044817],[14.447948,50.044701],[14.447585,50.044487],[14.447289,50.044352],[14.44698,50.044216],[14.446818,50.044184],[14.446175,50.044027],[14.444611,50.043825],[14.444538,50.0441],[14.445847,50.044969],[14.445619,50.045112],[14.445409,50.045239],[14.445165,50.04539],[14.445085,50.045437],[14.444971,50.045509],[14.444714,50.045658],[14.444472,50.0458],[14.444181,50.045974],[14.44513,50.046612],[14.444631,50.046904],[14.444549,50.04696]]]}},{"type":"Feature","properties":{"cislo":4071,"kod":26267,"mestskaCast":"praha-4"},"geometry":{"type":"Polygon","coordinates":[[[14.448732,50.045251],[14.449111,50.044994],[14.45025,50.044278],[14.450563,50.04407],[14.450759,50.043942],[14.450775,50.043934],[14.450967,50.043824],[14.451323,50.043611],[14.45145,50.04354],[14.45206,50.043195],[14.452211,50.043145],[14.452382,50.043069],[14.452487,50.043042],[14.45256,50.04303],[14.452796,50.042979],[14.452812,50.042971],[14.453116,50.042798],[14.453317,50.042716],[14.45321,50.042625],[14.453068,50.042494],[14.452896,50.042379],[14.452705,50.042281],[14.452537,50.042211],[14.45242,50.042165],[14.452382,50.042143],[14.452184,50.04208],[14.452024,50.042039],[14.45185,50.041996],[14.451551,50.041943],[14.451361,50.041908],[14.450725,50.041788],[14.450671,50.041774],[14.449872,50.041622],[14.449479,50.041551],[14.449395,50.041743],[14.449194,50.042161],[14.449056,50.042412],[14.448969,50.042622],[14.448634,50.042475],[14.448334,50.042357],[14.447988,50.042263],[14.447719,50.042203],[14.447476,50.042154],[14.447219,50.042104],[14.445888,50.041869],[14.444116,50.041522],[14.442366,50.041203],[14.442333,50.041291],[14.442325,50.041327],[14.442269,50.041458],[14.442205,50.041561],[14.442153,50.041738],[14.441939,50.042346],[14.442174,50.042366],[14.442625,50.042433],[14.44268,50.042438],[14.443608,50.042584],[14.443878,50.042635],[14.444383,50.042716],[14.445023,50.042818],[14.444929,50.043064],[14.444831,50.043391],[14.445364,50.043465],[14.446515,50.043621],[14.447051,50.043687],[14.446962,50.043906],[14.446875,50.044116],[14.446818,50.044184],[14.44698,50.044216],[14.447289,50.044352],[14.447585,50.044487],[14.447948,50.044701],[14.448134,50.044817],[14.448357,50.044964],[14.448545,50.045071],[14.448651,50.045172],[14.448732,50.045251]],[[14.449577,50.042752],[14.449833,50.042599],[14.450077,50.042448],[14.450964,50.043044],[14.450507,50.043341],[14.449577,50.042752]]]}},{"type":"Feature","properties":{"cislo":4072,"kod":26269,"mestskaCast":"praha-4"},"geometry":{"type":"Polygon","coordinates":[[[14.446818,50.044184],[14.446875,50.044116],[14.446962,50.043906],[14.447051,50.043687],[14.446515,50.043621],[14.445364,50.043465],[14.444831,50.043391],[14.444929,50.043064],[14.445023,50.042818],[14.444383,50.042716],[14.443878,50.042635],[14.443608,50.042584],[14.44268,50.042438],[14.442625,50.042433],[14.442174,50.042366],[14.441939,50.042346],[14.441868,50.042612],[14.441663,50.042584],[14.441414,50.042562],[14.441336,50.042528],[14.441301,50.042498],[14.441255,50.042448],[14.441205,50.042353],[14.440661,50.04226],[14.440566,50.042242],[14.440504,50.0424],[14.440382,50.042707],[14.440369,50.042769],[14.440357,50.042959],[14.440483,50.042961],[14.440548,50.042985],[14.440592,50.043043],[14.440545,50.04333],[14.441605,50.04345],[14.444611,50.043825],[14.446175,50.044027],[14.446818,50.044184]]]}},{"type":"Feature","properties":{"cislo":4073,"kod":26271,"mestskaCast":"praha-4"},"geometry":{"type":"Polygon","coordinates":[[[14.440545,50.04333],[14.440592,50.043043],[14.440548,50.042985],[14.440483,50.042961],[14.440357,50.042959],[14.440369,50.042769],[14.440382,50.042707],[14.440504,50.0424],[14.440566,50.042242],[14.440661,50.04226],[14.441205,50.042353],[14.441255,50.042448],[14.441301,50.042498],[14.441336,50.042528],[14.441414,50.042562],[14.441663,50.042584],[14.441868,50.042612],[14.441939,50.042346],[14.442153,50.041738],[14.442205,50.041561],[14.442269,50.041458],[14.442325,50.041327],[14.442333,50.041291],[14.442366,50.041203],[14.440861,50.040925],[14.438656,50.040494],[14.438211,50.0404],[14.438273,50.040506],[14.438486,50.041487],[14.438558,50.041811],[14.438861,50.043298],[14.439149,50.04327],[14.439656,50.043269],[14.440018,50.043292],[14.440407,50.043317],[14.440545,50.04333]]]}},{"type":"Feature","properties":{"cislo":4074,"kod":26273,"mestskaCast":"praha-4"},"geometry":{"type":"Polygon","coordinates":[[[14.442366,50.041203],[14.444116,50.041522],[14.445888,50.041869],[14.447219,50.042104],[14.447476,50.042154],[14.447719,50.042203],[14.447988,50.042263],[14.448334,50.042357],[14.448634,50.042475],[14.448969,50.042622],[14.449056,50.042412],[14.449194,50.042161],[14.449395,50.041743],[14.449479,50.041551],[14.449506,50.04149],[14.449578,50.041351],[14.449731,50.041029],[14.449834,50.040874],[14.449924,50.040783],[14.450042,50.040693],[14.450089,50.04067],[14.44951,50.04061],[14.449409,50.03943],[14.449275,50.0394],[14.449156,50.039362],[14.449055,50.039308],[14.448981,50.039256],[14.448925,50.039188],[14.448873,50.039102],[14.448866,50.039001],[14.448927,50.038916],[14.449135,50.037872],[14.448899,50.037724],[14.448724,50.037618],[14.448264,50.037332],[14.448297,50.037308],[14.448299,50.037299],[14.448428,50.036957],[14.448149,50.036878],[14.447681,50.036764],[14.447298,50.036639],[14.446928,50.036525],[14.44672,50.036443],[14.44659,50.036395],[14.446211,50.036252],[14.446003,50.036171],[14.445912,50.036135],[14.445823,50.036091],[14.445591,50.035989],[14.44531,50.035855],[14.444899,50.035665],[14.444493,50.035456],[14.444051,50.035217],[14.443936,50.035162],[14.443733,50.035053],[14.44235,50.035793],[14.442303,50.03588],[14.442217,50.036017],[14.442118,50.036154],[14.442065,50.036203],[14.441993,50.036342],[14.441929,50.036445],[14.441873,50.036577],[14.441836,50.036682],[14.441757,50.036857],[14.441712,50.036998],[14.441654,50.037138],[14.441561,50.037248],[14.441418,50.03739],[14.441277,50.037522],[14.440977,50.037804],[14.440836,50.037937],[14.440692,50.038015],[14.440519,50.0381],[14.440378,50.038169],[14.439988,50.038279],[14.439852,50.038322],[14.439777,50.038343],[14.439759,50.038359],[14.43971,50.038391],[14.439657,50.038441],[14.43964,50.038457],[14.439351,50.038686],[14.438869,50.039097],[14.438579,50.039335],[14.438369,50.039525],[14.438228,50.039658],[14.438143,50.039795],[14.438094,50.039891],[14.438071,50.039998],[14.43807,50.04007],[14.43807,50.040134],[14.438089,50.040181],[14.438119,50.040238],[14.43819,50.040299],[14.438186,50.040316],[14.438195,50.040344],[14.438203,50.040372],[14.438211,50.0404],[14.438656,50.040494],[14.440861,50.040925],[14.442366,50.041203]]]}},{"type":"Feature","properties":{"cislo":4075,"kod":26275,"mestskaCast":"praha-4"},"geometry":{"type":"Polygon","coordinates":[[[14.433735,50.041429],[14.433763,50.041432],[14.434255,50.041502],[14.434409,50.041707],[14.434516,50.041734],[14.4346,50.042068],[14.434376,50.042194],[14.434429,50.042407],[14.434408,50.042505],[14.434371,50.042611],[14.434352,50.0427],[14.433839,50.044442],[14.43398,50.044446],[14.434161,50.044453],[14.434347,50.044442],[14.43452,50.044421],[14.43499,50.044335],[14.435183,50.044289],[14.435624,50.044137],[14.436009,50.043981],[14.436686,50.043651],[14.437014,50.043498],[14.437225,50.043435],[14.437703,50.043378],[14.438162,50.043337],[14.438861,50.043298],[14.438558,50.041811],[14.438486,50.041487],[14.438273,50.040506],[14.438211,50.0404],[14.438181,50.040407],[14.43814,50.040403],[14.437851,50.040368],[14.437519,50.040339],[14.437381,50.040327],[14.43715,50.040288],[14.437001,50.040257],[14.436889,50.040256],[14.436875,50.040255],[14.43676,50.040263],[14.436545,50.04028],[14.436091,50.040294],[14.435695,50.040305],[14.435438,50.040318],[14.435296,50.040324],[14.434842,50.040338],[14.434828,50.040337],[14.434716,50.040336],[14.43465,50.040512],[14.434619,50.040591],[14.434572,50.040677],[14.434506,50.040789],[14.434442,50.040893],[14.434369,50.040968],[14.434262,50.041076],[14.434132,50.041156],[14.433853,50.04134],[14.433735,50.041429]]]}},{"type":"Feature","properties":{"cislo":4076,"kod":26277,"mestskaCast":"praha-4"},"geometry":{"type":"Polygon","coordinates":[[[14.431361,50.040075],[14.431772,50.04013],[14.432019,50.040161],[14.432386,50.040357],[14.432309,50.040586],[14.432313,50.040632],[14.43228,50.040719],[14.432432,50.040933],[14.432468,50.040963],[14.433005,50.041219],[14.433253,50.041314],[14.433597,50.041417],[14.433735,50.041429],[14.433853,50.04134],[14.434132,50.041156],[14.434262,50.041076],[14.434369,50.040968],[14.434442,50.040893],[14.434506,50.040789],[14.434572,50.040677],[14.434619,50.040591],[14.43465,50.040512],[14.434716,50.040336],[14.434475,50.040342],[14.434299,50.040308],[14.434115,50.040247],[14.433944,50.040186],[14.43396,50.040115],[14.434045,50.039714],[14.434074,50.03958],[14.434211,50.039003],[14.434774,50.039007],[14.43538,50.039006],[14.435536,50.039002],[14.435498,50.038917],[14.435461,50.038823],[14.435328,50.03872],[14.435223,50.03862],[14.435098,50.038546],[14.435032,50.038522],[14.434876,50.038462],[14.434717,50.038412],[14.434609,50.038393],[14.434967,50.037835],[14.434714,50.037767],[14.434044,50.037608],[14.434156,50.037346],[14.434009,50.037306],[14.434061,50.036666],[14.434247,50.036655],[14.435332,50.036588],[14.435689,50.036565],[14.435804,50.036557],[14.436326,50.033381],[14.436367,50.033058],[14.436073,50.03305],[14.435532,50.033012],[14.434933,50.032977],[14.434298,50.032984],[14.433512,50.032969],[14.432661,50.03293],[14.431324,50.03292],[14.43131,50.032919],[14.430668,50.03289],[14.430347,50.032879],[14.430007,50.032885],[14.429559,50.032873],[14.428896,50.032878],[14.428868,50.032875],[14.428829,50.033652],[14.428684,50.036907],[14.428377,50.036889],[14.428238,50.036949],[14.428068,50.037016],[14.427836,50.037113],[14.42769,50.037136],[14.427477,50.037145],[14.427031,50.037123],[14.42694,50.037152],[14.426886,50.03721],[14.426845,50.03727],[14.426924,50.037295],[14.427326,50.037458],[14.428221,50.037755],[14.428286,50.037779],[14.428349,50.037812],[14.428409,50.037863],[14.428453,50.037921],[14.428475,50.03795],[14.42808,50.037888],[14.427518,50.037811],[14.426548,50.037671],[14.425375,50.037485],[14.424719,50.037391],[14.424621,50.037391],[14.42448,50.037388],[14.424334,50.037411],[14.42423,50.037438],[14.424055,50.037531],[14.423967,50.037614],[14.423922,50.037692],[14.423889,50.03778],[14.423904,50.037908],[14.423913,50.038063],[14.423986,50.038515],[14.424036,50.038809],[14.42406,50.038893],[14.424074,50.038958],[14.424134,50.038945],[14.424564,50.038911],[14.425586,50.038874],[14.426284,50.038972],[14.426774,50.039052],[14.427306,50.039135],[14.428164,50.039275],[14.429822,50.039494],[14.430233,50.039549],[14.430577,50.039588],[14.431028,50.039656],[14.431506,50.039725],[14.431409,50.039916],[14.431361,50.040075]]]}},{"type":"Feature","properties":{"cislo":4077,"kod":26279,"mestskaCast":"praha-4"},"geometry":{"type":"Polygon","coordinates":[[[14.434716,50.040336],[14.434828,50.040337],[14.434842,50.040338],[14.435296,50.040324],[14.435438,50.040318],[14.435695,50.040305],[14.436091,50.040294],[14.436545,50.04028],[14.43676,50.040263],[14.436875,50.040255],[14.436889,50.040256],[14.437001,50.040257],[14.43715,50.040288],[14.437381,50.040327],[14.437519,50.040339],[14.437851,50.040368],[14.43814,50.040403],[14.438181,50.040407],[14.438211,50.0404],[14.438203,50.040372],[14.438195,50.040344],[14.438186,50.040316],[14.43819,50.040299],[14.438119,50.040238],[14.438089,50.040181],[14.43807,50.040134],[14.43807,50.04007],[14.438071,50.039998],[14.438094,50.039891],[14.438143,50.039795],[14.438228,50.039658],[14.438369,50.039525],[14.438579,50.039335],[14.438869,50.039097],[14.439351,50.038686],[14.43964,50.038457],[14.439657,50.038441],[14.43971,50.038391],[14.439759,50.038359],[14.439777,50.038343],[14.439852,50.038322],[14.439988,50.038279],[14.440378,50.038169],[14.440519,50.0381],[14.440692,50.038015],[14.440836,50.037937],[14.440977,50.037804],[14.441277,50.037522],[14.441418,50.03739],[14.441561,50.037248],[14.441654,50.037138],[14.441712,50.036998],[14.441757,50.036857],[14.441836,50.036682],[14.441873,50.036577],[14.441929,50.036445],[14.441993,50.036342],[14.442065,50.036203],[14.442118,50.036154],[14.442217,50.036017],[14.442303,50.03588],[14.44235,50.035793],[14.443733,50.035053],[14.443375,50.034885],[14.442839,50.03462],[14.442712,50.034554],[14.442496,50.034445],[14.442088,50.034245],[14.441717,50.034067],[14.441329,50.033906],[14.44104,50.033808],[14.440935,50.033771],[14.440618,50.03367],[14.440314,50.03358],[14.439979,50.033496],[14.439631,50.033411],[14.439374,50.033361],[14.439129,50.033321],[14.438842,50.033277],[14.438611,50.033239],[14.438419,50.033213],[14.438129,50.033187],[14.437671,50.033155],[14.437216,50.033106],[14.436507,50.033062],[14.436367,50.033058],[14.436326,50.033381],[14.435804,50.036557],[14.435689,50.036565],[14.435332,50.036588],[14.434247,50.036655],[14.434061,50.036666],[14.434009,50.037306],[14.434156,50.037346],[14.434044,50.037608],[14.434714,50.037767],[14.434967,50.037835],[14.434609,50.038393],[14.434717,50.038412],[14.434876,50.038462],[14.435032,50.038522],[14.435098,50.038546],[14.435223,50.03862],[14.435328,50.03872],[14.435461,50.038823],[14.435498,50.038917],[14.435536,50.039002],[14.43538,50.039006],[14.434774,50.039007],[14.434211,50.039003],[14.434074,50.03958],[14.434045,50.039714],[14.43396,50.040115],[14.433944,50.040186],[14.434115,50.040247],[14.434299,50.040308],[14.434475,50.040342],[14.434716,50.040336]]]}},{"type":"Feature","properties":{"cislo":4078,"kod":26281,"mestskaCast":"praha-4"},"geometry":{"type":"Polygon","coordinates":[[[14.449479,50.041551],[14.449872,50.041622],[14.450671,50.041774],[14.450725,50.041788],[14.451361,50.041908],[14.451551,50.041943],[14.45185,50.041996],[14.452024,50.042039],[14.452184,50.04208],[14.452382,50.042143],[14.45242,50.042165],[14.452537,50.042211],[14.452705,50.042281],[14.452896,50.042379],[14.453068,50.042494],[14.45321,50.042625],[14.453317,50.042716],[14.45341,50.042679],[14.453903,50.042477],[14.45409,50.042394],[14.454954,50.042044],[14.45492,50.042004],[14.45485,50.041935],[14.454733,50.041825],[14.4546,50.041722],[14.454449,50.041636],[14.454294,50.041568],[14.45411,50.041506],[14.454057,50.041493],[14.45408,50.041449],[14.454265,50.041175],[14.454275,50.040931],[14.454271,50.040885],[14.454484,50.040877],[14.454478,50.04084],[14.454558,50.04053],[14.454686,50.040523],[14.454837,50.039883],[14.455446,50.039601],[14.456001,50.038515],[14.456036,50.038418],[14.456047,50.038365],[14.45609,50.038296],[14.456116,50.038244],[14.456158,50.038175],[14.456225,50.038127],[14.456308,50.03807],[14.456451,50.037992],[14.456652,50.03791],[14.456322,50.037935],[14.455827,50.037946],[14.455305,50.037946],[14.455108,50.037946],[14.454924,50.037948],[14.454561,50.037934],[14.453978,50.037892],[14.453397,50.03784],[14.452903,50.037779],[14.452393,50.037725],[14.451887,50.037653],[14.45134,50.037577],[14.45084,50.037478],[14.450377,50.037401],[14.449902,50.037314],[14.449568,50.03723],[14.44919,50.037151],[14.448949,50.037093],[14.448575,50.036997],[14.448428,50.036957],[14.448299,50.037299],[14.448297,50.037308],[14.448264,50.037332],[14.448724,50.037618],[14.448899,50.037724],[14.449135,50.037872],[14.448927,50.038916],[14.448866,50.039001],[14.448873,50.039102],[14.448925,50.039188],[14.448981,50.039256],[14.449055,50.039308],[14.449156,50.039362],[14.449275,50.0394],[14.449409,50.03943],[14.44951,50.04061],[14.450089,50.04067],[14.450042,50.040693],[14.449924,50.040783],[14.449834,50.040874],[14.449731,50.041029],[14.449578,50.041351],[14.449506,50.04149],[14.449479,50.041551]]]}},{"type":"Feature","properties":{"cislo":4079,"kod":26283,"mestskaCast":"praha-4"},"geometry":{"type":"Polygon","coordinates":[[[14.453317,50.042716],[14.453116,50.042798],[14.452812,50.042971],[14.453157,50.042938],[14.453258,50.042929],[14.453686,50.042903],[14.454043,50.04288],[14.454302,50.042857],[14.45456,50.042835],[14.455018,50.042803],[14.455332,50.042785],[14.455574,50.04277],[14.456064,50.042723],[14.456279,50.042705],[14.456721,50.042681],[14.457019,50.042671],[14.457321,50.042643],[14.457848,50.042617],[14.457891,50.042612],[14.458021,50.042596],[14.458221,50.042586],[14.45828,50.042573],[14.458834,50.04255],[14.459539,50.042485],[14.459596,50.042481],[14.459709,50.042482],[14.460476,50.04245],[14.460634,50.042436],[14.460749,50.042428],[14.460861,50.042429],[14.460964,50.042411],[14.461021,50.042407],[14.461084,50.042376],[14.461371,50.04222],[14.461485,50.042149],[14.461373,50.042075],[14.461117,50.041889],[14.46088,50.041678],[14.460685,50.041533],[14.460528,50.041347],[14.460354,50.041168],[14.460224,50.040985],[14.460118,50.040821],[14.460002,50.040575],[14.459883,50.040274],[14.459769,50.039946],[14.459695,50.039767],[14.459614,50.039615],[14.459466,50.039384],[14.459352,50.039256],[14.459213,50.039116],[14.459097,50.038997],[14.458897,50.03888],[14.458726,50.038756],[14.458579,50.038652],[14.458494,50.03859],[14.458458,50.03856],[14.458237,50.038404],[14.457969,50.038208],[14.457778,50.038046],[14.457718,50.037995],[14.457528,50.037833],[14.457042,50.037863],[14.456652,50.03791],[14.456451,50.037992],[14.456308,50.03807],[14.456225,50.038127],[14.456158,50.038175],[14.456116,50.038244],[14.45609,50.038296],[14.456047,50.038365],[14.456036,50.038418],[14.456001,50.038515],[14.455446,50.039601],[14.454837,50.039883],[14.454686,50.040523],[14.454558,50.04053],[14.454478,50.04084],[14.454484,50.040877],[14.454271,50.040885],[14.454275,50.040931],[14.454265,50.041175],[14.45408,50.041449],[14.454057,50.041493],[14.45411,50.041506],[14.454294,50.041568],[14.454449,50.041636],[14.4546,50.041722],[14.454733,50.041825],[14.45485,50.041935],[14.45492,50.042004],[14.454954,50.042044],[14.45409,50.042394],[14.453903,50.042477],[14.45341,50.042679],[14.453317,50.042716]]]}},{"type":"Feature","properties":{"cislo":4080,"kod":26285,"mestskaCast":"praha-4"},"geometry":{"type":"Polygon","coordinates":[[[14.448428,50.036957],[14.448575,50.036997],[14.448949,50.037093],[14.44919,50.037151],[14.449568,50.03723],[14.449902,50.037314],[14.450377,50.037401],[14.45084,50.037478],[14.45134,50.037577],[14.451887,50.037653],[14.452393,50.037725],[14.452903,50.037779],[14.453397,50.03784],[14.453978,50.037892],[14.454561,50.037934],[14.454924,50.037948],[14.455108,50.037946],[14.455305,50.037946],[14.455827,50.037946],[14.456322,50.037935],[14.456652,50.03791],[14.457042,50.037863],[14.456972,50.03773],[14.4569,50.037605],[14.45689,50.037586],[14.456868,50.037557],[14.45687,50.037548],[14.456858,50.037538],[14.456828,50.037481],[14.456829,50.037472],[14.456796,50.037433],[14.456775,50.037395],[14.456755,50.037357],[14.456745,50.037338],[14.456725,50.0373],[14.456703,50.03727],[14.456695,50.037242],[14.456683,50.037232],[14.456675,50.037204],[14.456663,50.037194],[14.456655,50.037166],[14.456633,50.037137],[14.456635,50.037128],[14.456623,50.037118],[14.456615,50.03709],[14.456605,50.037071],[14.456595,50.037052],[14.456563,50.037004],[14.456533,50.036947],[14.456523,50.036928],[14.456513,50.036909],[14.456434,50.036747],[14.456414,50.036709],[14.456404,50.03669],[14.456309,50.036473],[14.456239,50.03634],[14.456195,50.036218],[14.45615,50.036096],[14.456144,50.036059],[14.456146,50.03605],[14.456089,50.035918],[14.456073,50.035862],[14.456042,50.035742],[14.456015,50.03554],[14.455998,50.03542],[14.456039,50.03536],[14.456061,50.035326],[14.456101,50.035266],[14.456173,50.035127],[14.456212,50.035076],[14.456214,50.035067],[14.456219,50.034977],[14.456229,50.034932],[14.456228,50.034869],[14.45627,50.034872],[14.456311,50.034876],[14.456416,50.034913],[14.456432,50.034905],[14.456572,50.034908],[14.456588,50.034901],[14.456682,50.034854],[14.456728,50.03484],[14.456842,50.034832],[14.456956,50.034824],[14.457012,50.034829],[14.457097,50.034828],[14.457126,50.034821],[14.457337,50.034822],[14.457493,50.034817],[14.457521,50.03482],[14.45786,50.034813],[14.457959,50.034813],[14.458028,50.034819],[14.458263,50.03484],[14.458305,50.034843],[14.458834,50.034872],[14.458876,50.034876],[14.458931,50.034881],[14.458945,50.034882],[14.459259,50.034928],[14.459489,50.034975],[14.459609,50.035004],[14.459623,50.035005],[14.459665,50.035009],[14.459704,50.035021],[14.459997,50.035102],[14.460025,50.035104],[14.460064,50.035117],[14.460225,50.035158],[14.460304,50.035183],[14.460397,50.03501],[14.460485,50.034864],[14.460508,50.03482],[14.460531,50.034713],[14.460586,50.034519],[14.460598,50.034465],[14.460449,50.034434],[14.460342,50.034406],[14.460261,50.03439],[14.460153,50.034371],[14.459747,50.03429],[14.459696,50.034267],[14.45942,50.034171],[14.459121,50.034053],[14.459107,50.034052],[14.458634,50.033892],[14.45862,50.033891],[14.458456,50.033804],[14.45838,50.033761],[14.458083,50.033571],[14.458009,50.03352],[14.457713,50.033321],[14.457614,50.033258],[14.457537,50.033224],[14.457485,50.033137],[14.457461,50.033117],[14.457221,50.032987],[14.457037,50.032925],[14.456983,50.032912],[14.456919,50.032815],[14.456835,50.032681],[14.456849,50.032482],[14.456864,50.032411],[14.456869,50.032321],[14.45694,50.032254],[14.456975,50.032221],[14.45706,50.03222],[14.457101,50.032223],[14.457299,50.032223],[14.457327,50.032225],[14.457354,50.032227],[14.457411,50.032223],[14.457494,50.032231],[14.45781,50.032204],[14.457883,50.032192],[14.458187,50.032156],[14.45823,50.032151],[14.458436,50.032042],[14.458564,50.031971],[14.458692,50.031901],[14.458755,50.03187],[14.45877,50.031862],[14.458786,50.031855],[14.458857,50.031788],[14.458872,50.031781],[14.45912,50.031612],[14.459184,50.031572],[14.4592,50.031565],[14.459349,50.031396],[14.459384,50.031363],[14.4594,50.031355],[14.459437,50.031313],[14.45947,50.031289],[14.459595,50.0311],[14.459712,50.030947],[14.459747,50.030914],[14.459749,50.030905],[14.460051,50.030741],[14.460101,50.030709],[14.460309,50.030655],[14.460473,50.030615],[14.460551,50.030577],[14.460854,50.030413],[14.461043,50.030321],[14.461058,50.030313],[14.461092,50.030289],[14.461158,50.03024],[14.461335,50.030138],[14.461508,50.02999],[14.461541,50.029965],[14.46156,50.02994],[14.461721,50.029782],[14.4619,50.029734],[14.461928,50.02972],[14.461928,50.02972],[14.461897,50.029684],[14.461758,50.029531],[14.461639,50.029401],[14.461544,50.029323],[14.461439,50.029271],[14.461394,50.029249],[14.461392,50.029248],[14.461371,50.029237],[14.461326,50.029215],[14.461052,50.029141],[14.46098,50.029122],[14.460926,50.029107],[14.461131,50.02885],[14.461204,50.028758],[14.461261,50.028679],[14.46128,50.028652],[14.461332,50.028579],[14.461359,50.028541],[14.461406,50.028475],[14.461161,50.028342],[14.460777,50.028102],[14.460514,50.027917],[14.460109,50.027574],[14.45996,50.027409],[14.459879,50.027282],[14.459807,50.027087],[14.45979,50.027066],[14.45964,50.026879],[14.459576,50.026557],[14.459579,50.026438],[14.459631,50.026345],[14.459711,50.026218],[14.45985,50.026016],[14.460147,50.025643],[14.460509,50.025471],[14.461059,50.025267],[14.461489,50.025132],[14.461695,50.02512],[14.462177,50.025015],[14.46254,50.024898],[14.462587,50.024885],[14.462657,50.024866],[14.462805,50.024825],[14.462883,50.024804],[14.463009,50.024606],[14.4633,50.024519],[14.46348,50.024466],[14.463484,50.024464],[14.463747,50.024351],[14.463747,50.024351],[14.461061,50.023017],[14.460543,50.023733],[14.459862,50.02468],[14.459839,50.024724],[14.459353,50.025416],[14.458987,50.025946],[14.458848,50.026134],[14.458516,50.026504],[14.458305,50.026766],[14.458225,50.026877],[14.458157,50.026935],[14.458031,50.02706],[14.457787,50.027283],[14.457533,50.027615],[14.457337,50.027806],[14.457283,50.027865],[14.457233,50.027897],[14.45696,50.028054],[14.456397,50.028386],[14.456071,50.028593],[14.455812,50.028751],[14.455706,50.028851],[14.455584,50.028895],[14.455494,50.028923],[14.455318,50.028953],[14.45517,50.028985],[14.45504,50.029001],[14.455013,50.028999],[14.454914,50.028999],[14.454799,50.029007],[14.454701,50.029007],[14.454602,50.029008],[14.454521,50.028991],[14.453678,50.028781],[14.452968,50.028609],[14.452822,50.028569],[14.452661,50.028528],[14.452436,50.028462],[14.451969,50.028339],[14.451552,50.028248],[14.451207,50.028145],[14.451075,50.028106],[14.450501,50.027955],[14.449862,50.027781],[14.449437,50.027662],[14.448784,50.027486],[14.448744,50.027473],[14.448368,50.027386],[14.447941,50.027275],[14.447597,50.027172],[14.447187,50.027045],[14.446872,50.026936],[14.446649,50.026862],[14.446542,50.026834],[14.446292,50.026748],[14.446074,50.026647],[14.445866,50.026566],[14.445726,50.026499],[14.445533,50.026409],[14.445357,50.026312],[14.445079,50.02616],[14.444296,50.025673],[14.443333,50.025098],[14.44302,50.024916],[14.43984,50.02635],[14.439613,50.026493],[14.441365,50.028781],[14.43958,50.029885],[14.439489,50.029913],[14.439267,50.029966],[14.438827,50.030045],[14.438626,50.030064],[14.438442,50.030065],[14.438146,50.030066],[14.437882,50.030052],[14.437518,50.030038],[14.437824,50.030519],[14.437871,50.030632],[14.437918,50.030672],[14.43804,50.030765],[14.438064,50.030785],[14.43814,50.031019],[14.435902,50.031075],[14.435889,50.031074],[14.431179,50.031156],[14.431324,50.03292],[14.432661,50.03293],[14.433512,50.032969],[14.434298,50.032984],[14.434933,50.032977],[14.435532,50.033012],[14.436073,50.03305],[14.436367,50.033058],[14.436507,50.033062],[14.437216,50.033106],[14.437671,50.033155],[14.438129,50.033187],[14.438419,50.033213],[14.438611,50.033239],[14.438842,50.033277],[14.439129,50.033321],[14.439374,50.033361],[14.439631,50.033411],[14.439979,50.033496],[14.440314,50.03358],[14.440618,50.03367],[14.440935,50.033771],[14.44104,50.033808],[14.441329,50.033906],[14.441717,50.034067],[14.442088,50.034245],[14.442496,50.034445],[14.442712,50.034554],[14.442839,50.03462],[14.443375,50.034885],[14.443733,50.035053],[14.443936,50.035162],[14.444051,50.035217],[14.444493,50.035456],[14.444899,50.035665],[14.44531,50.035855],[14.445591,50.035989],[14.445823,50.036091],[14.445912,50.036135],[14.446003,50.036171],[14.446211,50.036252],[14.44659,50.036395],[14.44672,50.036443],[14.446928,50.036525],[14.447298,50.036639],[14.447681,50.036764],[14.448149,50.036878],[14.448428,50.036957]]]}},{"type":"Feature","properties":{"cislo":4081,"kod":26287,"mestskaCast":"praha-4"},"geometry":{"type":"Polygon","coordinates":[[[14.451207,50.028145],[14.451552,50.028248],[14.451969,50.028339],[14.452436,50.028462],[14.452661,50.028528],[14.452822,50.028569],[14.452968,50.028609],[14.453678,50.028781],[14.454521,50.028991],[14.454602,50.029008],[14.454701,50.029007],[14.454799,50.029007],[14.454914,50.028999],[14.455013,50.028999],[14.45504,50.029001],[14.45517,50.028985],[14.455318,50.028953],[14.455494,50.028923],[14.455584,50.028895],[14.455706,50.028851],[14.455812,50.028751],[14.456071,50.028593],[14.456397,50.028386],[14.45696,50.028054],[14.457233,50.027897],[14.457283,50.027865],[14.457337,50.027806],[14.457533,50.027615],[14.457787,50.027283],[14.458031,50.02706],[14.458157,50.026935],[14.458225,50.026877],[14.458305,50.026766],[14.458204,50.026649],[14.458168,50.026618],[14.458003,50.026467],[14.457851,50.026318],[14.45778,50.026257],[14.45767,50.026175],[14.457375,50.02604],[14.457163,50.025976],[14.456962,50.025931],[14.456786,50.025897],[14.456296,50.025881],[14.456255,50.025877],[14.455923,50.025912],[14.455498,50.025992],[14.455049,50.026179],[14.454857,50.026289],[14.45469,50.026411],[14.454563,50.026545],[14.45439,50.026629],[14.454372,50.026646],[14.454219,50.026705],[14.454059,50.026727],[14.453735,50.026726],[14.453315,50.026716],[14.453323,50.027207],[14.452776,50.027195],[14.45278,50.027576],[14.452401,50.02757],[14.452231,50.027573],[14.451319,50.027556],[14.451303,50.027827],[14.451267,50.027996],[14.45124,50.028057],[14.451211,50.028127],[14.451207,50.028145]]]}},{"type":"Feature","properties":{"cislo":4082,"kod":26289,"mestskaCast":"praha-4"},"geometry":{"type":"Polygon","coordinates":[[[14.453735,50.026726],[14.454059,50.026727],[14.454219,50.026705],[14.454372,50.026646],[14.45439,50.026629],[14.454563,50.026545],[14.45469,50.026411],[14.454857,50.026289],[14.455049,50.026179],[14.455498,50.025992],[14.455923,50.025912],[14.456255,50.025877],[14.456296,50.025881],[14.456786,50.025897],[14.456962,50.025931],[14.457163,50.025976],[14.457375,50.02604],[14.45767,50.026175],[14.45778,50.026257],[14.457851,50.026318],[14.458003,50.026467],[14.458168,50.026618],[14.458204,50.026649],[14.458305,50.026766],[14.458516,50.026504],[14.458848,50.026134],[14.458987,50.025946],[14.459353,50.025416],[14.459839,50.024724],[14.459862,50.02468],[14.460543,50.023733],[14.461061,50.023017],[14.463747,50.024351],[14.463747,50.024351],[14.46397,50.024255],[14.464395,50.024117],[14.46464,50.024021],[14.464748,50.023978],[14.465267,50.023775],[14.46541,50.023722],[14.466156,50.023448],[14.466188,50.02342],[14.466193,50.023416],[14.466179,50.023406],[14.466114,50.023361],[14.465943,50.023242],[14.465793,50.023155],[14.465661,50.023079],[14.46532,50.022902],[14.465279,50.022884],[14.464901,50.022717],[14.464099,50.022461],[14.464011,50.022461],[14.463972,50.022462],[14.463784,50.022463],[14.463516,50.022441],[14.463454,50.022387],[14.463433,50.02237],[14.46323,50.022193],[14.463107,50.022136],[14.462958,50.022067],[14.462877,50.02203],[14.462867,50.022025],[14.462833,50.022015],[14.462828,50.022013],[14.462762,50.021992],[14.462644,50.021954],[14.462536,50.021919],[14.462361,50.021875],[14.462356,50.021872],[14.462209,50.021784],[14.462145,50.021754],[14.462121,50.021742],[14.46207,50.021718],[14.462065,50.021716],[14.462032,50.021699],[14.462031,50.021705],[14.461981,50.021737],[14.461925,50.021804],[14.461765,50.021763],[14.461359,50.021682],[14.461088,50.021631],[14.46083,50.02159],[14.460462,50.02153],[14.460246,50.021484],[14.459936,50.02142],[14.459738,50.021357],[14.459606,50.021318],[14.458927,50.021131],[14.458606,50.021048],[14.458389,50.021011],[14.458322,50.020996],[14.457938,50.020944],[14.457871,50.020929],[14.457289,50.020887],[14.456749,50.020839],[14.456625,50.020828],[14.456556,50.020822],[14.456279,50.020797],[14.456244,50.021892],[14.457325,50.021707],[14.457398,50.021695],[14.457499,50.021686],[14.457694,50.022093],[14.45834,50.021905],[14.458164,50.022135],[14.457879,50.022481],[14.45784,50.022532],[14.457791,50.022628],[14.457784,50.022727],[14.457775,50.022835],[14.457782,50.022936],[14.457783,50.023263],[14.457778,50.023353],[14.457779,50.02348],[14.457766,50.023606],[14.45772,50.023756],[14.457614,50.023992],[14.45761,50.02401],[14.45748,50.024225],[14.456799,50.025172],[14.456797,50.025181],[14.455419,50.025168],[14.453791,50.025142],[14.453779,50.025196],[14.453776,50.025477],[14.453757,50.025965],[14.453747,50.026273],[14.453737,50.026653],[14.453735,50.026726]]]}},{"type":"Feature","properties":{"cislo":4083,"kod":26291,"mestskaCast":"praha-4"},"geometry":{"type":"Polygon","coordinates":[[[14.451319,50.027556],[14.452231,50.027573],[14.452401,50.02757],[14.45278,50.027576],[14.452776,50.027195],[14.453323,50.027207],[14.453315,50.026716],[14.453735,50.026726],[14.453737,50.026653],[14.453747,50.026273],[14.453757,50.025965],[14.453776,50.025477],[14.453779,50.025196],[14.453791,50.025142],[14.45351,50.025136],[14.452121,50.025113],[14.451377,50.025101],[14.451344,50.025716],[14.451357,50.026715],[14.451344,50.027104],[14.451335,50.027149],[14.451308,50.02741],[14.451319,50.027556]]]}},{"type":"Feature","properties":{"cislo":4084,"kod":26293,"mestskaCast":"praha-4"},"geometry":{"type":"Polygon","coordinates":[[[14.451377,50.025101],[14.452121,50.025113],[14.45351,50.025136],[14.453791,50.025142],[14.455419,50.025168],[14.456797,50.025181],[14.456799,50.025172],[14.45748,50.024225],[14.45761,50.02401],[14.457614,50.023992],[14.457494,50.024027],[14.457123,50.024112],[14.45696,50.024152],[14.456907,50.024138],[14.456041,50.024298],[14.455204,50.02446],[14.455015,50.024488],[14.454971,50.024493],[14.453805,50.024481],[14.453256,50.024478],[14.45299,50.024473],[14.452891,50.024473],[14.452512,50.024467],[14.45252,50.024231],[14.452527,50.024132],[14.452526,50.024069],[14.452047,50.024072],[14.452042,50.024162],[14.45204,50.024171],[14.451422,50.024162],[14.451401,50.024459],[14.451377,50.025101]]]}},{"type":"Feature","properties":{"cislo":4085,"kod":26295,"mestskaCast":"praha-4"},"geometry":{"type":"Polygon","coordinates":[[[14.457614,50.023992],[14.45772,50.023756],[14.457624,50.023748],[14.457333,50.023722],[14.455952,50.02399],[14.455117,50.023018],[14.45503,50.023028],[14.454592,50.023035],[14.453868,50.023062],[14.453874,50.023162],[14.452914,50.023241],[14.452071,50.02323],[14.45207,50.023166],[14.451463,50.023176],[14.451466,50.023294],[14.451429,50.024062],[14.451422,50.024162],[14.45204,50.024171],[14.452042,50.024162],[14.452047,50.024072],[14.452526,50.024069],[14.452527,50.024132],[14.45252,50.024231],[14.452512,50.024467],[14.452891,50.024473],[14.45299,50.024473],[14.453256,50.024478],[14.453805,50.024481],[14.454971,50.024493],[14.455015,50.024488],[14.455204,50.02446],[14.456041,50.024298],[14.456907,50.024138],[14.45696,50.024152],[14.457123,50.024112],[14.457494,50.024027],[14.457614,50.023992]]]}},{"type":"Feature","properties":{"cislo":4086,"kod":26297,"mestskaCast":"praha-4"},"geometry":{"type":"Polygon","coordinates":[[[14.453868,50.023062],[14.454592,50.023035],[14.45503,50.023028],[14.455117,50.023018],[14.455952,50.02399],[14.457333,50.023722],[14.457624,50.023748],[14.45772,50.023756],[14.457766,50.023606],[14.457779,50.02348],[14.457778,50.023353],[14.457783,50.023263],[14.457782,50.022936],[14.457775,50.022835],[14.457784,50.022727],[14.457791,50.022628],[14.45784,50.022532],[14.457879,50.022481],[14.458164,50.022135],[14.45834,50.021905],[14.457694,50.022093],[14.457499,50.021686],[14.457398,50.021695],[14.457325,50.021707],[14.456244,50.021892],[14.455792,50.021961],[14.455797,50.021408],[14.453893,50.021421],[14.453886,50.021521],[14.453868,50.022],[14.453842,50.022388],[14.453829,50.02245],[14.45387,50.022454],[14.453864,50.02268],[14.453867,50.022735],[14.453868,50.023062]]]}},{"type":"Feature","properties":{"cislo":4087,"kod":26299,"mestskaCast":"praha-4"},"geometry":{"type":"Polygon","coordinates":[[[14.451463,50.023176],[14.45207,50.023166],[14.452071,50.02323],[14.452914,50.023241],[14.453874,50.023162],[14.453868,50.023062],[14.453867,50.022735],[14.453864,50.02268],[14.45387,50.022454],[14.453829,50.02245],[14.453842,50.022388],[14.453868,50.022],[14.453886,50.021521],[14.453893,50.021421],[14.453902,50.021313],[14.453914,50.020924],[14.451547,50.02086],[14.45151,50.021102],[14.451498,50.021155],[14.451508,50.02131],[14.451496,50.022226],[14.451491,50.02238],[14.451463,50.023176]]]}},{"type":"Feature","properties":{"cislo":4088,"kod":26301,"mestskaCast":"praha-4"},"geometry":{"type":"Polygon","coordinates":[[[14.456244,50.021892],[14.456279,50.020797],[14.456556,50.020822],[14.456625,50.020828],[14.456749,50.020839],[14.457289,50.020887],[14.457871,50.020929],[14.457938,50.020944],[14.458322,50.020996],[14.458389,50.021011],[14.458606,50.021048],[14.458927,50.021131],[14.459606,50.021318],[14.459738,50.021357],[14.459936,50.02142],[14.460246,50.021484],[14.460462,50.02153],[14.46083,50.02159],[14.461088,50.021631],[14.461359,50.021682],[14.461765,50.021763],[14.461925,50.021804],[14.461981,50.021737],[14.462031,50.021705],[14.462032,50.021699],[14.46197,50.021668],[14.461965,50.021663],[14.461918,50.021612],[14.461782,50.021464],[14.461829,50.021439],[14.462267,50.021212],[14.462362,50.021185],[14.462609,50.021113],[14.462609,50.021113],[14.462608,50.021111],[14.462006,50.020695],[14.460703,50.019736],[14.45959,50.018875],[14.459554,50.018845],[14.459572,50.018828],[14.459522,50.018797],[14.458936,50.018309],[14.457779,50.01739],[14.456976,50.017392],[14.456966,50.01711],[14.454247,50.017178],[14.454091,50.017183],[14.453631,50.017822],[14.453279,50.018282],[14.452843,50.018878],[14.452802,50.018938],[14.452743,50.019015],[14.45225,50.019679],[14.452152,50.019806],[14.451733,50.020386],[14.451622,50.02064],[14.451547,50.02086],[14.453914,50.020924],[14.453902,50.021313],[14.453893,50.021421],[14.455797,50.021408],[14.455792,50.021961],[14.456244,50.021892]]]}},{"type":"Feature","properties":{"cislo":4089,"kod":26303,"mestskaCast":"praha-4"},"geometry":{"type":"Polygon","coordinates":[[[14.454091,50.017183],[14.454247,50.017178],[14.456966,50.01711],[14.456976,50.017392],[14.457779,50.01739],[14.458936,50.018309],[14.459522,50.018797],[14.459572,50.018828],[14.459554,50.018845],[14.45959,50.018875],[14.460887,50.018073],[14.461053,50.018088],[14.461284,50.018263],[14.461345,50.018504],[14.461592,50.018535],[14.462237,50.018882],[14.463559,50.01889],[14.463558,50.018563],[14.463604,50.018213],[14.463268,50.018138],[14.462929,50.018009],[14.462679,50.01786],[14.462549,50.017612],[14.462396,50.017472],[14.462118,50.01732],[14.462137,50.017231],[14.462498,50.016927],[14.462801,50.016691],[14.463048,50.016522],[14.463232,50.01632],[14.463454,50.016004],[14.463728,50.015775],[14.463728,50.015775],[14.463698,50.015766],[14.463305,50.01565],[14.462903,50.015532],[14.462312,50.01533],[14.462302,50.015326],[14.462235,50.015304],[14.462192,50.015289],[14.462043,50.015249],[14.46134,50.015061],[14.461165,50.015039],[14.460779,50.014991],[14.460747,50.014991],[14.460731,50.014991],[14.460694,50.015086],[14.460691,50.015086],[14.460626,50.015074],[14.460552,50.015061],[14.460317,50.015018],[14.460328,50.014991],[14.460327,50.014991],[14.460302,50.014991],[14.460163,50.014986],[14.45994,50.014976],[14.459482,50.014939],[14.45913,50.01491],[14.458941,50.014884],[14.458662,50.01483],[14.458562,50.014809],[14.45757,50.014599],[14.45723,50.014527],[14.457078,50.014495],[14.45702,50.014483],[14.456854,50.014447],[14.456812,50.014438],[14.456758,50.014427],[14.45671,50.014417],[14.456627,50.014399],[14.456586,50.01439],[14.45613,50.014749],[14.45546,50.015316],[14.455252,50.015497],[14.455194,50.015574],[14.455135,50.01565],[14.455016,50.015812],[14.454816,50.016094],[14.454668,50.016326],[14.454642,50.016378],[14.454617,50.01643],[14.454578,50.016481],[14.454516,50.016576],[14.454452,50.016679],[14.454091,50.017183]]]}},{"type":"Feature","properties":{"cislo":4090,"kod":26305,"mestskaCast":"praha-4"},"geometry":{"type":"Polygon","coordinates":[[[14.468388,50.016889],[14.468386,50.016888],[14.468276,50.016824],[14.468257,50.016813],[14.468096,50.016725],[14.467967,50.016716],[14.467906,50.016712],[14.467856,50.016699],[14.467734,50.016686],[14.467538,50.016661],[14.467232,50.016607],[14.467229,50.016607],[14.466918,50.016531],[14.466892,50.016526],[14.466599,50.016466],[14.46659,50.016464],[14.466492,50.016444],[14.466446,50.016435],[14.466345,50.016418],[14.466335,50.016416],[14.466305,50.016412],[14.466261,50.016404],[14.466209,50.016396],[14.466148,50.016386],[14.466144,50.016385],[14.465662,50.016306],[14.465634,50.016301],[14.465583,50.016291],[14.465474,50.01627],[14.465438,50.016263],[14.46525,50.016221],[14.465015,50.016169],[14.465008,50.016167],[14.464991,50.016163],[14.464728,50.016094],[14.4647,50.016086],[14.464582,50.016055],[14.464362,50.01598],[14.46433,50.015969],[14.464012,50.015858],[14.463946,50.015839],[14.463825,50.015803],[14.463822,50.015802],[14.463728,50.015775],[14.463728,50.015775],[14.463454,50.016004],[14.463232,50.01632],[14.463048,50.016522],[14.462801,50.016691],[14.462498,50.016927],[14.462137,50.017231],[14.462118,50.01732],[14.462396,50.017472],[14.462549,50.017612],[14.462679,50.01786],[14.462929,50.018009],[14.463268,50.018138],[14.463604,50.018213],[14.463558,50.018563],[14.463559,50.01889],[14.462237,50.018882],[14.461592,50.018535],[14.461345,50.018504],[14.461284,50.018263],[14.461053,50.018088],[14.460887,50.018073],[14.45959,50.018875],[14.460703,50.019736],[14.462006,50.020695],[14.462608,50.021111],[14.462609,50.021113],[14.462609,50.021113],[14.462789,50.021062],[14.462812,50.021077],[14.462825,50.021086],[14.462863,50.021111],[14.462916,50.021146],[14.462939,50.021162],[14.463171,50.02101],[14.463679,50.020678],[14.463733,50.020716],[14.46374,50.020721],[14.463815,50.020772],[14.464266,50.020536],[14.464298,50.020519],[14.464351,50.020491],[14.464361,50.020487],[14.464403,50.020465],[14.464403,50.020464],[14.464472,50.020428],[14.46448,50.020424],[14.464685,50.020322],[14.46479,50.02027],[14.465037,50.020146],[14.46543,50.01995],[14.466781,50.019154],[14.467441,50.018498],[14.467997,50.017938],[14.46802,50.017915],[14.468045,50.017886],[14.468283,50.017264],[14.468328,50.017043],[14.468375,50.016959],[14.468408,50.0169],[14.468388,50.016889]]]}},{"type":"Feature","properties":{"cislo":4091,"kod":26307,"mestskaCast":"praha-4"},"geometry":{"type":"Polygon","coordinates":[[[14.452802,50.018938],[14.452843,50.018878],[14.453279,50.018282],[14.453631,50.017822],[14.454091,50.017183],[14.454452,50.016679],[14.454516,50.016576],[14.454578,50.016481],[14.454617,50.01643],[14.454642,50.016378],[14.454668,50.016326],[14.454816,50.016094],[14.455016,50.015812],[14.455135,50.01565],[14.455194,50.015574],[14.455252,50.015497],[14.45546,50.015316],[14.45613,50.014749],[14.456586,50.01439],[14.456529,50.014378],[14.456497,50.014371],[14.456495,50.014371],[14.456417,50.014347],[14.456177,50.014267],[14.45593,50.014184],[14.455682,50.0141],[14.455484,50.014034],[14.455384,50.014001],[14.455286,50.013967],[14.455241,50.013952],[14.454784,50.013799],[14.454661,50.013757],[14.453451,50.013352],[14.453191,50.013265],[14.4531,50.01338],[14.452956,50.013552],[14.452664,50.013909],[14.452455,50.014161],[14.452403,50.014223],[14.452372,50.014259],[14.452326,50.014314],[14.45231,50.014332],[14.4523,50.014344],[14.451914,50.014806],[14.451785,50.014969],[14.45155,50.015334],[14.451479,50.015403],[14.4513,50.015577],[14.451265,50.015611],[14.451195,50.01568],[14.450874,50.01607],[14.450859,50.016089],[14.450584,50.01642],[14.450422,50.016615],[14.450277,50.016791],[14.450237,50.016839],[14.450183,50.016904],[14.449978,50.017151],[14.449945,50.017191],[14.449925,50.017215],[14.449825,50.017336],[14.449831,50.017337],[14.449783,50.017397],[14.449709,50.017493],[14.449428,50.017855],[14.449382,50.017914],[14.449381,50.017915],[14.449364,50.017936],[14.449362,50.017937],[14.4491,50.01813],[14.448941,50.018246],[14.44892,50.018259],[14.448862,50.018295],[14.448855,50.018298],[14.448629,50.018423],[14.448611,50.018433],[14.448575,50.018451],[14.448539,50.018471],[14.448511,50.018489],[14.448498,50.018498],[14.448294,50.018653],[14.448133,50.018776],[14.447971,50.018899],[14.447867,50.018978],[14.447836,50.019001],[14.447808,50.019023],[14.447618,50.019168],[14.447451,50.019296],[14.447249,50.019449],[14.447086,50.019573],[14.446924,50.019696],[14.44676,50.019819],[14.446606,50.019928],[14.446565,50.019957],[14.44651,50.019995],[14.446474,50.02002],[14.446333,50.02012],[14.446155,50.020246],[14.446095,50.020289],[14.446022,50.02034],[14.445962,50.020382],[14.445736,50.020542],[14.445664,50.020593],[14.44558,50.020652],[14.445589,50.02066],[14.445985,50.020722],[14.447166,50.020863],[14.447316,50.020885],[14.448391,50.020999],[14.448584,50.021016],[14.448629,50.020938],[14.449238,50.01973],[14.449792,50.018654],[14.449993,50.018236],[14.45156,50.01862],[14.452802,50.018938]]]}},{"type":"Feature","properties":{"cislo":4092,"kod":26309,"mestskaCast":"praha-4"},"geometry":{"type":"Polygon","coordinates":[[[14.451422,50.024162],[14.451429,50.024062],[14.451466,50.023294],[14.451463,50.023176],[14.451491,50.02238],[14.451496,50.022226],[14.451508,50.02131],[14.451498,50.021155],[14.45151,50.021102],[14.451547,50.02086],[14.451622,50.02064],[14.451733,50.020386],[14.452152,50.019806],[14.45225,50.019679],[14.452743,50.019015],[14.452802,50.018938],[14.45156,50.01862],[14.449993,50.018236],[14.449792,50.018654],[14.449238,50.01973],[14.448629,50.020938],[14.448584,50.021016],[14.448002,50.022162],[14.447437,50.023292],[14.447477,50.023305],[14.448416,50.023524],[14.448966,50.023654],[14.449101,50.023684],[14.449745,50.023832],[14.449976,50.02387],[14.450423,50.023955],[14.450583,50.023997],[14.451165,50.024112],[14.451422,50.024162]]]}},{"type":"Feature","properties":{"cislo":4093,"kod":26311,"mestskaCast":"praha-4"},"geometry":{"type":"Polygon","coordinates":[[[14.451319,50.027556],[14.451308,50.02741],[14.451335,50.027149],[14.451344,50.027104],[14.451357,50.026715],[14.451344,50.025716],[14.451377,50.025101],[14.451401,50.024459],[14.451422,50.024162],[14.451165,50.024112],[14.450583,50.023997],[14.450423,50.023955],[14.449976,50.02387],[14.449745,50.023832],[14.449101,50.023684],[14.448966,50.023654],[14.448416,50.023524],[14.447477,50.023305],[14.447437,50.023292],[14.446997,50.02417],[14.446857,50.02443],[14.446037,50.026027],[14.446129,50.026062],[14.44635,50.026282],[14.446552,50.026454],[14.446586,50.026493],[14.446646,50.026544],[14.446658,50.026554],[14.446627,50.026633],[14.446576,50.026737],[14.446555,50.026772],[14.446542,50.026834],[14.446649,50.026862],[14.446872,50.026936],[14.447187,50.027045],[14.447597,50.027172],[14.447941,50.027275],[14.448368,50.027386],[14.448744,50.027473],[14.448784,50.027486],[14.449437,50.027662],[14.449862,50.027781],[14.450501,50.027955],[14.451075,50.028106],[14.451207,50.028145],[14.451211,50.028127],[14.45124,50.028057],[14.451267,50.027996],[14.451303,50.027827],[14.451319,50.027556]]]}},{"type":"Feature","properties":{"cislo":4094,"kod":26313,"mestskaCast":"praha-4"},"geometry":{"type":"Polygon","coordinates":[[[14.44302,50.024916],[14.443333,50.025098],[14.444296,50.025673],[14.445079,50.02616],[14.445357,50.026312],[14.445533,50.026409],[14.445726,50.026499],[14.445866,50.026566],[14.446074,50.026647],[14.446292,50.026748],[14.446542,50.026834],[14.446555,50.026772],[14.446576,50.026737],[14.446627,50.026633],[14.446658,50.026554],[14.446646,50.026544],[14.446586,50.026493],[14.446552,50.026454],[14.44635,50.026282],[14.446129,50.026062],[14.446037,50.026027],[14.446857,50.02443],[14.446997,50.02417],[14.447437,50.023292],[14.448002,50.022162],[14.448584,50.021016],[14.448391,50.020999],[14.447316,50.020885],[14.447166,50.020863],[14.445985,50.020722],[14.445589,50.02066],[14.44558,50.020652],[14.445537,50.020683],[14.445512,50.020701],[14.445167,50.020859],[14.444982,50.020942],[14.444893,50.020983],[14.444669,50.021085],[14.444603,50.021115],[14.44447,50.021177],[14.444312,50.021248],[14.444284,50.021261],[14.444093,50.02135],[14.443743,50.021514],[14.443709,50.021533],[14.443675,50.021548],[14.443439,50.021657],[14.44326,50.021742],[14.443181,50.021779],[14.442948,50.021888],[14.442722,50.021993],[14.44248,50.022108],[14.442181,50.022248],[14.442146,50.022264],[14.442131,50.022272],[14.441737,50.022457],[14.441685,50.022479],[14.441561,50.02253],[14.44146,50.022568],[14.441373,50.022599],[14.441337,50.022612],[14.441132,50.022687],[14.440988,50.02274],[14.44095,50.022754],[14.440768,50.022821],[14.440717,50.022839],[14.440537,50.022905],[14.440549,50.022918],[14.440466,50.022987],[14.440442,50.023007],[14.44044,50.023009],[14.440318,50.023053],[14.440533,50.023298],[14.440617,50.023369],[14.440875,50.02361],[14.441267,50.02389],[14.441279,50.0239],[14.441465,50.024016],[14.441798,50.024236],[14.442469,50.024595],[14.442518,50.024627],[14.44302,50.024916]]]}},{"type":"Feature","properties":{"cislo":4095,"kod":26315,"mestskaCast":"praha-4"},"geometry":{"type":"Polygon","coordinates":[[[14.436216,50.024586],[14.440304,50.023051],[14.440318,50.023053],[14.44044,50.023009],[14.440442,50.023007],[14.440432,50.022964],[14.440288,50.022816],[14.440237,50.022763],[14.44021,50.022735],[14.439939,50.022787],[14.439897,50.022795],[14.439881,50.022798],[14.439832,50.022808],[14.43951,50.022435],[14.439269,50.022197],[14.439137,50.022074],[14.439115,50.022054],[14.439066,50.021997],[14.43833,50.021334],[14.438275,50.021332],[14.4381,50.021178],[14.437912,50.021013],[14.438032,50.020956],[14.438127,50.020911],[14.438149,50.020875],[14.438126,50.020832],[14.43806,50.020757],[14.43795,50.020629],[14.437815,50.020471],[14.437618,50.020249],[14.437604,50.020229],[14.437554,50.020205],[14.437393,50.020039],[14.437225,50.019846],[14.437101,50.019704],[14.437012,50.019604],[14.436812,50.019373],[14.436663,50.019197],[14.436433,50.018971],[14.436388,50.018927],[14.43622,50.018758],[14.43605,50.018594],[14.43605,50.018594],[14.435834,50.01842],[14.435641,50.018282],[14.435634,50.018278],[14.435503,50.018197],[14.435306,50.018074],[14.435304,50.018072],[14.435246,50.018104],[14.434983,50.018253],[14.434689,50.01842],[14.434456,50.018553],[14.434444,50.018561],[14.434423,50.018573],[14.434363,50.018605],[14.434346,50.018593],[14.434265,50.018537],[14.434233,50.018521],[14.43406,50.018411],[14.434019,50.018387],[14.433993,50.018371],[14.433561,50.018826],[14.433462,50.018931],[14.433361,50.018937],[14.433028,50.018956],[14.432683,50.018975],[14.432683,50.018975],[14.434181,50.020122],[14.434503,50.020332],[14.434889,50.020503],[14.435223,50.020587],[14.43567,50.020672],[14.436291,50.020799],[14.436597,50.020881],[14.436543,50.02094],[14.436357,50.021214],[14.43627,50.02136],[14.436009,50.021791],[14.435904,50.021954],[14.435701,50.022308],[14.435527,50.022465],[14.43535,50.022567],[14.435609,50.022545],[14.436768,50.022457],[14.436828,50.022771],[14.437183,50.023156],[14.437167,50.023164],[14.435975,50.023603],[14.435609,50.023734],[14.435514,50.02378],[14.435738,50.024054],[14.435831,50.024144],[14.436216,50.024586]]]}},{"type":"Feature","properties":{"cislo":4096,"kod":26317,"mestskaCast":"praha-4"},"geometry":{"type":"Polygon","coordinates":[[[14.436003,50.024658],[14.436216,50.024586],[14.435831,50.024144],[14.435738,50.024054],[14.435514,50.02378],[14.435609,50.023734],[14.435975,50.023603],[14.437167,50.023164],[14.437183,50.023156],[14.436828,50.022771],[14.436768,50.022457],[14.435609,50.022545],[14.43535,50.022567],[14.435527,50.022465],[14.435701,50.022308],[14.435904,50.021954],[14.436009,50.021791],[14.43627,50.02136],[14.436357,50.021214],[14.436543,50.02094],[14.436597,50.020881],[14.436291,50.020799],[14.43567,50.020672],[14.435223,50.020587],[14.434889,50.020503],[14.434503,50.020332],[14.434181,50.020122],[14.432683,50.018975],[14.432683,50.018975],[14.432418,50.01899],[14.432341,50.018995],[14.432315,50.018996],[14.432327,50.018799],[14.432288,50.018808],[14.432012,50.018865],[14.431562,50.018904],[14.430923,50.019006],[14.430645,50.019075],[14.430324,50.019154],[14.429685,50.019447],[14.429592,50.019443],[14.429422,50.019505],[14.429299,50.019521],[14.428701,50.019379],[14.428653,50.019401],[14.428477,50.01965],[14.428434,50.019635],[14.428173,50.01952],[14.427887,50.019469],[14.427562,50.019468],[14.427126,50.019514],[14.427061,50.019522],[14.427061,50.019522],[14.428001,50.020174],[14.428467,50.020433],[14.429153,50.020848],[14.42939,50.021186],[14.429412,50.021216],[14.430328,50.022404],[14.430287,50.0224],[14.430786,50.023098],[14.432201,50.024322],[14.432309,50.02454],[14.432807,50.025047],[14.433308,50.025472],[14.433362,50.02555],[14.434457,50.025238],[14.436003,50.024658]]]}},{"type":"Feature","properties":{"cislo":4097,"kod":26319,"mestskaCast":"praha-4"},"geometry":{"type":"Polygon","coordinates":[[[14.415807,50.061804],[14.416934,50.062371],[14.416941,50.062374],[14.416947,50.062377],[14.416993,50.062401],[14.417125,50.062467],[14.417144,50.062477],[14.41714,50.062486],[14.417087,50.062748],[14.417362,50.062772],[14.417455,50.06278],[14.418378,50.062859],[14.418493,50.063183],[14.419776,50.062982],[14.420071,50.062935],[14.420313,50.062897],[14.420227,50.062678],[14.420222,50.062663],[14.420187,50.062574],[14.421325,50.062093],[14.421614,50.062597],[14.421736,50.062571],[14.421777,50.06256],[14.421816,50.062552],[14.422203,50.06221],[14.422186,50.062203],[14.42218,50.062207],[14.422168,50.062201],[14.422172,50.062195],[14.422127,50.062174],[14.422121,50.062179],[14.422108,50.062173],[14.422112,50.062168],[14.422036,50.062137],[14.422033,50.06214],[14.421999,50.062138],[14.422157,50.06187],[14.422827,50.062076],[14.42317,50.061849],[14.423177,50.061845],[14.423342,50.061737],[14.423156,50.061604],[14.423157,50.0616],[14.423158,50.061597],[14.423441,50.061435],[14.423441,50.061435],[14.4229,50.060945],[14.422703,50.060483],[14.422588,50.060227],[14.422695,50.060191],[14.423493,50.059954],[14.423538,50.059939],[14.423615,50.05991],[14.423411,50.059611],[14.423229,50.05934],[14.423071,50.05909],[14.423049,50.059061],[14.422975,50.058946],[14.42286,50.058827],[14.422724,50.058669],[14.422641,50.058598],[14.422517,50.058651],[14.422391,50.058712],[14.422064,50.058856],[14.421779,50.059003],[14.42144,50.059136],[14.421292,50.059169],[14.421247,50.058983],[14.421182,50.05876],[14.421095,50.058507],[14.421042,50.058293],[14.420898,50.058308],[14.419517,50.05844],[14.419404,50.058439],[14.418892,50.058393],[14.416308,50.058235],[14.416308,50.058235],[14.416369,50.059177],[14.416227,50.060004],[14.415807,50.061804]]]}},{"type":"Feature","properties":{"cislo":4098,"kod":26321,"mestskaCast":"praha-4"},"geometry":{"type":"Polygon","coordinates":[[[14.422641,50.058598],[14.422724,50.058669],[14.42286,50.058827],[14.422975,50.058946],[14.423049,50.059061],[14.423071,50.05909],[14.423229,50.05934],[14.423411,50.059611],[14.423615,50.05991],[14.424454,50.059612],[14.425153,50.059375],[14.425555,50.059274],[14.425721,50.059225],[14.425841,50.05919],[14.425975,50.059157],[14.426245,50.059081],[14.427233,50.058878],[14.427542,50.058751],[14.427835,50.058632],[14.427867,50.058616],[14.428115,50.058511],[14.428194,50.058473],[14.428318,50.05842],[14.428481,50.058317],[14.428581,50.058244],[14.428669,50.058161],[14.428724,50.058102],[14.428755,50.058023],[14.428764,50.057979],[14.428748,50.057923],[14.428593,50.057528],[14.42856,50.057416],[14.428424,50.057459],[14.427776,50.057592],[14.427507,50.057595],[14.427021,50.057561],[14.42691,50.057552],[14.426187,50.057506],[14.425507,50.057455],[14.424047,50.057362],[14.423903,50.057376],[14.423949,50.057489],[14.424338,50.058241],[14.424196,50.058246],[14.424095,50.058255],[14.42379,50.058301],[14.423646,50.058315],[14.423454,50.058353],[14.423291,50.058393],[14.423111,50.05844],[14.423009,50.058459],[14.422904,50.058486],[14.422765,50.058546],[14.422641,50.058598]]]}},{"type":"Feature","properties":{"cislo":4099,"kod":26323,"mestskaCast":"praha-4"},"geometry":{"type":"Polygon","coordinates":[[[14.421042,50.058293],[14.421095,50.058507],[14.421182,50.05876],[14.421247,50.058983],[14.421292,50.059169],[14.42144,50.059136],[14.421779,50.059003],[14.422064,50.058856],[14.422391,50.058712],[14.422517,50.058651],[14.422641,50.058598],[14.422765,50.058546],[14.422904,50.058486],[14.423009,50.058459],[14.423111,50.05844],[14.423291,50.058393],[14.423454,50.058353],[14.423646,50.058315],[14.42379,50.058301],[14.424095,50.058255],[14.424196,50.058246],[14.424338,50.058241],[14.423949,50.057489],[14.423903,50.057376],[14.423605,50.057386],[14.423287,50.057421],[14.423083,50.057385],[14.42282,50.057362],[14.42258,50.057431],[14.422309,50.057444],[14.42214,50.057447],[14.422151,50.057657],[14.421433,50.057784],[14.420936,50.057867],[14.421018,50.05821],[14.421042,50.058293]]]}},{"type":"Feature","properties":{"cislo":4100,"kod":26325,"mestskaCast":"praha-4"},"geometry":{"type":"Polygon","coordinates":[[[14.419404,50.058439],[14.419517,50.05844],[14.420898,50.058308],[14.421042,50.058293],[14.421018,50.05821],[14.420936,50.057867],[14.421433,50.057784],[14.422151,50.057657],[14.42214,50.057447],[14.422309,50.057444],[14.42258,50.057431],[14.42282,50.057362],[14.423083,50.057385],[14.423287,50.057421],[14.423605,50.057386],[14.423903,50.057376],[14.423813,50.057268],[14.423729,50.057134],[14.423476,50.056866],[14.423223,50.056599],[14.423109,50.056471],[14.423018,50.056372],[14.422948,50.056302],[14.42291,50.056217],[14.422899,50.056134],[14.422914,50.055936],[14.422931,50.055856],[14.42295,50.055767],[14.422941,50.055675],[14.422938,50.055557],[14.422904,50.055454],[14.422877,50.055379],[14.422857,50.055278],[14.422819,50.055193],[14.42278,50.055107],[14.422756,50.055024],[14.422716,50.054947],[14.422686,50.05489],[14.422522,50.054667],[14.422452,50.054597],[14.422417,50.054567],[14.422359,50.054507],[14.422329,50.05445],[14.422287,50.054383],[14.422257,50.054326],[14.422227,50.054269],[14.42223,50.054187],[14.42223,50.053988],[14.422282,50.053811],[14.42238,50.053683],[14.422499,50.053521],[14.422646,50.053426],[14.422302,50.053259],[14.422102,50.053005],[14.421862,50.053138],[14.421321,50.053163],[14.420747,50.053212],[14.420202,50.053254],[14.420186,50.053262],[14.420361,50.053568],[14.420437,50.053738],[14.420449,50.053748],[14.420523,50.053864],[14.420599,50.054034],[14.420749,50.054192],[14.420916,50.054398],[14.421051,50.054491],[14.421036,50.054499],[14.420971,50.054539],[14.420926,50.054616],[14.420647,50.055263],[14.420544,50.055481],[14.420161,50.055556],[14.420088,50.055568],[14.419864,50.05563],[14.419016,50.056035],[14.418844,50.056111],[14.418911,50.056262],[14.419,50.056506],[14.419074,50.056885],[14.419202,50.057341],[14.419394,50.05822],[14.419404,50.058439]]]}},{"type":"Feature","properties":{"cislo":4101,"kod":26327,"mestskaCast":"praha-4"},"geometry":{"type":"Polygon","coordinates":[[[14.42856,50.057416],[14.429114,50.057266],[14.430286,50.056925],[14.430657,50.05684],[14.430843,50.056829],[14.430713,50.056708],[14.430385,50.056398],[14.43022,50.056247],[14.429933,50.05594],[14.429696,50.055729],[14.429628,50.05565],[14.429604,50.05563],[14.429508,50.055485],[14.429442,50.055334],[14.429398,50.055212],[14.429389,50.055121],[14.429376,50.055047],[14.429407,50.054442],[14.429406,50.054315],[14.429295,50.054305],[14.428726,50.054264],[14.428282,50.054233],[14.426936,50.054132],[14.426851,50.054134],[14.426796,50.054129],[14.426657,50.054117],[14.424954,50.053975],[14.424945,50.053883],[14.424845,50.053956],[14.424631,50.054101],[14.42456,50.054167],[14.424472,50.05425],[14.424394,50.054352],[14.424335,50.054428],[14.424277,50.054505],[14.42422,50.054572],[14.424134,50.054646],[14.424049,50.054712],[14.423941,50.054756],[14.423858,50.054813],[14.423887,50.054879],[14.423879,50.054914],[14.423885,50.054951],[14.42383,50.05501],[14.423777,50.05506],[14.423725,50.055109],[14.423672,50.055159],[14.423607,50.055199],[14.423524,50.055255],[14.423456,50.055312],[14.423381,50.055397],[14.423156,50.055658],[14.423088,50.055716],[14.422931,50.055856],[14.422914,50.055936],[14.422899,50.056134],[14.42291,50.056217],[14.422948,50.056302],[14.423018,50.056372],[14.423109,50.056471],[14.423223,50.056599],[14.423476,50.056866],[14.423729,50.057134],[14.423813,50.057268],[14.423903,50.057376],[14.424047,50.057362],[14.425507,50.057455],[14.426187,50.057506],[14.42691,50.057552],[14.427021,50.057561],[14.427507,50.057595],[14.427776,50.057592],[14.428424,50.057459],[14.42856,50.057416]]]}},{"type":"Feature","properties":{"cislo":4102,"kod":26329,"mestskaCast":"praha-4"},"geometry":{"type":"Polygon","coordinates":[[[14.422931,50.055856],[14.423088,50.055716],[14.423156,50.055658],[14.423381,50.055397],[14.423456,50.055312],[14.423524,50.055255],[14.423607,50.055199],[14.423672,50.055159],[14.423725,50.055109],[14.423777,50.05506],[14.42383,50.05501],[14.423885,50.054951],[14.423879,50.054914],[14.423887,50.054879],[14.423858,50.054813],[14.423941,50.054756],[14.424049,50.054712],[14.424134,50.054646],[14.42422,50.054572],[14.424277,50.054505],[14.424335,50.054428],[14.424394,50.054352],[14.424472,50.05425],[14.42456,50.054167],[14.424631,50.054101],[14.424845,50.053956],[14.424945,50.053883],[14.424954,50.053975],[14.426657,50.054117],[14.426796,50.054129],[14.426851,50.054134],[14.426936,50.054132],[14.428282,50.054233],[14.428726,50.054264],[14.429295,50.054305],[14.429406,50.054315],[14.429407,50.054242],[14.429405,50.054188],[14.429437,50.053573],[14.429485,50.052824],[14.429957,50.052657],[14.429792,50.052506],[14.429506,50.052327],[14.429177,50.052153],[14.428719,50.051921],[14.427875,50.051583],[14.427344,50.051428],[14.427444,50.051291],[14.427673,50.051012],[14.427951,50.050701],[14.42813,50.050453],[14.428171,50.050394],[14.428273,50.050248],[14.428361,50.050102],[14.428452,50.049937],[14.428627,50.049581],[14.428667,50.049394],[14.428653,50.049392],[14.4281,50.049343],[14.428017,50.049336],[14.426999,50.049282],[14.426817,50.049275],[14.426472,50.049245],[14.426319,50.049231],[14.425476,50.049156],[14.425312,50.049133],[14.425134,50.049108],[14.424966,50.049102],[14.424734,50.049064],[14.424422,50.049009],[14.424135,50.048965],[14.424082,50.048951],[14.423961,50.048922],[14.423589,50.048817],[14.423524,50.048793],[14.422942,50.048614],[14.422324,50.048469],[14.422057,50.0484],[14.421842,50.048353],[14.421628,50.048298],[14.421234,50.048163],[14.420818,50.047736],[14.42071,50.047645],[14.420641,50.047575],[14.420551,50.047531],[14.420445,50.047504],[14.420346,50.047504],[14.420218,50.047511],[14.420099,50.047537],[14.419959,50.047533],[14.419845,50.047541],[14.419724,50.047576],[14.419587,50.047627],[14.419455,50.047652],[14.419093,50.047692],[14.41876,50.047736],[14.418557,50.047763],[14.41847,50.047773],[14.41834,50.047789],[14.418206,50.047823],[14.418082,50.047875],[14.417999,50.047931],[14.417921,50.04797],[14.417864,50.048037],[14.417829,50.048134],[14.417719,50.048387],[14.417674,50.048529],[14.41764,50.048689],[14.417586,50.049075],[14.4176,50.049139],[14.417613,50.049213],[14.417653,50.049289],[14.417709,50.049358],[14.417792,50.049429],[14.417899,50.04952],[14.418026,50.049586],[14.418167,50.049652],[14.418573,50.049734],[14.41864,50.049749],[14.418798,50.049799],[14.418943,50.049848],[14.41918,50.049924],[14.419331,50.05001],[14.419928,50.050843],[14.419936,50.051071],[14.419789,50.051167],[14.419657,50.051318],[14.419666,50.05161],[14.420081,50.052372],[14.421681,50.052206],[14.421709,50.052272],[14.421811,50.052716],[14.422102,50.053005],[14.422302,50.053259],[14.422646,50.053426],[14.422499,50.053521],[14.42238,50.053683],[14.422282,50.053811],[14.42223,50.053988],[14.42223,50.054187],[14.422227,50.054269],[14.422257,50.054326],[14.422287,50.054383],[14.422329,50.05445],[14.422359,50.054507],[14.422417,50.054567],[14.422452,50.054597],[14.422522,50.054667],[14.422686,50.05489],[14.422716,50.054947],[14.422756,50.055024],[14.42278,50.055107],[14.422819,50.055193],[14.422857,50.055278],[14.422877,50.055379],[14.422904,50.055454],[14.422938,50.055557],[14.422941,50.055675],[14.42295,50.055767],[14.422931,50.055856]]]}},{"type":"Feature","properties":{"cislo":4103,"kod":26331,"mestskaCast":"praha-4"},"geometry":{"type":"Polygon","coordinates":[[[14.416308,50.058235],[14.416308,50.058235],[14.418892,50.058393],[14.419404,50.058439],[14.419394,50.05822],[14.419202,50.057341],[14.419074,50.056885],[14.419,50.056506],[14.418911,50.056262],[14.418844,50.056111],[14.419016,50.056035],[14.419864,50.05563],[14.420088,50.055568],[14.420161,50.055556],[14.420544,50.055481],[14.420647,50.055263],[14.420926,50.054616],[14.420971,50.054539],[14.421036,50.054499],[14.421051,50.054491],[14.420916,50.054398],[14.420749,50.054192],[14.420599,50.054034],[14.420523,50.053864],[14.420449,50.053748],[14.420437,50.053738],[14.420361,50.053568],[14.420186,50.053262],[14.420202,50.053254],[14.420747,50.053212],[14.421321,50.053163],[14.421862,50.053138],[14.422102,50.053005],[14.421811,50.052716],[14.421709,50.052272],[14.421681,50.052206],[14.420081,50.052372],[14.419666,50.05161],[14.419657,50.051318],[14.419789,50.051167],[14.419936,50.051071],[14.419928,50.050843],[14.419331,50.05001],[14.416653,50.050208],[14.416471,50.049475],[14.416086,50.049495],[14.415054,50.04905],[14.412227,50.049624],[14.412227,50.049624],[14.412384,50.05001],[14.412731,50.050678],[14.412731,50.050679],[14.413169,50.051516],[14.413905,50.052897],[14.414524,50.05417],[14.415416,50.055798],[14.415908,50.057055],[14.416307,50.058217],[14.416308,50.058235]]]}},{"type":"Feature","properties":{"cislo":4104,"kod":26333,"mestskaCast":"praha-4"},"geometry":{"type":"Polygon","coordinates":[[[14.412227,50.049624],[14.412227,50.049624],[14.415054,50.04905],[14.416086,50.049495],[14.416471,50.049475],[14.416653,50.050208],[14.419331,50.05001],[14.41918,50.049924],[14.418943,50.049848],[14.418798,50.049799],[14.41864,50.049749],[14.418573,50.049734],[14.418167,50.049652],[14.418026,50.049586],[14.417899,50.04952],[14.417792,50.049429],[14.417709,50.049358],[14.417653,50.049289],[14.417613,50.049213],[14.4176,50.049139],[14.417586,50.049075],[14.41764,50.048689],[14.417674,50.048529],[14.417719,50.048387],[14.417829,50.048134],[14.417864,50.048037],[14.417921,50.04797],[14.417999,50.047931],[14.418082,50.047875],[14.418206,50.047823],[14.41834,50.047789],[14.41847,50.047773],[14.418557,50.047763],[14.41876,50.047736],[14.418017,50.045936],[14.417556,50.04605],[14.417524,50.046001],[14.417446,50.04584],[14.417435,50.045757],[14.417427,50.04573],[14.416926,50.04583],[14.416392,50.045892],[14.416295,50.045883],[14.416212,50.045876],[14.416133,50.045851],[14.416067,50.045827],[14.41599,50.045793],[14.415942,50.045752],[14.415895,50.045712],[14.415851,50.045653],[14.415821,50.045596],[14.415793,50.04553],[14.415794,50.045458],[14.415827,50.04537],[14.415858,50.045291],[14.415913,50.045232],[14.415934,50.045198],[14.415623,50.044807],[14.414806,50.044934],[14.414473,50.044978],[14.4143,50.044998],[14.41411,50.045027],[14.413907,50.045054],[14.413846,50.045076],[14.413685,50.044908],[14.413494,50.044745],[14.413034,50.044324],[14.412269,50.043684],[14.410101,50.044415],[14.410225,50.044642],[14.410947,50.046326],[14.411463,50.047458],[14.411766,50.048491],[14.412227,50.049624]]]}},{"type":"Feature","properties":{"cislo":4105,"kod":26335,"mestskaCast":"praha-4"},"geometry":{"type":"Polygon","coordinates":[[[14.428084,50.043543],[14.428782,50.043377],[14.427634,50.043276],[14.427246,50.043242],[14.426982,50.043291],[14.425415,50.043569],[14.425018,50.043643],[14.423408,50.043991],[14.423168,50.04406],[14.422969,50.044133],[14.422817,50.044183],[14.42245,50.044387],[14.42184,50.044732],[14.421537,50.044896],[14.421331,50.045005],[14.420902,50.045166],[14.420439,50.045352],[14.419959,50.045491],[14.41916,50.045665],[14.419142,50.045618],[14.41901,50.04538],[14.418954,50.045248],[14.418892,50.045142],[14.418859,50.045031],[14.418856,50.044912],[14.418848,50.044884],[14.418848,50.044821],[14.418871,50.044578],[14.418906,50.044481],[14.418929,50.044374],[14.418958,50.044304],[14.419102,50.04409],[14.419163,50.044005],[14.419233,50.043938],[14.419286,50.043889],[14.418998,50.043917],[14.418613,50.043938],[14.418586,50.043935],[14.418229,50.043958],[14.418052,50.044124],[14.417768,50.044335],[14.41667,50.044591],[14.415812,50.044779],[14.415623,50.044807],[14.415934,50.045198],[14.415913,50.045232],[14.415858,50.045291],[14.415827,50.04537],[14.415794,50.045458],[14.415793,50.04553],[14.415821,50.045596],[14.415851,50.045653],[14.415895,50.045712],[14.415942,50.045752],[14.41599,50.045793],[14.416067,50.045827],[14.416133,50.045851],[14.416212,50.045876],[14.416295,50.045883],[14.416392,50.045892],[14.416926,50.04583],[14.417427,50.04573],[14.417435,50.045757],[14.417446,50.04584],[14.417524,50.046001],[14.417556,50.04605],[14.418017,50.045936],[14.41876,50.047736],[14.419093,50.047692],[14.419455,50.047652],[14.419587,50.047627],[14.419724,50.047576],[14.419845,50.047541],[14.419959,50.047533],[14.420099,50.047537],[14.420218,50.047511],[14.420346,50.047504],[14.420445,50.047504],[14.420551,50.047531],[14.420641,50.047575],[14.42071,50.047645],[14.420818,50.047736],[14.421234,50.048163],[14.421628,50.048298],[14.421842,50.048353],[14.422057,50.0484],[14.422324,50.048469],[14.422942,50.048614],[14.423524,50.048793],[14.423589,50.048817],[14.423638,50.048721],[14.424586,50.047843],[14.424574,50.047833],[14.424436,50.047757],[14.424407,50.047628],[14.424403,50.047582],[14.424386,50.047526],[14.424386,50.047463],[14.424385,50.047399],[14.424383,50.047344],[14.424392,50.0473],[14.424419,50.047239],[14.424462,50.04717],[14.4245,50.047128],[14.424539,50.047077],[14.42459,50.047036],[14.424639,50.047004],[14.424811,50.046856],[14.424772,50.046843],[14.424528,50.046731],[14.424343,50.046606],[14.424117,50.046477],[14.423996,50.046384],[14.423891,50.046284],[14.423827,50.046188],[14.423778,50.046084],[14.42375,50.046018],[14.423735,50.045889],[14.423734,50.045762],[14.423771,50.045656],[14.423835,50.04549],[14.423921,50.045352],[14.424089,50.045158],[14.42444,50.044835],[14.424974,50.044447],[14.42551,50.044113],[14.426129,50.043987],[14.427627,50.043638],[14.428084,50.043543]]]}},{"type":"Feature","properties":{"cislo":4106,"kod":26337,"mestskaCast":"praha-4"},"geometry":{"type":"Polygon","coordinates":[[[14.428653,50.049392],[14.428785,50.048642],[14.429066,50.048449],[14.429789,50.048495],[14.42982,50.048416],[14.429838,50.048263],[14.429944,50.047701],[14.429982,50.047523],[14.429993,50.047406],[14.430145,50.046629],[14.430222,50.046137],[14.430269,50.045914],[14.430431,50.045094],[14.430446,50.045022],[14.430559,50.044424],[14.429321,50.044351],[14.429191,50.044367],[14.428846,50.044463],[14.427583,50.044769],[14.427492,50.044797],[14.426258,50.045096],[14.425257,50.045298],[14.425275,50.045281],[14.425583,50.045091],[14.427326,50.044056],[14.427697,50.043835],[14.427984,50.043679],[14.428084,50.043543],[14.427627,50.043638],[14.426129,50.043987],[14.42551,50.044113],[14.424974,50.044447],[14.42444,50.044835],[14.424089,50.045158],[14.423921,50.045352],[14.423835,50.04549],[14.423771,50.045656],[14.423734,50.045762],[14.423735,50.045889],[14.42375,50.046018],[14.423778,50.046084],[14.423827,50.046188],[14.423891,50.046284],[14.423996,50.046384],[14.424117,50.046477],[14.424343,50.046606],[14.424528,50.046731],[14.424772,50.046843],[14.424811,50.046856],[14.424639,50.047004],[14.42459,50.047036],[14.424539,50.047077],[14.4245,50.047128],[14.424462,50.04717],[14.424419,50.047239],[14.424392,50.0473],[14.424383,50.047344],[14.424385,50.047399],[14.424386,50.047463],[14.424386,50.047526],[14.424403,50.047582],[14.424407,50.047628],[14.424436,50.047757],[14.424574,50.047833],[14.424586,50.047843],[14.423638,50.048721],[14.423589,50.048817],[14.423961,50.048922],[14.424082,50.048951],[14.424135,50.048965],[14.424422,50.049009],[14.424734,50.049064],[14.424966,50.049102],[14.425134,50.049108],[14.425312,50.049133],[14.425476,50.049156],[14.426319,50.049231],[14.426472,50.049245],[14.426817,50.049275],[14.426999,50.049282],[14.428017,50.049336],[14.4281,50.049343],[14.428653,50.049392]]]}},{"type":"Feature","properties":{"cislo":4107,"kod":26339,"mestskaCast":"praha-4"},"geometry":{"type":"Polygon","coordinates":[[[14.429789,50.048495],[14.429785,50.048512],[14.429778,50.048548],[14.42975,50.048609],[14.430096,50.04864],[14.430594,50.048684],[14.431606,50.048764],[14.431647,50.048768],[14.432396,50.048825],[14.432896,50.048861],[14.433246,50.048873],[14.433499,50.048878],[14.433556,50.048874],[14.433557,50.048801],[14.433556,50.048674],[14.433557,50.048538],[14.433552,50.048365],[14.433525,50.047564],[14.433501,50.04748],[14.433417,50.047409],[14.432699,50.047209],[14.432032,50.047032],[14.43186,50.046981],[14.431367,50.046846],[14.43114,50.04679],[14.430831,50.046717],[14.430683,50.046686],[14.43056,50.046666],[14.4302,50.046634],[14.430145,50.046629],[14.429993,50.047406],[14.429982,50.047523],[14.429944,50.047701],[14.429838,50.048263],[14.42982,50.048416],[14.429789,50.048495]]]}},{"type":"Feature","properties":{"cislo":4108,"kod":26341,"mestskaCast":"praha-4"},"geometry":{"type":"Polygon","coordinates":[[[14.433556,50.048874],[14.433868,50.048865],[14.434626,50.048814],[14.43477,50.048799],[14.434718,50.048513],[14.434516,50.047479],[14.434298,50.046716],[14.434051,50.045895],[14.434044,50.045858],[14.43379,50.0452],[14.433761,50.045207],[14.433648,50.045206],[14.433279,50.045219],[14.432849,50.045253],[14.432355,50.045255],[14.432215,50.045252],[14.432104,50.045242],[14.431877,50.045249],[14.431808,50.045243],[14.431448,50.045211],[14.430994,50.045162],[14.430431,50.045094],[14.430269,50.045914],[14.430222,50.046137],[14.430145,50.046629],[14.4302,50.046634],[14.43056,50.046666],[14.430683,50.046686],[14.430831,50.046717],[14.43114,50.04679],[14.431367,50.046846],[14.43186,50.046981],[14.432032,50.047032],[14.432699,50.047209],[14.433417,50.047409],[14.433501,50.04748],[14.433525,50.047564],[14.433552,50.048365],[14.433557,50.048538],[14.433556,50.048674],[14.433557,50.048801],[14.433556,50.048874]]]}},{"type":"Feature","properties":{"cislo":4109,"kod":26343,"mestskaCast":"praha-4"},"geometry":{"type":"Polygon","coordinates":[[[14.428084,50.043543],[14.427984,50.043679],[14.427697,50.043835],[14.427326,50.044056],[14.425583,50.045091],[14.425275,50.045281],[14.425257,50.045298],[14.426258,50.045096],[14.427492,50.044797],[14.427583,50.044769],[14.428846,50.044463],[14.429191,50.044367],[14.429321,50.044351],[14.430559,50.044424],[14.430446,50.045022],[14.430431,50.045094],[14.430994,50.045162],[14.431448,50.045211],[14.431808,50.045243],[14.431877,50.045249],[14.432104,50.045242],[14.432215,50.045252],[14.432355,50.045255],[14.432849,50.045253],[14.433279,50.045219],[14.433648,50.045206],[14.433761,50.045207],[14.43379,50.0452],[14.433844,50.044488],[14.433839,50.044442],[14.434352,50.0427],[14.434371,50.042611],[14.434408,50.042505],[14.434429,50.042407],[14.434376,50.042194],[14.4346,50.042068],[14.434516,50.041734],[14.434409,50.041707],[14.434255,50.041502],[14.433763,50.041432],[14.433735,50.041429],[14.433597,50.041417],[14.433253,50.041314],[14.433005,50.041219],[14.432468,50.040963],[14.432432,50.040933],[14.43228,50.040719],[14.432313,50.040632],[14.432309,50.040586],[14.432386,50.040357],[14.432019,50.040161],[14.431772,50.04013],[14.431361,50.040075],[14.431102,50.040034],[14.430458,50.03995],[14.430456,50.039959],[14.430406,50.040127],[14.430223,50.040655],[14.430201,50.04069],[14.430063,50.040677],[14.430055,50.040713],[14.430017,50.040828],[14.429828,50.041446],[14.429628,50.042118],[14.429117,50.042073],[14.428905,50.042272],[14.429285,50.042342],[14.429066,50.042377],[14.428772,50.042433],[14.428622,50.042474],[14.428762,50.042677],[14.428826,50.042773],[14.428675,50.042887],[14.427756,50.042833],[14.427634,50.043276],[14.428782,50.043377],[14.428084,50.043543]]]}},{"type":"Feature","properties":{"cislo":4110,"kod":26345,"mestskaCast":"praha-4"},"geometry":{"type":"Polygon","coordinates":[[[14.427634,50.043276],[14.427756,50.042833],[14.428675,50.042887],[14.428826,50.042773],[14.428762,50.042677],[14.428622,50.042474],[14.428772,50.042433],[14.429066,50.042377],[14.429285,50.042342],[14.428905,50.042272],[14.429117,50.042073],[14.429628,50.042118],[14.429828,50.041446],[14.430017,50.040828],[14.430055,50.040713],[14.430063,50.040677],[14.430201,50.04069],[14.430223,50.040655],[14.430406,50.040127],[14.430456,50.039959],[14.430458,50.03995],[14.431102,50.040034],[14.431361,50.040075],[14.431409,50.039916],[14.431506,50.039725],[14.431028,50.039656],[14.430577,50.039588],[14.430233,50.039549],[14.429822,50.039494],[14.428164,50.039275],[14.427306,50.039135],[14.427182,50.039451],[14.427159,50.039494],[14.427015,50.039972],[14.426888,50.040233],[14.426836,50.040346],[14.426813,50.04039],[14.426711,50.040535],[14.426406,50.040444],[14.424753,50.040861],[14.424337,50.04096],[14.424107,50.041048],[14.423914,50.041158],[14.423569,50.041391],[14.423618,50.041423],[14.423809,50.041521],[14.423908,50.041584],[14.423983,50.041627],[14.423966,50.041644],[14.423484,50.042119],[14.423257,50.042389],[14.4227,50.042884],[14.422059,50.043444],[14.420768,50.043221],[14.420685,50.043277],[14.420481,50.043377],[14.420323,50.043454],[14.42015,50.043539],[14.419869,50.043668],[14.419458,50.043813],[14.419363,50.043859],[14.4193,50.04389],[14.419286,50.043889],[14.419233,50.043938],[14.419163,50.044005],[14.419102,50.04409],[14.418958,50.044304],[14.418929,50.044374],[14.418906,50.044481],[14.418871,50.044578],[14.418848,50.044821],[14.418848,50.044884],[14.418856,50.044912],[14.418859,50.045031],[14.418892,50.045142],[14.418954,50.045248],[14.41901,50.04538],[14.419142,50.045618],[14.41916,50.045665],[14.419959,50.045491],[14.420439,50.045352],[14.420902,50.045166],[14.421331,50.045005],[14.421537,50.044896],[14.42184,50.044732],[14.42245,50.044387],[14.422817,50.044183],[14.422969,50.044133],[14.423168,50.04406],[14.423408,50.043991],[14.425018,50.043643],[14.425415,50.043569],[14.426982,50.043291],[14.427246,50.043242],[14.427634,50.043276]]]}},{"type":"Feature","properties":{"cislo":4111,"kod":26347,"mestskaCast":"praha-4"},"geometry":{"type":"Polygon","coordinates":[[[14.414473,50.044978],[14.414806,50.044934],[14.415623,50.044807],[14.415812,50.044779],[14.41667,50.044591],[14.417768,50.044335],[14.418052,50.044124],[14.418229,50.043958],[14.418586,50.043935],[14.418613,50.043938],[14.418998,50.043917],[14.419286,50.043889],[14.4193,50.04389],[14.419363,50.043859],[14.419458,50.043813],[14.419869,50.043668],[14.42015,50.043539],[14.420323,50.043454],[14.420481,50.043377],[14.420685,50.043277],[14.420768,50.043221],[14.422059,50.043444],[14.4227,50.042884],[14.423257,50.042389],[14.423484,50.042119],[14.423966,50.041644],[14.423983,50.041627],[14.423908,50.041584],[14.423809,50.041521],[14.423618,50.041423],[14.423569,50.041391],[14.423914,50.041158],[14.424107,50.041048],[14.424337,50.04096],[14.424753,50.040861],[14.426406,50.040444],[14.426711,50.040535],[14.426813,50.04039],[14.426836,50.040346],[14.426888,50.040233],[14.427015,50.039972],[14.427159,50.039494],[14.427182,50.039451],[14.427306,50.039135],[14.426774,50.039052],[14.426284,50.038972],[14.425586,50.038874],[14.424564,50.038911],[14.424134,50.038945],[14.424074,50.038958],[14.42397,50.038985],[14.423716,50.039053],[14.422942,50.039248],[14.42254,50.039348],[14.422124,50.039448],[14.422078,50.039462],[14.422019,50.039475],[14.421931,50.039494],[14.421249,50.039652],[14.421188,50.039673],[14.420666,50.039809],[14.420279,50.039901],[14.419982,50.039975],[14.419966,50.039983],[14.419517,50.040106],[14.419263,50.040174],[14.418116,50.040463],[14.417373,50.040642],[14.41621,50.040938],[14.415552,50.041116],[14.415228,50.040987],[14.414953,50.041154],[14.41489,50.041184],[14.414697,50.041294],[14.414597,50.041367],[14.414497,50.04144],[14.414466,50.041519],[14.414462,50.0416],[14.414481,50.041647],[14.414008,50.043593],[14.414473,50.044978]]]}},{"type":"Feature","properties":{"cislo":4112,"kod":26349,"mestskaCast":"praha-4"},"geometry":{"type":"Polygon","coordinates":[[[14.42254,50.039348],[14.422942,50.039248],[14.423716,50.039053],[14.42397,50.038985],[14.424074,50.038958],[14.42406,50.038893],[14.424036,50.038809],[14.423986,50.038515],[14.423913,50.038063],[14.423904,50.037908],[14.423889,50.03778],[14.423922,50.037692],[14.423967,50.037614],[14.424055,50.037531],[14.42423,50.037438],[14.424334,50.037411],[14.42448,50.037388],[14.424621,50.037391],[14.424719,50.037391],[14.425375,50.037485],[14.426548,50.037671],[14.427518,50.037811],[14.42808,50.037888],[14.428475,50.03795],[14.428453,50.037921],[14.428409,50.037863],[14.428349,50.037812],[14.428286,50.037779],[14.428221,50.037755],[14.427326,50.037458],[14.426924,50.037295],[14.426845,50.03727],[14.426886,50.03721],[14.42694,50.037152],[14.427031,50.037123],[14.427477,50.037145],[14.42769,50.037136],[14.427836,50.037113],[14.428068,50.037016],[14.428238,50.036949],[14.428377,50.036889],[14.428293,50.03689],[14.427978,50.036844],[14.427624,50.036786],[14.427158,50.036726],[14.426502,50.036632],[14.425743,50.036492],[14.424726,50.036302],[14.424141,50.036205],[14.4239,50.036147],[14.423807,50.036121],[14.42365,50.036062],[14.423363,50.035954],[14.423037,50.035835],[14.422656,50.035701],[14.422631,50.03569],[14.422096,50.035488],[14.42188,50.035378],[14.421684,50.03537],[14.421335,50.035357],[14.420007,50.035239],[14.418636,50.035127],[14.417988,50.03506],[14.417905,50.035053],[14.417196,50.035208],[14.416739,50.035304],[14.416394,50.0354],[14.415558,50.036016],[14.414716,50.036658],[14.414677,50.036709],[14.414636,50.036769],[14.414634,50.036841],[14.414617,50.036922],[14.4147,50.036929],[14.414933,50.036959],[14.415013,50.036984],[14.415147,50.037014],[14.415371,50.037088],[14.415767,50.037214],[14.416618,50.037517],[14.416632,50.037518],[14.417327,50.037761],[14.41814,50.038042],[14.419249,50.038458],[14.41939,50.038525],[14.419596,50.038616],[14.419852,50.038738],[14.420115,50.038825],[14.420368,50.038893],[14.420665,50.038955],[14.421774,50.039172],[14.421814,50.039184],[14.421827,50.039186],[14.421895,50.039201],[14.422002,50.039228],[14.42254,50.039348]]]}},{"type":"Feature","properties":{"cislo":4113,"kod":26351,"mestskaCast":"praha-4"},"geometry":{"type":"Polygon","coordinates":[[[14.410101,50.044415],[14.412269,50.043684],[14.413034,50.044324],[14.413494,50.044745],[14.413685,50.044908],[14.413846,50.045076],[14.413907,50.045054],[14.41411,50.045027],[14.4143,50.044998],[14.414473,50.044978],[14.414008,50.043593],[14.414481,50.041647],[14.414462,50.0416],[14.414466,50.041519],[14.414497,50.04144],[14.414597,50.041367],[14.414697,50.041294],[14.41489,50.041184],[14.414953,50.041154],[14.415228,50.040987],[14.415552,50.041116],[14.41621,50.040938],[14.417373,50.040642],[14.418116,50.040463],[14.419263,50.040174],[14.419517,50.040106],[14.419966,50.039983],[14.419982,50.039975],[14.420279,50.039901],[14.420666,50.039809],[14.421188,50.039673],[14.421249,50.039652],[14.421931,50.039494],[14.422019,50.039475],[14.422078,50.039462],[14.422124,50.039448],[14.42254,50.039348],[14.422002,50.039228],[14.421895,50.039201],[14.421827,50.039186],[14.421814,50.039184],[14.421774,50.039172],[14.420665,50.038955],[14.420368,50.038893],[14.420115,50.038825],[14.419852,50.038738],[14.419596,50.038616],[14.41939,50.038525],[14.419249,50.038458],[14.41814,50.038042],[14.417327,50.037761],[14.416632,50.037518],[14.416618,50.037517],[14.415767,50.037214],[14.415371,50.037088],[14.415147,50.037014],[14.415013,50.036984],[14.414933,50.036959],[14.4147,50.036929],[14.414617,50.036922],[14.414424,50.036904],[14.413857,50.036854],[14.413679,50.036829],[14.413601,50.036995],[14.413541,50.037144],[14.413473,50.037328],[14.413463,50.037509],[14.41342,50.037778],[14.413404,50.037849],[14.413361,50.037918],[14.41331,50.037958],[14.413218,50.037996],[14.413117,50.038005],[14.412973,50.038019],[14.412656,50.038055],[14.412054,50.038101],[14.411955,50.038101],[14.411903,50.038542],[14.411888,50.038613],[14.411871,50.038693],[14.411817,50.038815],[14.411737,50.038926],[14.411645,50.039027],[14.411609,50.03906],[14.411649,50.039136],[14.411711,50.039242],[14.411776,50.039402],[14.411799,50.039558],[14.411785,50.03962],[14.411554,50.039845],[14.411348,50.040017],[14.411154,50.040136],[14.410735,50.040317],[14.410414,50.040433],[14.41037,50.040439],[14.408188,50.041097],[14.408188,50.041097],[14.408557,50.041626],[14.409462,50.043241],[14.410101,50.044415]]]}},{"type":"Feature","properties":{"cislo":4114,"kod":26353,"mestskaCast":"praha-4"},"geometry":{"type":"Polygon","coordinates":[[[14.406876,50.039257],[14.406885,50.03927],[14.406909,50.039305],[14.407024,50.039469],[14.407043,50.039496],[14.407045,50.039498],[14.40772,50.040429],[14.408188,50.041097],[14.408188,50.041097],[14.41037,50.040439],[14.410414,50.040433],[14.410735,50.040317],[14.411154,50.040136],[14.411348,50.040017],[14.411554,50.039845],[14.411785,50.03962],[14.411799,50.039558],[14.411776,50.039402],[14.411711,50.039242],[14.411649,50.039136],[14.411609,50.03906],[14.411645,50.039027],[14.411737,50.038926],[14.411817,50.038815],[14.411871,50.038693],[14.411888,50.038613],[14.411903,50.038542],[14.411955,50.038101],[14.41195,50.037992],[14.411852,50.037992],[14.411722,50.038008],[14.411234,50.037983],[14.410886,50.037961],[14.410789,50.037953],[14.410677,50.037952],[14.410525,50.037938],[14.410286,50.037935],[14.410118,50.03674],[14.409918,50.036623],[14.408812,50.036325],[14.408808,50.036279],[14.408744,50.036119],[14.408654,50.036011],[14.408471,50.035877],[14.408424,50.035837],[14.408221,50.035728],[14.408243,50.036284],[14.408175,50.037194],[14.408124,50.037498],[14.4081,50.037678],[14.408036,50.037781],[14.407895,50.037977],[14.407719,50.038207],[14.407463,50.038547],[14.407447,50.038555],[14.407139,50.038945],[14.407121,50.038961],[14.406875,50.039256],[14.406875,50.039256],[14.406876,50.039257]]]}},{"type":"Feature","properties":{"cislo":4115,"kod":26355,"mestskaCast":"praha-4"},"geometry":{"type":"Polygon","coordinates":[[[14.399994,50.030962],[14.401084,50.032043],[14.402104,50.033249],[14.403075,50.034393],[14.40421,50.03574],[14.405124,50.036852],[14.406036,50.038061],[14.406751,50.039079],[14.406774,50.039112],[14.406875,50.039256],[14.406875,50.039256],[14.407121,50.038961],[14.407139,50.038945],[14.407447,50.038555],[14.407463,50.038547],[14.407719,50.038207],[14.407895,50.037977],[14.408036,50.037781],[14.4081,50.037678],[14.408124,50.037498],[14.408175,50.037194],[14.408243,50.036284],[14.408221,50.035728],[14.408424,50.035837],[14.408471,50.035877],[14.408654,50.036011],[14.408744,50.036119],[14.408808,50.036279],[14.408812,50.036325],[14.409918,50.036623],[14.410118,50.03674],[14.410286,50.037935],[14.410525,50.037938],[14.410677,50.037952],[14.410789,50.037953],[14.4108,50.037772],[14.41083,50.037566],[14.410842,50.037376],[14.410858,50.037169],[14.410894,50.037],[14.410956,50.036842],[14.411058,50.036697],[14.411207,50.036528],[14.411224,50.036512],[14.41134,50.036368],[14.411463,50.036252],[14.411571,50.036143],[14.411696,50.036018],[14.411832,50.035912],[14.412,50.035782],[14.412132,50.035694],[14.412244,50.035631],[14.412448,50.035531],[14.412574,50.03547],[14.412669,50.035424],[14.412889,50.035316],[14.413125,50.035201],[14.413158,50.035177],[14.413438,50.035056],[14.413715,50.034945],[14.413936,50.034837],[14.414197,50.034733],[14.414368,50.034658],[14.413538,50.034194],[14.414707,50.032283],[14.416133,50.0326],[14.416278,50.031723],[14.415734,50.03163],[14.415256,50.03156],[14.414723,50.031485],[14.410114,50.028263],[14.40965,50.028458],[14.409573,50.028487],[14.409321,50.02861],[14.409217,50.028701],[14.408708,50.029173],[14.408672,50.029206],[14.408525,50.029302],[14.408476,50.029334],[14.408466,50.029315],[14.408454,50.029305],[14.408414,50.029228],[14.408404,50.029209],[14.408276,50.029016],[14.408186,50.028909],[14.408175,50.028898],[14.408031,50.028777],[14.40789,50.028646],[14.407761,50.028526],[14.407749,50.028516],[14.407425,50.028251],[14.407306,50.02815],[14.407175,50.028038],[14.407103,50.027977],[14.407166,50.027947],[14.407143,50.027927],[14.407035,50.027835],[14.406868,50.027693],[14.406843,50.027682],[14.406535,50.02741],[14.406511,50.027389],[14.406499,50.027379],[14.406326,50.027264],[14.40629,50.027234],[14.406164,50.027168],[14.406126,50.027146],[14.405973,50.027069],[14.40596,50.027068],[14.405766,50.026987],[14.405214,50.026666],[14.405197,50.026683],[14.405163,50.026707],[14.405148,50.026715],[14.405095,50.026764],[14.405113,50.026811],[14.405125,50.026822],[14.405133,50.02685],[14.405163,50.026907],[14.40533,50.027049],[14.40551,50.027192],[14.405739,50.027375],[14.405676,50.027406],[14.405599,50.027436],[14.405552,50.027459],[14.405536,50.027466],[14.405509,50.027464],[14.40545,50.027477],[14.405361,50.027496],[14.405302,50.027509],[14.405256,50.027523],[14.405065,50.027561],[14.405051,50.027559],[14.404951,50.027569],[14.404545,50.027623],[14.404486,50.027636],[14.404342,50.027651],[14.404298,50.027656],[14.404255,50.027661],[14.404184,50.027664],[14.403971,50.027672],[14.403785,50.027683],[14.403771,50.027682],[14.403572,50.027691],[14.403416,50.027695],[14.403162,50.0277],[14.403061,50.027709],[14.402877,50.027711],[14.402806,50.027714],[14.402481,50.027721],[14.402242,50.027718],[14.402116,50.027716],[14.401707,50.027716],[14.401452,50.027721],[14.401411,50.027717],[14.401184,50.027724],[14.400973,50.027724],[14.400945,50.027721],[14.400761,50.027723],[14.400718,50.027728],[14.400635,50.027721],[14.400523,50.02772],[14.40041,50.027719],[14.400288,50.027763],[14.399798,50.027946],[14.399705,50.027983],[14.399674,50.027998],[14.399615,50.028011],[14.399322,50.02813],[14.398999,50.028256],[14.397919,50.02845],[14.398939,50.029688],[14.399994,50.030962]]]}},{"type":"Feature","properties":{"cislo":4116,"kod":26357,"mestskaCast":"praha-4"},"geometry":{"type":"Polygon","coordinates":[[[14.410789,50.037953],[14.410886,50.037961],[14.411234,50.037983],[14.411722,50.038008],[14.411852,50.037992],[14.41195,50.037992],[14.411955,50.038101],[14.412054,50.038101],[14.412656,50.038055],[14.412973,50.038019],[14.413117,50.038005],[14.413218,50.037996],[14.41331,50.037958],[14.413361,50.037918],[14.413404,50.037849],[14.41342,50.037778],[14.413463,50.037509],[14.413473,50.037328],[14.413541,50.037144],[14.413601,50.036995],[14.413679,50.036829],[14.413857,50.036854],[14.414424,50.036904],[14.414617,50.036922],[14.414634,50.036841],[14.414636,50.036769],[14.414677,50.036709],[14.414716,50.036658],[14.415558,50.036016],[14.416394,50.0354],[14.416739,50.035304],[14.417196,50.035208],[14.417905,50.035053],[14.417397,50.03499],[14.416469,50.034853],[14.416277,50.034827],[14.415913,50.034749],[14.415701,50.034685],[14.415581,50.034656],[14.415441,50.034717],[14.415197,50.034867],[14.414895,50.035095],[14.414475,50.035348],[14.414152,50.035537],[14.413679,50.03584],[14.413455,50.035965],[14.413423,50.035981],[14.412574,50.03547],[14.412448,50.035531],[14.412244,50.035631],[14.412132,50.035694],[14.412,50.035782],[14.411832,50.035912],[14.411696,50.036018],[14.411571,50.036143],[14.411463,50.036252],[14.41134,50.036368],[14.411224,50.036512],[14.411207,50.036528],[14.411058,50.036697],[14.410956,50.036842],[14.410894,50.037],[14.410858,50.037169],[14.410842,50.037376],[14.41083,50.037566],[14.4108,50.037772],[14.410789,50.037953]]]}},{"type":"Feature","properties":{"cislo":4117,"kod":26359,"mestskaCast":"praha-4"},"geometry":{"type":"Polygon","coordinates":[[[14.415581,50.034656],[14.415673,50.034619],[14.41587,50.034555],[14.416077,50.03451],[14.416152,50.034489],[14.416619,50.034413],[14.417299,50.034328],[14.417879,50.034252],[14.418224,50.034219],[14.418339,50.034211],[14.418439,50.034202],[14.418448,50.033831],[14.417704,50.033556],[14.417466,50.033417],[14.417494,50.033419],[14.417774,50.033426],[14.418011,50.033438],[14.418329,50.033466],[14.418415,50.033065],[14.416133,50.0326],[14.414707,50.032283],[14.413538,50.034194],[14.414368,50.034658],[14.414197,50.034733],[14.413936,50.034837],[14.413715,50.034945],[14.413438,50.035056],[14.413158,50.035177],[14.413125,50.035201],[14.412889,50.035316],[14.412669,50.035424],[14.412574,50.03547],[14.413423,50.035981],[14.413455,50.035965],[14.413679,50.03584],[14.414152,50.035537],[14.414475,50.035348],[14.414895,50.035095],[14.415197,50.034867],[14.415441,50.034717],[14.415581,50.034656]]]}},{"type":"Feature","properties":{"cislo":4118,"kod":26361,"mestskaCast":"praha-4"},"geometry":{"type":"Polygon","coordinates":[[[14.417905,50.035053],[14.417988,50.03506],[14.418636,50.035127],[14.420007,50.035239],[14.421335,50.035357],[14.421684,50.03537],[14.42188,50.035378],[14.422096,50.035488],[14.422631,50.03569],[14.422656,50.035701],[14.423037,50.035835],[14.423363,50.035954],[14.42365,50.036062],[14.423807,50.036121],[14.4239,50.036147],[14.424141,50.036205],[14.424726,50.036302],[14.425743,50.036492],[14.426502,50.036632],[14.427158,50.036726],[14.427624,50.036786],[14.427978,50.036844],[14.428293,50.03689],[14.428377,50.036889],[14.428684,50.036907],[14.428829,50.033652],[14.428868,50.032875],[14.428252,50.032857],[14.427215,50.032829],[14.426627,50.032813],[14.426194,50.032793],[14.425663,50.032773],[14.424899,50.032723],[14.424107,50.032671],[14.423237,50.032585],[14.422068,50.032454],[14.420677,50.032304],[14.42058,50.032295],[14.419667,50.032214],[14.418116,50.032022],[14.417952,50.031999],[14.417703,50.031977],[14.417401,50.031941],[14.417104,50.031878],[14.416875,50.031831],[14.416618,50.031781],[14.416278,50.031723],[14.416133,50.0326],[14.418415,50.033065],[14.418329,50.033466],[14.418011,50.033438],[14.417774,50.033426],[14.417494,50.033419],[14.417466,50.033417],[14.417704,50.033556],[14.418448,50.033831],[14.418439,50.034202],[14.418339,50.034211],[14.418224,50.034219],[14.417879,50.034252],[14.417299,50.034328],[14.416619,50.034413],[14.416152,50.034489],[14.416077,50.03451],[14.41587,50.034555],[14.415673,50.034619],[14.415581,50.034656],[14.415701,50.034685],[14.415913,50.034749],[14.416277,50.034827],[14.416469,50.034853],[14.417397,50.03499],[14.417905,50.035053]]]}},{"type":"Feature","properties":{"cislo":4119,"kod":26363,"mestskaCast":"praha-4"},"geometry":{"type":"Polygon","coordinates":[[[14.416278,50.031723],[14.416295,50.031579],[14.4163,50.031489],[14.416323,50.031382],[14.416344,50.031284],[14.416359,50.031213],[14.416392,50.031125],[14.416419,50.031064],[14.416478,50.030988],[14.416548,50.030921],[14.416632,50.030856],[14.416758,50.030795],[14.416906,50.030762],[14.417005,50.030762],[14.417202,50.029246],[14.419145,50.029318],[14.419449,50.028292],[14.419462,50.028293],[14.41947,50.028194],[14.420169,50.02802],[14.42066,50.027964],[14.421301,50.02793],[14.421781,50.027927],[14.422034,50.027931],[14.422172,50.027944],[14.423874,50.027759],[14.425482,50.027484],[14.425765,50.026819],[14.425126,50.026844],[14.424982,50.026859],[14.424198,50.026898],[14.423912,50.026918],[14.423601,50.026927],[14.422989,50.026954],[14.422379,50.026973],[14.42218,50.026982],[14.422148,50.026998],[14.421969,50.027045],[14.421453,50.027154],[14.421441,50.02708],[14.421343,50.026282],[14.421329,50.026217],[14.421501,50.026205],[14.421488,50.026131],[14.421396,50.025506],[14.421382,50.025441],[14.42099,50.025497],[14.4208,50.025526],[14.419852,50.025678],[14.418798,50.025866],[14.418559,50.025926],[14.418317,50.026005],[14.418122,50.02606],[14.418047,50.02608],[14.417388,50.026331],[14.416798,50.026587],[14.416662,50.026629],[14.416587,50.02665],[14.416452,50.026692],[14.416258,50.026739],[14.416053,50.026775],[14.415669,50.026795],[14.415542,50.026793],[14.415371,50.026805],[14.415187,50.026807],[14.41499,50.026808],[14.414794,50.026799],[14.41436,50.026724],[14.414239,50.026696],[14.414103,50.026674],[14.413959,50.026689],[14.413783,50.026719],[14.413606,50.026757],[14.413413,50.026804],[14.413206,50.026849],[14.412969,50.026901],[14.412585,50.026921],[14.412129,50.026944],[14.411659,50.026966],[14.411645,50.026965],[14.411527,50.026991],[14.411376,50.027041],[14.411242,50.027138],[14.410841,50.027565],[14.410414,50.028044],[14.410252,50.028212],[14.410114,50.028263],[14.414723,50.031485],[14.415256,50.03156],[14.415734,50.03163],[14.416278,50.031723]]]}},{"type":"Feature","properties":{"cislo":4120,"kod":26365,"mestskaCast":"praha-4"},"geometry":{"type":"Polygon","coordinates":[[[14.428868,50.032875],[14.428896,50.032878],[14.429559,50.032873],[14.430007,50.032885],[14.430347,50.032879],[14.430668,50.03289],[14.43131,50.032919],[14.431324,50.03292],[14.431179,50.031156],[14.429952,50.029577],[14.4289,50.02903],[14.42834,50.028354],[14.427919,50.027881],[14.42777,50.027723],[14.427789,50.027697],[14.427868,50.027595],[14.427834,50.027556],[14.427139,50.027839],[14.427031,50.027884],[14.426919,50.027947],[14.426541,50.027605],[14.426283,50.027364],[14.425478,50.027502],[14.425482,50.027484],[14.423874,50.027759],[14.422172,50.027944],[14.422034,50.027931],[14.421781,50.027927],[14.421301,50.02793],[14.42066,50.027964],[14.420169,50.02802],[14.41947,50.028194],[14.419462,50.028293],[14.419449,50.028292],[14.419145,50.029318],[14.417202,50.029246],[14.417005,50.030762],[14.416906,50.030762],[14.416758,50.030795],[14.416632,50.030856],[14.416548,50.030921],[14.416478,50.030988],[14.416419,50.031064],[14.416392,50.031125],[14.416359,50.031213],[14.416344,50.031284],[14.416323,50.031382],[14.4163,50.031489],[14.416295,50.031579],[14.416278,50.031723],[14.416618,50.031781],[14.416875,50.031831],[14.417104,50.031878],[14.417401,50.031941],[14.417703,50.031977],[14.417952,50.031999],[14.418116,50.032022],[14.419667,50.032214],[14.42058,50.032295],[14.420677,50.032304],[14.422068,50.032454],[14.423237,50.032585],[14.424107,50.032671],[14.424899,50.032723],[14.425663,50.032773],[14.426194,50.032793],[14.426627,50.032813],[14.427215,50.032829],[14.428252,50.032857],[14.428868,50.032875]]]}},{"type":"Feature","properties":{"cislo":4121,"kod":26367,"mestskaCast":"praha-4"},"geometry":{"type":"Polygon","coordinates":[[[14.425482,50.027484],[14.425478,50.027502],[14.426283,50.027364],[14.426541,50.027605],[14.426919,50.027947],[14.427031,50.027884],[14.427139,50.027839],[14.427834,50.027556],[14.427778,50.027487],[14.427766,50.027477],[14.427688,50.02738],[14.427565,50.027233],[14.427521,50.027174],[14.427447,50.027059],[14.427373,50.026943],[14.427365,50.026915],[14.427243,50.026759],[14.427219,50.026739],[14.427145,50.026624],[14.427069,50.026517],[14.427037,50.026469],[14.426902,50.026312],[14.426798,50.026139],[14.426768,50.026082],[14.426728,50.026006],[14.426688,50.02593],[14.426669,50.025883],[14.426663,50.025846],[14.426625,50.025761],[14.426597,50.025695],[14.428675,50.025461],[14.428536,50.025322],[14.4284,50.025165],[14.428402,50.025156],[14.428372,50.025099],[14.428374,50.02509],[14.427747,50.025125],[14.42749,50.025139],[14.426451,50.025192],[14.426411,50.024979],[14.426354,50.02472],[14.426349,50.024611],[14.42636,50.024494],[14.426246,50.024502],[14.42521,50.024537],[14.425111,50.024537],[14.424955,50.024542],[14.424357,50.024571],[14.423519,50.024605],[14.42326,50.024628],[14.423382,50.02472],[14.423417,50.02475],[14.423557,50.02489],[14.423664,50.025045],[14.423663,50.025054],[14.423709,50.025167],[14.423735,50.025241],[14.423763,50.025307],[14.423536,50.025315],[14.422838,50.025353],[14.422568,50.025365],[14.42168,50.025431],[14.421382,50.025441],[14.421396,50.025506],[14.421488,50.026131],[14.421501,50.026205],[14.421329,50.026217],[14.421343,50.026282],[14.421441,50.02708],[14.421453,50.027154],[14.421969,50.027045],[14.422148,50.026998],[14.42218,50.026982],[14.422379,50.026973],[14.422989,50.026954],[14.423601,50.026927],[14.423912,50.026918],[14.424198,50.026898],[14.424982,50.026859],[14.425126,50.026844],[14.425765,50.026819],[14.425482,50.027484]]]}},{"type":"Feature","properties":{"cislo":4122,"kod":26369,"mestskaCast":"praha-4"},"geometry":{"type":"Polygon","coordinates":[[[14.431179,50.031156],[14.435889,50.031074],[14.435765,50.030264],[14.432881,50.027604],[14.432658,50.027393],[14.432519,50.027454],[14.432461,50.027394],[14.43226,50.027149],[14.432174,50.027087],[14.431847,50.026704],[14.431836,50.026694],[14.431543,50.026351],[14.431509,50.026311],[14.431467,50.026244],[14.432047,50.026032],[14.431747,50.025724],[14.431713,50.025685],[14.431621,50.025586],[14.431599,50.025557],[14.431565,50.025518],[14.429958,50.02612],[14.42944,50.026301],[14.428675,50.025461],[14.426597,50.025695],[14.426625,50.025761],[14.426663,50.025846],[14.426669,50.025883],[14.426688,50.02593],[14.426728,50.026006],[14.426768,50.026082],[14.426798,50.026139],[14.426902,50.026312],[14.427037,50.026469],[14.427069,50.026517],[14.427145,50.026624],[14.427219,50.026739],[14.427243,50.026759],[14.427365,50.026915],[14.427373,50.026943],[14.427447,50.027059],[14.427521,50.027174],[14.427565,50.027233],[14.427688,50.02738],[14.427766,50.027477],[14.427778,50.027487],[14.427834,50.027556],[14.427868,50.027595],[14.427789,50.027697],[14.42777,50.027723],[14.427919,50.027881],[14.42834,50.028354],[14.4289,50.02903],[14.429952,50.029577],[14.431179,50.031156]]]}},{"type":"Feature","properties":{"cislo":4123,"kod":26371,"mestskaCast":"praha-4"},"geometry":{"type":"Polygon","coordinates":[[[14.435889,50.031074],[14.435902,50.031075],[14.43814,50.031019],[14.438064,50.030785],[14.43804,50.030765],[14.437918,50.030672],[14.437871,50.030632],[14.437824,50.030519],[14.437518,50.030038],[14.437882,50.030052],[14.438146,50.030066],[14.438442,50.030065],[14.438626,50.030064],[14.438827,50.030045],[14.439267,50.029966],[14.439489,50.029913],[14.43958,50.029885],[14.441365,50.028781],[14.439613,50.026493],[14.43984,50.02635],[14.44302,50.024916],[14.442518,50.024627],[14.442469,50.024595],[14.441798,50.024236],[14.441465,50.024016],[14.441171,50.024208],[14.440096,50.024621],[14.440012,50.024686],[14.439735,50.024861],[14.439501,50.024968],[14.439352,50.025009],[14.439162,50.025038],[14.438431,50.0251],[14.437381,50.025198],[14.436484,50.025309],[14.436211,50.025403],[14.435626,50.025632],[14.435089,50.025839],[14.435137,50.025879],[14.435217,50.025968],[14.435272,50.026236],[14.435443,50.02636],[14.435489,50.02641],[14.434885,50.026728],[14.434826,50.026741],[14.434767,50.026754],[14.434738,50.026761],[14.434655,50.026753],[14.434667,50.026827],[14.434679,50.026837],[14.434685,50.026874],[14.434573,50.026937],[14.434522,50.026978],[14.433244,50.027491],[14.432881,50.027604],[14.435765,50.030264],[14.435889,50.031074]]]}},{"type":"Feature","properties":{"cislo":4124,"kod":26373,"mestskaCast":"praha-4"},"geometry":{"type":"Polygon","coordinates":[[[14.436484,50.025309],[14.437381,50.025198],[14.438431,50.0251],[14.439162,50.025038],[14.439352,50.025009],[14.439501,50.024968],[14.439735,50.024861],[14.440012,50.024686],[14.440096,50.024621],[14.441171,50.024208],[14.441465,50.024016],[14.441279,50.0239],[14.441267,50.02389],[14.440875,50.02361],[14.440617,50.023369],[14.440533,50.023298],[14.440318,50.023053],[14.440304,50.023051],[14.436216,50.024586],[14.436003,50.024658],[14.436484,50.025309]]]}},{"type":"Feature","properties":{"cislo":4125,"kod":26375,"mestskaCast":"praha-4"},"geometry":{"type":"Polygon","coordinates":[[[14.432881,50.027604],[14.433244,50.027491],[14.434522,50.026978],[14.434573,50.026937],[14.434685,50.026874],[14.434679,50.026837],[14.434667,50.026827],[14.434655,50.026753],[14.434738,50.026761],[14.434767,50.026754],[14.434826,50.026741],[14.434885,50.026728],[14.435489,50.02641],[14.435443,50.02636],[14.435272,50.026236],[14.435217,50.025968],[14.435137,50.025879],[14.435089,50.025839],[14.435626,50.025632],[14.436211,50.025403],[14.436484,50.025309],[14.436003,50.024658],[14.434457,50.025238],[14.433362,50.02555],[14.433308,50.025472],[14.432807,50.025047],[14.431565,50.025518],[14.431599,50.025557],[14.431621,50.025586],[14.431713,50.025685],[14.431747,50.025724],[14.432047,50.026032],[14.431467,50.026244],[14.431509,50.026311],[14.431543,50.026351],[14.431836,50.026694],[14.431847,50.026704],[14.432174,50.027087],[14.43226,50.027149],[14.432461,50.027394],[14.432519,50.027454],[14.432658,50.027393],[14.432881,50.027604]]]}},{"type":"Feature","properties":{"cislo":4126,"kod":26377,"mestskaCast":"praha-4"},"geometry":{"type":"Polygon","coordinates":[[[14.431565,50.025518],[14.432807,50.025047],[14.432309,50.02454],[14.432201,50.024322],[14.430786,50.023098],[14.430287,50.0224],[14.430192,50.022383],[14.430124,50.022368],[14.429676,50.022355],[14.429343,50.022335],[14.429091,50.022258],[14.428951,50.022191],[14.428852,50.022718],[14.428708,50.023722],[14.428639,50.023716],[14.42815,50.023699],[14.427996,50.024485],[14.427509,50.02446],[14.427496,50.024585],[14.426448,50.024611],[14.426349,50.024611],[14.426354,50.02472],[14.426411,50.024979],[14.426451,50.025192],[14.42749,50.025139],[14.427747,50.025125],[14.428374,50.02509],[14.428372,50.025099],[14.428402,50.025156],[14.4284,50.025165],[14.428536,50.025322],[14.428675,50.025461],[14.42944,50.026301],[14.429958,50.02612],[14.431565,50.025518]]]}},{"type":"Feature","properties":{"cislo":4127,"kod":26379,"mestskaCast":"praha-4"},"geometry":{"type":"Polygon","coordinates":[[[14.42939,50.021186],[14.42759,50.021308],[14.427562,50.021306],[14.427069,50.021307],[14.42683,50.021304],[14.426382,50.021292],[14.425057,50.021293],[14.425,50.021297],[14.423891,50.021344],[14.422814,50.021439],[14.422826,50.021449],[14.423018,50.022265],[14.4231,50.022544],[14.423223,50.022954],[14.423297,50.023469],[14.422794,50.023515],[14.421833,50.023593],[14.421889,50.023662],[14.421899,50.023681],[14.422009,50.023827],[14.422182,50.024006],[14.42243,50.024164],[14.422721,50.024317],[14.422961,50.024447],[14.423135,50.024553],[14.42326,50.024628],[14.423519,50.024605],[14.424357,50.024571],[14.424955,50.024542],[14.425111,50.024537],[14.42521,50.024537],[14.426246,50.024502],[14.42636,50.024494],[14.426349,50.024611],[14.426448,50.024611],[14.427496,50.024585],[14.427509,50.02446],[14.427996,50.024485],[14.42815,50.023699],[14.428639,50.023716],[14.428708,50.023722],[14.428852,50.022718],[14.428951,50.022191],[14.429091,50.022258],[14.429343,50.022335],[14.429676,50.022355],[14.430124,50.022368],[14.430192,50.022383],[14.430287,50.0224],[14.430328,50.022404],[14.429412,50.021216],[14.42939,50.021186]]]}},{"type":"Feature","properties":{"cislo":4128,"kod":26381,"mestskaCast":"praha-4"},"geometry":{"type":"Polygon","coordinates":[[[14.418122,50.02606],[14.418317,50.026005],[14.418559,50.025926],[14.418798,50.025866],[14.419852,50.025678],[14.4208,50.025526],[14.42099,50.025497],[14.421382,50.025441],[14.42168,50.025431],[14.422568,50.025365],[14.422838,50.025353],[14.423536,50.025315],[14.423763,50.025307],[14.423735,50.025241],[14.423709,50.025167],[14.423663,50.025054],[14.423664,50.025045],[14.423557,50.02489],[14.423417,50.02475],[14.423382,50.02472],[14.42326,50.024628],[14.423135,50.024553],[14.422961,50.024447],[14.422721,50.024317],[14.42243,50.024164],[14.422182,50.024006],[14.422009,50.023827],[14.421899,50.023681],[14.421889,50.023662],[14.421833,50.023593],[14.422794,50.023515],[14.423297,50.023469],[14.423223,50.022954],[14.4231,50.022544],[14.423018,50.022265],[14.422826,50.021449],[14.422814,50.021439],[14.423891,50.021344],[14.425,50.021297],[14.425057,50.021293],[14.426382,50.021292],[14.42683,50.021304],[14.427069,50.021307],[14.427562,50.021306],[14.42759,50.021308],[14.42939,50.021186],[14.429153,50.020848],[14.428467,50.020433],[14.428001,50.020174],[14.427061,50.019522],[14.427061,50.019522],[14.427028,50.019526],[14.42685,50.019529],[14.426531,50.019512],[14.42648,50.019503],[14.42621,50.019455],[14.426013,50.019416],[14.425537,50.019321],[14.425371,50.019288],[14.425034,50.019238],[14.423854,50.019117],[14.423546,50.019086],[14.423387,50.019043],[14.423253,50.018961],[14.422978,50.018869],[14.422829,50.018846],[14.422059,50.018807],[14.421829,50.018804],[14.421627,50.01882],[14.421316,50.018885],[14.421153,50.018927],[14.421055,50.018953],[14.420965,50.018974],[14.420654,50.01903],[14.420304,50.019024],[14.420037,50.018986],[14.419548,50.018858],[14.41905,50.018775],[14.418539,50.01865],[14.41806,50.018498],[14.417527,50.018295],[14.417294,50.018206],[14.417292,50.018208],[14.416912,50.018801],[14.416375,50.019534],[14.41608,50.019662],[14.41618,50.019788],[14.416224,50.01991],[14.416324,50.020037],[14.416444,50.020202],[14.416463,50.020376],[14.416415,50.020599],[14.416312,50.020953],[14.416219,50.02119],[14.416174,50.021331],[14.416026,50.021499],[14.415928,50.021627],[14.415919,50.021671],[14.41882,50.022401],[14.418609,50.022527],[14.418368,50.022669],[14.418257,50.022859],[14.418205,50.023036],[14.418215,50.023118],[14.41824,50.023202],[14.41826,50.023304],[14.418302,50.023371],[14.418376,50.023487],[14.418438,50.023592],[14.418213,50.023853],[14.417674,50.024795],[14.418089,50.025621],[14.418106,50.025804],[14.418056,50.025909],[14.418122,50.02606]]]}},{"type":"Feature","properties":{"cislo":4129,"kod":26383,"mestskaCast":"praha-4"},"geometry":{"type":"Polygon","coordinates":[[[14.413816,50.021729],[14.414209,50.021379],[14.414557,50.02129],[14.415919,50.021671],[14.415928,50.021627],[14.416026,50.021499],[14.416174,50.021331],[14.416219,50.02119],[14.416312,50.020953],[14.416415,50.020599],[14.416463,50.020376],[14.416444,50.020202],[14.416324,50.020037],[14.416224,50.01991],[14.41618,50.019788],[14.41608,50.019662],[14.416375,50.019534],[14.416912,50.018801],[14.417292,50.018208],[14.417294,50.018206],[14.41716,50.018155],[14.416416,50.017938],[14.416294,50.017901],[14.416266,50.017893],[14.416232,50.017883],[14.416195,50.017873],[14.415616,50.017688],[14.415146,50.017591],[14.41493,50.017563],[14.41478,50.01754],[14.414646,50.017519],[14.414296,50.017456],[14.414283,50.017419],[14.414224,50.017377],[14.414158,50.017329],[14.414133,50.017312],[14.414034,50.017245],[14.414098,50.017112],[14.414113,50.016957],[14.41411,50.016957],[14.413867,50.016976],[14.413731,50.016987],[14.413579,50.016998],[14.413475,50.017004],[14.413362,50.017009],[14.413194,50.017016],[14.413052,50.017021],[14.412841,50.017027],[14.41277,50.017027],[14.412622,50.017027],[14.412481,50.017023],[14.412444,50.017023],[14.412409,50.017024],[14.412158,50.01701],[14.412072,50.017004],[14.412031,50.017005],[14.412003,50.017009],[14.411924,50.017019],[14.411724,50.01698],[14.411727,50.016988],[14.41174,50.017022],[14.411609,50.017021],[14.411484,50.017057],[14.411348,50.017007],[14.411321,50.016998],[14.411136,50.016951],[14.411098,50.016941],[14.410931,50.016915],[14.41058,50.016793],[14.410517,50.016771],[14.410511,50.016769],[14.410413,50.016743],[14.410353,50.016724],[14.410334,50.016718],[14.410032,50.016625],[14.409893,50.016607],[14.409747,50.016588],[14.409618,50.016564],[14.409511,50.016545],[14.409478,50.016539],[14.409475,50.016538],[14.409224,50.016504],[14.408965,50.01647],[14.408689,50.016435],[14.40847,50.016409],[14.408427,50.016404],[14.408193,50.016377],[14.408188,50.016376],[14.408169,50.016374],[14.407952,50.016369],[14.407952,50.016372],[14.407691,50.016866],[14.40764,50.01697],[14.407599,50.017166],[14.407584,50.017365],[14.407593,50.01752],[14.407616,50.017613],[14.407618,50.017667],[14.407649,50.017788],[14.40774,50.018086],[14.407921,50.018556],[14.407896,50.018609],[14.40777,50.019133],[14.407616,50.019391],[14.407337,50.019575],[14.406723,50.019875],[14.406521,50.019966],[14.407416,50.020127],[14.407982,50.02025],[14.408496,50.020414],[14.409044,50.020616],[14.409223,50.020769],[14.409525,50.020488],[14.40995,50.019734],[14.410341,50.019772],[14.411173,50.020963],[14.413816,50.021729]]]}},{"type":"Feature","properties":{"cislo":4130,"kod":81562,"mestskaCast":"praha-4"},"geometry":{"type":"Polygon","coordinates":[[[14.417674,50.024795],[14.418213,50.023853],[14.418438,50.023592],[14.418376,50.023487],[14.418302,50.023371],[14.41826,50.023304],[14.41824,50.023202],[14.418215,50.023118],[14.418205,50.023036],[14.418257,50.022859],[14.418368,50.022669],[14.418609,50.022527],[14.41882,50.022401],[14.415919,50.021671],[14.414557,50.02129],[14.414209,50.021379],[14.413816,50.021729],[14.411173,50.020963],[14.410341,50.019772],[14.40995,50.019734],[14.409525,50.020488],[14.409223,50.020769],[14.409881,50.021444],[14.410048,50.021586],[14.410292,50.021698],[14.411006,50.021916],[14.411829,50.022152],[14.413033,50.02245],[14.413534,50.022612],[14.414204,50.022971],[14.415213,50.023524],[14.415453,50.023654],[14.417674,50.024795]]]}},{"type":"Feature","properties":{"cislo":4131,"kod":26385,"mestskaCast":"praha-4"},"geometry":{"type":"Polygon","coordinates":[[[14.397919,50.02845],[14.398999,50.028256],[14.399322,50.02813],[14.399615,50.028011],[14.399674,50.027998],[14.399705,50.027983],[14.399798,50.027946],[14.400288,50.027763],[14.40041,50.027719],[14.400523,50.02772],[14.400635,50.027721],[14.400718,50.027728],[14.400761,50.027723],[14.400945,50.027721],[14.400973,50.027724],[14.401184,50.027724],[14.401411,50.027717],[14.401452,50.027721],[14.401707,50.027716],[14.402116,50.027716],[14.402242,50.027718],[14.402481,50.027721],[14.402806,50.027714],[14.402877,50.027711],[14.403061,50.027709],[14.403162,50.0277],[14.403416,50.027695],[14.403572,50.027691],[14.403771,50.027682],[14.403785,50.027683],[14.403971,50.027672],[14.404184,50.027664],[14.404255,50.027661],[14.404298,50.027656],[14.404342,50.027651],[14.404486,50.027636],[14.404545,50.027623],[14.404951,50.027569],[14.405051,50.027559],[14.405065,50.027561],[14.405256,50.027523],[14.405302,50.027509],[14.405361,50.027496],[14.40545,50.027477],[14.405509,50.027464],[14.405536,50.027466],[14.405552,50.027459],[14.405599,50.027436],[14.405676,50.027406],[14.405739,50.027375],[14.40551,50.027192],[14.40533,50.027049],[14.405163,50.026907],[14.405133,50.02685],[14.405125,50.026822],[14.405113,50.026811],[14.405095,50.026764],[14.405148,50.026715],[14.405163,50.026707],[14.405197,50.026683],[14.405214,50.026666],[14.405766,50.026987],[14.40596,50.027068],[14.405973,50.027069],[14.406126,50.027146],[14.406164,50.027168],[14.40629,50.027234],[14.406326,50.027264],[14.406499,50.027379],[14.406511,50.027389],[14.406535,50.02741],[14.406843,50.027682],[14.406868,50.027693],[14.407035,50.027835],[14.407143,50.027927],[14.407166,50.027947],[14.407103,50.027977],[14.407175,50.028038],[14.407306,50.02815],[14.407425,50.028251],[14.407749,50.028516],[14.407761,50.028526],[14.40789,50.028646],[14.408031,50.028777],[14.408175,50.028898],[14.408186,50.028909],[14.408276,50.029016],[14.408404,50.029209],[14.408414,50.029228],[14.408454,50.029305],[14.408466,50.029315],[14.408476,50.029334],[14.408525,50.029302],[14.408672,50.029206],[14.408708,50.029173],[14.409217,50.028701],[14.409321,50.02861],[14.409573,50.028487],[14.40965,50.028458],[14.410114,50.028263],[14.410252,50.028212],[14.410414,50.028044],[14.410841,50.027565],[14.411242,50.027138],[14.411376,50.027041],[14.411527,50.026991],[14.411645,50.026965],[14.411659,50.026966],[14.412129,50.026944],[14.412585,50.026921],[14.412969,50.026901],[14.413206,50.026849],[14.413413,50.026804],[14.413606,50.026757],[14.413783,50.026719],[14.413959,50.026689],[14.414103,50.026674],[14.414239,50.026696],[14.41436,50.026724],[14.414794,50.026799],[14.41499,50.026808],[14.415187,50.026807],[14.415371,50.026805],[14.415542,50.026793],[14.415669,50.026795],[14.416053,50.026775],[14.416258,50.026739],[14.416452,50.026692],[14.416587,50.02665],[14.416662,50.026629],[14.416798,50.026587],[14.417388,50.026331],[14.418047,50.02608],[14.418122,50.02606],[14.418056,50.025909],[14.418106,50.025804],[14.418089,50.025621],[14.417674,50.024795],[14.415453,50.023654],[14.415213,50.023524],[14.414204,50.022971],[14.413534,50.022612],[14.413033,50.02245],[14.411829,50.022152],[14.411006,50.021916],[14.410292,50.021698],[14.410048,50.021586],[14.409881,50.021444],[14.409223,50.020769],[14.409044,50.020616],[14.408496,50.020414],[14.407982,50.02025],[14.407416,50.020127],[14.406521,50.019966],[14.406723,50.019875],[14.407337,50.019575],[14.407616,50.019391],[14.40777,50.019133],[14.407896,50.018609],[14.407921,50.018556],[14.40774,50.018086],[14.407649,50.017788],[14.407618,50.017667],[14.407616,50.017613],[14.407593,50.01752],[14.407584,50.017365],[14.407599,50.017166],[14.40764,50.01697],[14.407691,50.016866],[14.407952,50.016372],[14.407952,50.016369],[14.407697,50.016365],[14.407731,50.01634],[14.407604,50.016337],[14.407336,50.016343],[14.40723,50.016348],[14.407075,50.016355],[14.407032,50.016358],[14.406789,50.016375],[14.406537,50.0164],[14.406252,50.016431],[14.406186,50.016441],[14.406014,50.016469],[14.405745,50.016513],[14.405703,50.016522],[14.405648,50.016531],[14.405479,50.016562],[14.405262,50.016604],[14.405219,50.016611],[14.404927,50.016673],[14.404705,50.01672],[14.404668,50.016729],[14.404622,50.016742],[14.404529,50.016767],[14.40452,50.01677],[14.40447,50.016783],[14.404404,50.016801],[14.404371,50.016809],[14.404344,50.016816],[14.404154,50.016871],[14.404085,50.016886],[14.404049,50.016902],[14.403856,50.016942],[14.403814,50.016939],[14.403554,50.016987],[14.403279,50.017039],[14.403076,50.017062],[14.403038,50.017068],[14.40296,50.017089],[14.402887,50.017121],[14.402826,50.01716],[14.402795,50.017181],[14.40277,50.017202],[14.402736,50.017236],[14.402724,50.017248],[14.402711,50.01727],[14.402663,50.017352],[14.402655,50.017435],[14.402657,50.017463],[14.402535,50.017453],[14.402651,50.017862],[14.402735,50.018138],[14.402598,50.018157],[14.402521,50.018167],[14.402476,50.018173],[14.402385,50.018185],[14.402383,50.018177],[14.402379,50.018177],[14.402344,50.018182],[14.402328,50.018184],[14.402131,50.01821],[14.402025,50.018225],[14.401998,50.018228],[14.401672,50.018272],[14.401055,50.018363],[14.400349,50.01847],[14.400227,50.018489],[14.400095,50.018511],[14.400092,50.018511],[14.40009,50.018513],[14.40009,50.018515],[14.400071,50.018517],[14.400072,50.01854],[14.399963,50.01855],[14.39987,50.018558],[14.399456,50.018595],[14.398865,50.01865],[14.398804,50.018655],[14.398761,50.018657],[14.398538,50.018668],[14.398429,50.018673],[14.398429,50.018663],[14.398353,50.018673],[14.398298,50.01868],[14.398013,50.018704],[14.397843,50.018718],[14.397624,50.018735],[14.397494,50.018744],[14.396884,50.018784],[14.396806,50.018789],[14.396768,50.018792],[14.396756,50.018792],[14.396734,50.018794],[14.395871,50.018852],[14.395871,50.018966],[14.395884,50.02023],[14.395955,50.021292],[14.396144,50.022233],[14.396363,50.023129],[14.396709,50.024403],[14.397091,50.025756],[14.397394,50.026764],[14.397397,50.026774],[14.39743,50.026879],[14.397919,50.028449],[14.397919,50.02845]]]}},{"type":"Feature","properties":{"cislo":4132,"kod":26387,"mestskaCast":"praha-4"},"geometry":{"type":"Polygon","coordinates":[[[14.449833,50.042599],[14.449577,50.042752],[14.450507,50.043341],[14.450964,50.043044],[14.450077,50.042448],[14.449833,50.042599]]]}}]}
