{"type":"FeatureCollection","features":[{"type":"Feature","properties":{"cislo":14001,"kod":27933,"mestskaCast":"praha-14"},"geometry":{"type":"Polygon","coordinates":[[[14.5392,50.098171],[14.539173,50.097897],[14.53923,50.097829],[14.539248,50.097477],[14.539228,50.097439],[14.539244,50.097295],[14.539265,50.097197],[14.53925,50.097132],[14.539239,50.096986],[14.538607,50.096704],[14.538161,50.096547],[14.536504,50.095912],[14.534502,50.095773],[14.534508,50.095746],[14.53448,50.095744],[14.534482,50.095735],[14.534491,50.09569],[14.534501,50.095646],[14.534489,50.095636],[14.534479,50.095617],[14.534455,50.095596],[14.534421,50.095557],[14.534409,50.095547],[14.534397,50.095537],[14.534348,50.095433],[14.534294,50.095356],[14.534296,50.095347],[14.534286,50.095328],[14.534276,50.095309],[14.53428,50.095291],[14.534267,50.095217],[14.534278,50.095164],[14.534302,50.09512],[14.534323,50.095086],[14.534325,50.095077],[14.53456,50.094898],[14.53458,50.094872],[14.534656,50.094779],[14.534677,50.094745],[14.534699,50.09471],[14.534843,50.094496],[14.534864,50.094462],[14.534939,50.094305],[14.534965,50.094253],[14.534964,50.094189],[14.53496,50.094007],[14.534949,50.093725],[14.534957,50.09369],[14.535035,50.093651],[14.53561,50.093801],[14.535651,50.093741],[14.535637,50.09374],[14.535565,50.093416],[14.53549,50.093101],[14.535539,50.093005],[14.53623,50.092939],[14.536275,50.092925],[14.536267,50.092897],[14.536192,50.092718],[14.536165,50.092643],[14.536157,50.092615],[14.536131,50.092604],[14.535979,50.09259],[14.535637,50.092542],[14.535545,50.092507],[14.535375,50.092447],[14.535323,50.092424],[14.535194,50.092367],[14.535095,50.092304],[14.534991,50.092195],[14.53488,50.09205],[14.534733,50.091946],[14.534573,50.091905],[14.534468,50.091868],[14.534386,50.091852],[14.53436,50.091841],[14.534265,50.091823],[14.534212,50.09181],[14.534119,50.091783],[14.533889,50.091736],[14.533754,50.091706],[14.533511,50.091657],[14.533154,50.091588],[14.533154,50.091588],[14.533154,50.091588],[14.533308,50.091619],[14.533116,50.091819],[14.532159,50.092809],[14.531526,50.093467],[14.531348,50.093678],[14.531147,50.093933],[14.530914,50.094276],[14.530817,50.094441],[14.530731,50.094651],[14.530602,50.094913],[14.530492,50.095169],[14.530392,50.095495],[14.530309,50.095804],[14.530254,50.096129],[14.530228,50.096456],[14.530225,50.096778],[14.530277,50.097234],[14.530277,50.097235],[14.530292,50.097326],[14.530293,50.097328],[14.530294,50.097328],[14.530916,50.097319],[14.53165,50.097384],[14.532753,50.097507],[14.533042,50.097542],[14.533023,50.097631],[14.533239,50.097677],[14.533275,50.097571],[14.536396,50.09789],[14.53754,50.098017],[14.539086,50.098243],[14.5392,50.098171]]]}},{"type":"Feature","properties":{"cislo":14002,"kod":27935,"mestskaCast":"praha-14"},"geometry":{"type":"Polygon","coordinates":[[[14.531091,50.099388],[14.531301,50.099503],[14.531388,50.099557],[14.531426,50.099578],[14.531503,50.099612],[14.531515,50.099622],[14.531702,50.099675],[14.531823,50.099703],[14.531906,50.099711],[14.532016,50.09972],[14.532246,50.099768],[14.532531,50.09982],[14.53264,50.099839],[14.532777,50.09986],[14.53295,50.099911],[14.533017,50.099926],[14.533045,50.099928],[14.533106,50.09997],[14.53321,50.100015],[14.533417,50.10017],[14.533584,50.100311],[14.533728,50.100433],[14.533861,50.100535],[14.533963,50.100653],[14.534254,50.100815],[14.534534,50.100957],[14.534725,50.101055],[14.534739,50.101057],[14.534852,50.101121],[14.534939,50.101174],[14.535061,50.101266],[14.535107,50.101316],[14.535187,50.101404],[14.535215,50.10147],[14.535224,50.101498],[14.535252,50.101564],[14.535266,50.101829],[14.535281,50.101894],[14.535404,50.101913],[14.535766,50.101936],[14.535809,50.101931],[14.536185,50.101955],[14.536307,50.102047],[14.536452,50.102159],[14.5365,50.1022],[14.536749,50.102421],[14.536795,50.102471],[14.537007,50.102671],[14.537237,50.102918],[14.537323,50.103043],[14.537349,50.103191],[14.537422,50.103578],[14.537413,50.103686],[14.537417,50.103732],[14.537417,50.104068],[14.537319,50.104731],[14.537449,50.104851],[14.53749,50.104854],[14.538005,50.10489],[14.538076,50.104887],[14.538895,50.10495],[14.539253,50.10499],[14.539309,50.104995],[14.539596,50.105039],[14.539804,50.105057],[14.54034,50.105122],[14.540331,50.105166],[14.540292,50.105281],[14.540283,50.105326],[14.540279,50.105343],[14.54022,50.105556],[14.540276,50.105561],[14.540428,50.105574],[14.540456,50.105577],[14.540778,50.105587],[14.541085,50.105604],[14.541389,50.105631],[14.541419,50.105625],[14.541488,50.105631],[14.542171,50.105672],[14.54224,50.105678],[14.542798,50.105709],[14.54295,50.105722],[14.543757,50.105775],[14.543825,50.105454],[14.543978,50.105467],[14.544144,50.105482],[14.544257,50.105482],[14.544395,50.105495],[14.544587,50.10552],[14.544744,50.10558],[14.545071,50.105499],[14.545278,50.105454],[14.545667,50.105352],[14.545925,50.105265],[14.546104,50.105218],[14.546226,50.105174],[14.546531,50.105001],[14.546564,50.104976],[14.546699,50.104807],[14.546756,50.104739],[14.546777,50.104705],[14.546824,50.104682],[14.546888,50.104315],[14.546913,50.104263],[14.546527,50.10422],[14.546444,50.104213],[14.546323,50.104184],[14.546229,50.104158],[14.546176,50.104144],[14.546134,50.10414],[14.546015,50.104103],[14.545403,50.103931],[14.545204,50.103869],[14.544913,50.10378],[14.544832,50.103763],[14.544752,50.103738],[14.544341,50.103548],[14.544226,50.103493],[14.543379,50.103092],[14.543304,50.103049],[14.5432,50.103004],[14.542356,50.102594],[14.542177,50.10217],[14.542225,50.102147],[14.542393,50.102017],[14.542259,50.101851],[14.542264,50.10176],[14.542194,50.101691],[14.542158,50.10166],[14.542119,50.101648],[14.542015,50.101603],[14.542007,50.101575],[14.541933,50.101323],[14.541621,50.101132],[14.541257,50.100919],[14.541006,50.10077],[14.540931,50.100727],[14.540867,50.100695],[14.54078,50.100641],[14.540366,50.100397],[14.539652,50.100171],[14.539402,50.100085],[14.539362,50.100073],[14.539096,50.099995],[14.538726,50.099881],[14.538476,50.099796],[14.537918,50.099629],[14.537825,50.099603],[14.537492,50.09951],[14.537294,50.099447],[14.537002,50.099358],[14.536564,50.099229],[14.53704,50.099044],[14.537608,50.098831],[14.537653,50.098816],[14.537775,50.098773],[14.537834,50.09876],[14.537952,50.098734],[14.538146,50.098687],[14.538319,50.098666],[14.538516,50.098602],[14.53853,50.098603],[14.539014,50.098382],[14.539123,50.098337],[14.539156,50.098313],[14.539224,50.098255],[14.5392,50.098171],[14.539086,50.098243],[14.53754,50.098017],[14.536396,50.09789],[14.533275,50.097571],[14.533239,50.097677],[14.533023,50.097631],[14.533042,50.097542],[14.532753,50.097507],[14.53165,50.097384],[14.530916,50.097319],[14.530294,50.097328],[14.530293,50.097328],[14.530314,50.097436],[14.530373,50.097672],[14.530437,50.097893],[14.530655,50.098486],[14.530775,50.098776],[14.530931,50.099122],[14.531091,50.099388]]]}},{"type":"Feature","properties":{"cislo":14003,"kod":27937,"mestskaCast":"praha-14"},"geometry":{"type":"Polygon","coordinates":[[[14.541178,50.10623],[14.541237,50.105817],[14.541265,50.105684],[14.541293,50.105686],[14.541297,50.105668],[14.54136,50.105637],[14.541389,50.105631],[14.541085,50.105604],[14.540778,50.105587],[14.540456,50.105577],[14.540428,50.105574],[14.540276,50.105561],[14.54022,50.105556],[14.540279,50.105343],[14.540283,50.105326],[14.540292,50.105281],[14.540331,50.105166],[14.54034,50.105122],[14.539804,50.105057],[14.539596,50.105039],[14.539309,50.104995],[14.539253,50.10499],[14.538895,50.10495],[14.538076,50.104887],[14.538005,50.10489],[14.53749,50.104854],[14.537449,50.104851],[14.537319,50.104731],[14.537417,50.104068],[14.537417,50.103732],[14.537413,50.103686],[14.537422,50.103578],[14.537349,50.103191],[14.537323,50.103043],[14.537237,50.102918],[14.537007,50.102671],[14.536795,50.102471],[14.536749,50.102421],[14.5365,50.1022],[14.536452,50.102159],[14.536307,50.102047],[14.536185,50.101955],[14.535809,50.101931],[14.535766,50.101936],[14.535404,50.101913],[14.535281,50.101894],[14.535266,50.101829],[14.535252,50.101564],[14.535224,50.101498],[14.535215,50.10147],[14.535187,50.101404],[14.535107,50.101316],[14.535061,50.101266],[14.534939,50.101174],[14.534852,50.101121],[14.534739,50.101057],[14.534725,50.101055],[14.534534,50.100957],[14.534254,50.100815],[14.533963,50.100653],[14.533861,50.100535],[14.533728,50.100433],[14.533584,50.100311],[14.533417,50.10017],[14.53321,50.100015],[14.533106,50.09997],[14.533045,50.099928],[14.533017,50.099926],[14.53295,50.099911],[14.532777,50.09986],[14.53264,50.099839],[14.532531,50.09982],[14.532246,50.099768],[14.532016,50.09972],[14.531906,50.099711],[14.531823,50.099703],[14.531702,50.099675],[14.531515,50.099622],[14.531503,50.099612],[14.531426,50.099578],[14.531388,50.099557],[14.531301,50.099503],[14.531091,50.099388],[14.531131,50.099454],[14.531235,50.099588],[14.531443,50.099809],[14.531834,50.100171],[14.532165,50.100464],[14.532417,50.100683],[14.532644,50.10089],[14.532765,50.101015],[14.53292,50.101213],[14.533039,50.101415],[14.5331,50.101575],[14.533139,50.101731],[14.533153,50.10197],[14.533089,50.102307],[14.53299,50.10251],[14.532722,50.102837],[14.531869,50.103658],[14.531483,50.104093],[14.531361,50.104303],[14.531263,50.104662],[14.531258,50.104699],[14.531259,50.104699],[14.531273,50.1047],[14.531408,50.10473],[14.53142,50.104741],[14.531434,50.104742],[14.531661,50.104798],[14.531743,50.104814],[14.531757,50.104815],[14.532159,50.104914],[14.532415,50.104973],[14.532391,50.105016],[14.532459,50.105031],[14.532891,50.105123],[14.532958,50.105138],[14.533025,50.105153],[14.533045,50.105128],[14.533073,50.10513],[14.533261,50.105174],[14.533798,50.105303],[14.533905,50.10533],[14.533959,50.105344],[14.534135,50.105377],[14.534188,50.105391],[14.534321,50.10543],[14.534456,50.10546],[14.534525,50.105466],[14.534662,50.105487],[14.534676,50.105488],[14.534989,50.105543],[14.534991,50.105534],[14.535151,50.105575],[14.53523,50.1056],[14.535284,50.105614],[14.535351,50.105629],[14.535524,50.10568],[14.535857,50.105773],[14.536246,50.105871],[14.536285,50.105883],[14.536339,50.105897],[14.536434,50.105914],[14.536693,50.105955],[14.536776,50.105962],[14.536958,50.105969],[14.537114,50.105965],[14.537356,50.105959],[14.537399,50.105953],[14.537747,50.105975],[14.537803,50.10598],[14.538001,50.106042],[14.538614,50.106078],[14.538713,50.106077],[14.539034,50.106096],[14.539047,50.106098],[14.539437,50.106123],[14.539465,50.106125],[14.539772,50.106143],[14.540023,50.106156],[14.540565,50.106194],[14.541178,50.10623]]]}},{"type":"Feature","properties":{"cislo":14004,"kod":27939,"mestskaCast":"praha-14"},"geometry":{"type":"Polygon","coordinates":[[[14.537431,50.116944],[14.537434,50.116927],[14.537469,50.11683],[14.53749,50.116796],[14.537496,50.116769],[14.537529,50.116681],[14.537462,50.11653],[14.537344,50.11622],[14.537196,50.115917],[14.537118,50.115756],[14.537007,50.115547],[14.536827,50.115195],[14.536736,50.115024],[14.536625,50.114814],[14.536526,50.114615],[14.536528,50.114606],[14.536394,50.11444],[14.53635,50.114382],[14.53634,50.114363],[14.536328,50.114353],[14.536253,50.114238],[14.536213,50.114161],[14.536185,50.114159],[14.536177,50.114131],[14.536193,50.114123],[14.536129,50.114027],[14.536324,50.113971],[14.536953,50.1138],[14.537845,50.113451],[14.53792,50.113431],[14.538243,50.113305],[14.538274,50.113289],[14.538641,50.113158],[14.538834,50.113111],[14.538702,50.1128],[14.53854,50.112831],[14.538376,50.112808],[14.537982,50.112737],[14.537941,50.112598],[14.537756,50.112536],[14.537744,50.112526],[14.537596,50.112558],[14.537214,50.112498],[14.537197,50.112378],[14.537183,50.112377],[14.536648,50.112439],[14.536679,50.11256],[14.536625,50.112546],[14.535893,50.112672],[14.535762,50.112625],[14.535452,50.112688],[14.535289,50.112728],[14.535281,50.112564],[14.535401,50.112466],[14.535562,50.112371],[14.53553,50.112187],[14.535444,50.112062],[14.53535,50.111972],[14.535343,50.111871],[14.535331,50.111861],[14.534989,50.111477],[14.534823,50.111327],[14.5346,50.111117],[14.534414,50.110393],[14.53433,50.110122],[14.534198,50.109611],[14.534168,50.109491],[14.534013,50.109486],[14.53398,50.109375],[14.532976,50.109523],[14.5329,50.10928],[14.532957,50.109276],[14.532948,50.109121],[14.532949,50.109048],[14.533025,50.108955],[14.533507,50.108943],[14.533551,50.108938],[14.533579,50.10894],[14.533622,50.108935],[14.533905,50.108932],[14.534332,50.108915],[14.534575,50.1089],[14.534776,50.108882],[14.534814,50.108767],[14.534991,50.108202],[14.535713,50.108256],[14.535718,50.108229],[14.535857,50.108241],[14.53588,50.108134],[14.535968,50.107516],[14.536008,50.107193],[14.536028,50.107031],[14.535862,50.107017],[14.535922,50.106732],[14.535727,50.106724],[14.535745,50.106634],[14.535735,50.106615],[14.535472,50.106592],[14.535507,50.106296],[14.535516,50.106251],[14.53553,50.106117],[14.535524,50.10568],[14.535351,50.105629],[14.535284,50.105614],[14.53523,50.1056],[14.535151,50.105575],[14.534991,50.105534],[14.534989,50.105543],[14.534676,50.105488],[14.534662,50.105487],[14.534525,50.105466],[14.534456,50.10546],[14.534321,50.10543],[14.534188,50.105391],[14.534135,50.105377],[14.533959,50.105344],[14.533905,50.10533],[14.533798,50.105303],[14.533261,50.105174],[14.533073,50.10513],[14.533045,50.105128],[14.533025,50.105153],[14.532958,50.105138],[14.532891,50.105123],[14.532459,50.105031],[14.532391,50.105016],[14.532415,50.104973],[14.532159,50.104914],[14.531757,50.104815],[14.531743,50.104814],[14.531661,50.104798],[14.531434,50.104742],[14.53142,50.104741],[14.531408,50.10473],[14.531273,50.1047],[14.531259,50.104699],[14.531258,50.104699],[14.531233,50.104907],[14.529413,50.104485],[14.529412,50.104485],[14.529029,50.106285],[14.529118,50.106264],[14.529122,50.106263],[14.529207,50.106242],[14.529454,50.10618],[14.52943,50.106269],[14.52946,50.106274],[14.529656,50.106304],[14.529865,50.106333],[14.530063,50.106351],[14.530263,50.106365],[14.530493,50.106377],[14.5307,50.106383],[14.53093,50.106382],[14.531071,50.106376],[14.531121,50.106374],[14.531451,50.106364],[14.531492,50.106796],[14.531577,50.107659],[14.531575,50.107957],[14.531443,50.108988],[14.531368,50.109515],[14.531082,50.110552],[14.531225,50.111066],[14.531288,50.11129],[14.531289,50.111292],[14.531341,50.111479],[14.531358,50.111501],[14.531371,50.111519],[14.531408,50.11157],[14.531407,50.11173],[14.531326,50.111868],[14.531194,50.112084],[14.531022,50.112265],[14.530728,50.112461],[14.530603,50.112514],[14.530151,50.112698],[14.528795,50.113225],[14.528177,50.113471],[14.528229,50.11349],[14.528344,50.11353],[14.528345,50.113531],[14.528371,50.113543],[14.528475,50.113589],[14.528514,50.113607],[14.528571,50.113714],[14.528591,50.113752],[14.528633,50.113829],[14.528648,50.113857],[14.52866,50.113875],[14.528711,50.11395],[14.528789,50.114065],[14.528827,50.114121],[14.528875,50.114207],[14.528901,50.114254],[14.528922,50.114291],[14.529004,50.114437],[14.529036,50.11451],[14.52904,50.114518],[14.52904,50.11452],[14.529088,50.114629],[14.529247,50.114791],[14.529396,50.114902],[14.529491,50.114973],[14.529531,50.115001],[14.529536,50.115036],[14.529539,50.115054],[14.529547,50.115109],[14.529549,50.115123],[14.52955,50.115127],[14.529551,50.115137],[14.529567,50.115242],[14.52957,50.11526],[14.529571,50.115268],[14.529576,50.115299],[14.529588,50.115377],[14.529618,50.11558],[14.529631,50.115663],[14.529634,50.115911],[14.529634,50.115958],[14.529871,50.115974],[14.530724,50.115939],[14.530726,50.115976],[14.530865,50.116587],[14.531116,50.117353],[14.531122,50.117372],[14.531194,50.117584],[14.531213,50.117638],[14.531649,50.117584],[14.531653,50.117583],[14.5322,50.117515],[14.532802,50.117454],[14.533427,50.117391],[14.53328,50.116713],[14.533274,50.116609],[14.533303,50.116472],[14.533333,50.116416],[14.533755,50.116628],[14.53424,50.116787],[14.534447,50.116838],[14.534703,50.11689],[14.534986,50.116939],[14.536601,50.117001],[14.537427,50.116945],[14.537431,50.116944]]]}},{"type":"Feature","properties":{"cislo":14005,"kod":27941,"mestskaCast":"praha-14"},"geometry":{"type":"Polygon","coordinates":[[[14.536028,50.107031],[14.536008,50.107193],[14.535968,50.107516],[14.53588,50.108134],[14.535857,50.108241],[14.535718,50.108229],[14.535713,50.108256],[14.534991,50.108202],[14.534814,50.108767],[14.534776,50.108882],[14.534575,50.1089],[14.534332,50.108915],[14.533905,50.108932],[14.533622,50.108935],[14.533579,50.10894],[14.533551,50.108938],[14.533507,50.108943],[14.533025,50.108955],[14.532949,50.109048],[14.532948,50.109121],[14.532957,50.109276],[14.5329,50.10928],[14.532976,50.109523],[14.53398,50.109375],[14.534013,50.109486],[14.534168,50.109491],[14.534198,50.109611],[14.53433,50.110122],[14.534414,50.110393],[14.5346,50.111117],[14.534823,50.111327],[14.534989,50.111477],[14.535331,50.111861],[14.535343,50.111871],[14.53535,50.111972],[14.535444,50.112062],[14.53553,50.112187],[14.535562,50.112371],[14.535401,50.112466],[14.535281,50.112564],[14.535289,50.112728],[14.535452,50.112688],[14.535762,50.112625],[14.535893,50.112672],[14.536625,50.112546],[14.536679,50.11256],[14.536648,50.112439],[14.537183,50.112377],[14.537197,50.112378],[14.537214,50.112498],[14.537596,50.112558],[14.537744,50.112526],[14.537756,50.112536],[14.537941,50.112598],[14.537982,50.112737],[14.538376,50.112808],[14.53854,50.112831],[14.538702,50.1128],[14.538834,50.113111],[14.538641,50.113158],[14.538274,50.113289],[14.538243,50.113305],[14.53792,50.113431],[14.537845,50.113451],[14.536953,50.1138],[14.536324,50.113971],[14.536129,50.114027],[14.536193,50.114123],[14.536177,50.114131],[14.536185,50.114159],[14.536213,50.114161],[14.536253,50.114238],[14.536328,50.114353],[14.53634,50.114363],[14.53635,50.114382],[14.536394,50.11444],[14.536528,50.114606],[14.536526,50.114615],[14.536625,50.114814],[14.536736,50.115024],[14.536827,50.115195],[14.537007,50.115547],[14.537118,50.115756],[14.537196,50.115917],[14.537344,50.11622],[14.537462,50.11653],[14.537529,50.116681],[14.537496,50.116769],[14.53749,50.116796],[14.537469,50.11683],[14.537434,50.116927],[14.537431,50.116944],[14.53806,50.116877],[14.538466,50.116847],[14.538972,50.11685],[14.539271,50.116868],[14.53938,50.11687],[14.539416,50.116871],[14.539928,50.116889],[14.540122,50.116895],[14.540183,50.116897],[14.540642,50.116919],[14.54141,50.117009],[14.542428,50.117177],[14.542707,50.117226],[14.543067,50.11729],[14.543067,50.11729],[14.543177,50.117266],[14.543174,50.117211],[14.543176,50.117202],[14.543137,50.116854],[14.543132,50.116808],[14.543107,50.116661],[14.543033,50.116409],[14.543025,50.116381],[14.542985,50.116169],[14.54293,50.115965],[14.542905,50.115881],[14.542803,50.115563],[14.542793,50.115544],[14.54276,50.115433],[14.542749,50.11535],[14.54275,50.115278],[14.542741,50.115186],[14.542601,50.114647],[14.542568,50.114536],[14.542416,50.113923],[14.542375,50.113847],[14.542274,50.113657],[14.542177,50.113449],[14.541818,50.112946],[14.541804,50.112944],[14.541806,50.112936],[14.541784,50.112906],[14.541645,50.112695],[14.54169,50.112417],[14.541716,50.112293],[14.54174,50.112249],[14.541821,50.112066],[14.541857,50.11196],[14.541888,50.111881],[14.541953,50.111705],[14.541967,50.111643],[14.54194,50.111368],[14.541946,50.111342],[14.541893,50.111192],[14.542165,50.11117],[14.542565,50.111151],[14.542721,50.111146],[14.542656,50.11105],[14.542452,50.110751],[14.542284,50.110609],[14.541859,50.110218],[14.54181,50.109914],[14.539925,50.110022],[14.539638,50.110042],[14.539516,50.109088],[14.539504,50.109077],[14.539508,50.108924],[14.539032,50.108973],[14.538673,50.109005],[14.537867,50.109079],[14.537883,50.108936],[14.537877,50.108899],[14.537892,50.108628],[14.537881,50.108609],[14.537869,50.108599],[14.537846,50.108579],[14.537847,50.10857],[14.538195,50.108527],[14.538857,50.108467],[14.539131,50.108437],[14.539204,50.108226],[14.539352,50.107259],[14.538315,50.107159],[14.537451,50.10711],[14.536893,50.10708],[14.536028,50.107031]]]}},{"type":"Feature","properties":{"cislo":14006,"kod":27943,"mestskaCast":"praha-14"},"geometry":{"type":"Polygon","coordinates":[[[14.539204,50.108226],[14.539198,50.108252],[14.539222,50.108273],[14.53926,50.108294],[14.539272,50.108304],[14.539314,50.108308],[14.539644,50.108282],[14.539974,50.108257],[14.540373,50.108237],[14.541143,50.108196],[14.541157,50.108197],[14.541428,50.108184],[14.541456,50.108187],[14.541896,50.108171],[14.542337,50.108155],[14.542481,50.10814],[14.542523,50.108144],[14.542584,50.108122],[14.542631,50.108099],[14.542649,50.108082],[14.542655,50.108055],[14.542682,50.107858],[14.542724,50.107862],[14.542765,50.107802],[14.542798,50.107778],[14.542859,50.107756],[14.542875,50.107748],[14.542934,50.107735],[14.543365,50.107764],[14.543393,50.107766],[14.543421,50.107769],[14.543466,50.107754],[14.543477,50.107701],[14.543501,50.107522],[14.543522,50.107424],[14.543616,50.106778],[14.543633,50.106762],[14.543938,50.106389],[14.543352,50.106356],[14.543186,50.106342],[14.542794,50.106326],[14.541178,50.10623],[14.540565,50.106194],[14.540023,50.106156],[14.539772,50.106143],[14.539465,50.106125],[14.539437,50.106123],[14.539047,50.106098],[14.539034,50.106096],[14.538713,50.106077],[14.538614,50.106078],[14.538001,50.106042],[14.537803,50.10598],[14.537747,50.105975],[14.537399,50.105953],[14.537356,50.105959],[14.537114,50.105965],[14.536958,50.105969],[14.536776,50.105962],[14.536693,50.105955],[14.536434,50.105914],[14.536339,50.105897],[14.536285,50.105883],[14.536246,50.105871],[14.535857,50.105773],[14.535524,50.10568],[14.53553,50.106117],[14.535516,50.106251],[14.535507,50.106296],[14.535472,50.106592],[14.535735,50.106615],[14.535745,50.106634],[14.535727,50.106724],[14.535922,50.106732],[14.535862,50.107017],[14.536028,50.107031],[14.536893,50.10708],[14.537451,50.10711],[14.538315,50.107159],[14.539352,50.107259],[14.539204,50.108226]]]}},{"type":"Feature","properties":{"cislo":14007,"kod":27945,"mestskaCast":"praha-14"},"geometry":{"type":"Polygon","coordinates":[[[14.552965,50.121631],[14.552932,50.121521],[14.552949,50.12144],[14.552983,50.121144],[14.553038,50.120686],[14.55307,50.120398],[14.553117,50.119976],[14.55314,50.119869],[14.553146,50.119706],[14.553212,50.119259],[14.553202,50.11924],[14.553231,50.119106],[14.553275,50.118629],[14.553281,50.118602],[14.553284,50.118521],[14.553325,50.118524],[14.553317,50.118496],[14.553384,50.117912],[14.553413,50.117643],[14.553415,50.117298],[14.553413,50.117171],[14.553415,50.117162],[14.553417,50.117153],[14.553375,50.116015],[14.553367,50.115987],[14.553356,50.115841],[14.553343,50.115368],[14.55333,50.115295],[14.553328,50.114705],[14.553332,50.114415],[14.553358,50.114226],[14.553493,50.113385],[14.553323,50.113389],[14.553377,50.113003],[14.553402,50.112751],[14.55244,50.112694],[14.550855,50.112583],[14.550851,50.112066],[14.550839,50.112055],[14.550838,50.111729],[14.550889,50.111152],[14.550909,50.110991],[14.550855,50.110977],[14.550886,50.110898],[14.550906,50.110873],[14.550913,50.110837],[14.550925,50.110784],[14.551008,50.110591],[14.551165,50.110178],[14.551154,50.110096],[14.551076,50.109998],[14.550892,50.109937],[14.550642,50.109851],[14.550519,50.109832],[14.550358,50.10979],[14.549963,50.109656],[14.549735,50.1096],[14.549682,50.109586],[14.549559,50.109566],[14.549996,50.109369],[14.550153,50.109292],[14.550596,50.109067],[14.550895,50.108921],[14.551449,50.108634],[14.551561,50.108571],[14.551785,50.108445],[14.551946,50.10835],[14.55243,50.108066],[14.552697,50.107935],[14.553112,50.107844],[14.553533,50.107718],[14.553948,50.107627],[14.55452,50.107523],[14.554719,50.107513],[14.5547,50.107339],[14.554535,50.107252],[14.554395,50.107176],[14.554254,50.107109],[14.554173,50.107093],[14.554072,50.107102],[14.554028,50.106981],[14.554014,50.106979],[14.55391,50.106934],[14.553821,50.10689],[14.553795,50.106879],[14.553743,50.106856],[14.553575,50.106787],[14.55336,50.106668],[14.553344,50.106676],[14.553189,50.106744],[14.553173,50.106752],[14.552983,50.10678],[14.552646,50.106842],[14.5526,50.106792],[14.552596,50.10681],[14.552581,50.106818],[14.552551,50.106824],[14.552265,50.106908],[14.55226,50.106935],[14.552246,50.106934],[14.55205,50.106926],[14.551965,50.106927],[14.551854,50.106918],[14.551785,50.106912],[14.551727,50.106916],[14.551547,50.1069],[14.551506,50.106896],[14.551449,50.1069],[14.551338,50.106891],[14.551227,50.106881],[14.55113,50.106873],[14.549846,50.106806],[14.549804,50.106802],[14.549017,50.106724],[14.548754,50.106701],[14.54849,50.106678],[14.548257,50.106649],[14.547657,50.106615],[14.546375,50.106539],[14.545875,50.106504],[14.545261,50.106469],[14.543938,50.106389],[14.543633,50.106762],[14.543616,50.106778],[14.543522,50.107424],[14.543501,50.107522],[14.543477,50.107701],[14.543466,50.107754],[14.543421,50.107769],[14.543393,50.107766],[14.543365,50.107764],[14.542934,50.107735],[14.542875,50.107748],[14.542859,50.107756],[14.542798,50.107778],[14.542765,50.107802],[14.542724,50.107862],[14.542682,50.107858],[14.542655,50.108055],[14.542649,50.108082],[14.542631,50.108099],[14.542584,50.108122],[14.542523,50.108144],[14.542481,50.10814],[14.542337,50.108155],[14.541896,50.108171],[14.541456,50.108187],[14.541428,50.108184],[14.541157,50.108197],[14.541143,50.108196],[14.540373,50.108237],[14.539974,50.108257],[14.539644,50.108282],[14.539314,50.108308],[14.539272,50.108304],[14.53926,50.108294],[14.539222,50.108273],[14.539198,50.108252],[14.539204,50.108226],[14.539131,50.108437],[14.538857,50.108467],[14.538195,50.108527],[14.537847,50.10857],[14.537846,50.108579],[14.537869,50.108599],[14.537881,50.108609],[14.537892,50.108628],[14.537877,50.108899],[14.537883,50.108936],[14.537867,50.109079],[14.538673,50.109005],[14.539032,50.108973],[14.539508,50.108924],[14.539504,50.109077],[14.539516,50.109088],[14.539638,50.110042],[14.539925,50.110022],[14.54181,50.109914],[14.541859,50.110218],[14.542284,50.110609],[14.542452,50.110751],[14.542656,50.11105],[14.542721,50.111146],[14.542565,50.111151],[14.542165,50.11117],[14.541893,50.111192],[14.541946,50.111342],[14.54194,50.111368],[14.541967,50.111643],[14.541953,50.111705],[14.541888,50.111881],[14.541857,50.11196],[14.541821,50.112066],[14.54174,50.112249],[14.541716,50.112293],[14.54169,50.112417],[14.541645,50.112695],[14.541784,50.112906],[14.541806,50.112936],[14.541804,50.112944],[14.541818,50.112946],[14.542177,50.113449],[14.542274,50.113657],[14.542375,50.113847],[14.542416,50.113923],[14.542568,50.114536],[14.542601,50.114647],[14.542741,50.115186],[14.54275,50.115278],[14.542749,50.11535],[14.54276,50.115433],[14.542793,50.115544],[14.542803,50.115563],[14.542905,50.115881],[14.54293,50.115965],[14.542985,50.116169],[14.543025,50.116381],[14.543033,50.116409],[14.543107,50.116661],[14.543132,50.116808],[14.543137,50.116854],[14.543176,50.117202],[14.543174,50.117211],[14.543177,50.117266],[14.543067,50.11729],[14.543067,50.11729],[14.543847,50.117427],[14.54544,50.117663],[14.545439,50.117667],[14.545437,50.117681],[14.545235,50.11864],[14.545137,50.11917],[14.545082,50.119616],[14.546132,50.120046],[14.546851,50.12034],[14.548088,50.120847],[14.549445,50.121405],[14.550234,50.121725],[14.55076,50.121937],[14.551441,50.121797],[14.551522,50.12178],[14.552807,50.12151],[14.552829,50.121529],[14.552901,50.121587],[14.552929,50.12161],[14.552965,50.121631]]]}},{"type":"Feature","properties":{"cislo":14008,"kod":27947,"mestskaCast":"praha-14"},"geometry":{"type":"Polygon","coordinates":[[[14.541178,50.10623],[14.542794,50.106326],[14.543186,50.106342],[14.543352,50.106356],[14.543938,50.106389],[14.545261,50.106469],[14.545875,50.106504],[14.546375,50.106539],[14.547657,50.106615],[14.548257,50.106649],[14.548363,50.106277],[14.54835,50.106276],[14.548222,50.10621],[14.547961,50.106178],[14.547853,50.106223],[14.547712,50.10622],[14.547717,50.106066],[14.547691,50.106055],[14.547679,50.106045],[14.547655,50.106025],[14.547589,50.106001],[14.547591,50.105992],[14.547542,50.105824],[14.547487,50.105683],[14.547477,50.105664],[14.547265,50.1056],[14.547253,50.10559],[14.547147,50.105291],[14.547132,50.105226],[14.547067,50.105066],[14.546564,50.104976],[14.546531,50.105001],[14.546226,50.105174],[14.546104,50.105218],[14.545925,50.105265],[14.545667,50.105352],[14.545278,50.105454],[14.545071,50.105499],[14.544744,50.10558],[14.544587,50.10552],[14.544395,50.105495],[14.544257,50.105482],[14.544144,50.105482],[14.543978,50.105467],[14.543825,50.105454],[14.543757,50.105775],[14.54295,50.105722],[14.542798,50.105709],[14.54224,50.105678],[14.542171,50.105672],[14.541488,50.105631],[14.541419,50.105625],[14.541389,50.105631],[14.54136,50.105637],[14.541297,50.105668],[14.541293,50.105686],[14.541265,50.105684],[14.541237,50.105817],[14.541178,50.10623]]]}},{"type":"Feature","properties":{"cislo":14009,"kod":27949,"mestskaCast":"praha-14"},"geometry":{"type":"Polygon","coordinates":[[[14.548257,50.106649],[14.54849,50.106678],[14.548754,50.106701],[14.549017,50.106724],[14.549804,50.106802],[14.549846,50.106806],[14.55113,50.106873],[14.551227,50.106881],[14.551338,50.106891],[14.551449,50.1069],[14.551506,50.106896],[14.551547,50.1069],[14.551727,50.106916],[14.551785,50.106912],[14.551854,50.106918],[14.551965,50.106927],[14.55205,50.106926],[14.552246,50.106934],[14.55226,50.106935],[14.552265,50.106908],[14.552551,50.106824],[14.552581,50.106818],[14.552596,50.10681],[14.5526,50.106792],[14.552646,50.106842],[14.552983,50.10678],[14.553173,50.106752],[14.553189,50.106744],[14.553344,50.106676],[14.55336,50.106668],[14.553419,50.106655],[14.553355,50.106622],[14.553101,50.106355],[14.553067,50.106316],[14.553045,50.106223],[14.552846,50.106161],[14.55282,50.106149],[14.552769,50.106127],[14.552588,50.106047],[14.552562,50.106036],[14.552536,50.106025],[14.552356,50.105945],[14.552278,50.105911],[14.552228,50.10588],[14.552129,50.105817],[14.552051,50.105783],[14.5519,50.105697],[14.551839,50.105655],[14.551727,50.105582],[14.551715,50.105572],[14.551629,50.10551],[14.551604,50.105498],[14.551605,50.10549],[14.551593,50.105479],[14.551583,50.10546],[14.551585,50.105452],[14.551561,50.105431],[14.551448,50.105367],[14.551398,50.105335],[14.551242,50.10534],[14.550903,50.105274],[14.550629,50.105504],[14.550313,50.105395],[14.549841,50.105227],[14.549657,50.105165],[14.549591,50.105141],[14.549252,50.105012],[14.548978,50.104906],[14.548862,50.104851],[14.548757,50.104814],[14.548745,50.104804],[14.548654,50.104769],[14.548628,50.104758],[14.548509,50.10472],[14.548392,50.104673],[14.548166,50.104608],[14.548005,50.104567],[14.547966,50.104555],[14.547886,50.104529],[14.547781,50.104493],[14.547619,50.104461],[14.547537,50.104444],[14.547228,50.104372],[14.5472,50.10437],[14.547153,50.104393],[14.547155,50.104384],[14.547036,50.104346],[14.54701,50.104335],[14.546888,50.104315],[14.546824,50.104682],[14.546777,50.104705],[14.546756,50.104739],[14.546699,50.104807],[14.546564,50.104976],[14.547067,50.105066],[14.547132,50.105226],[14.547147,50.105291],[14.547253,50.10559],[14.547265,50.1056],[14.547477,50.105664],[14.547487,50.105683],[14.547542,50.105824],[14.547591,50.105992],[14.547589,50.106001],[14.547655,50.106025],[14.547679,50.106045],[14.547691,50.106055],[14.547717,50.106066],[14.547712,50.10622],[14.547853,50.106223],[14.547961,50.106178],[14.548222,50.10621],[14.54835,50.106276],[14.548363,50.106277],[14.548257,50.106649]]]}},{"type":"Feature","properties":{"cislo":14010,"kod":27951,"mestskaCast":"praha-14"},"geometry":{"type":"Polygon","coordinates":[[[14.546888,50.104315],[14.54701,50.104335],[14.547036,50.104346],[14.547155,50.104384],[14.547153,50.104393],[14.5472,50.10437],[14.547228,50.104372],[14.547537,50.104444],[14.547619,50.104461],[14.547781,50.104493],[14.547886,50.104529],[14.547966,50.104555],[14.548005,50.104567],[14.548166,50.104608],[14.548392,50.104673],[14.548509,50.10472],[14.548628,50.104758],[14.548654,50.104769],[14.548745,50.104804],[14.548757,50.104814],[14.548862,50.104851],[14.548978,50.104906],[14.549252,50.105012],[14.549591,50.105141],[14.549657,50.105165],[14.549841,50.105227],[14.550313,50.105395],[14.550629,50.105504],[14.550903,50.105274],[14.551242,50.10534],[14.5509,50.104956],[14.550844,50.104888],[14.55054,50.104389],[14.550522,50.104342],[14.550511,50.104323],[14.550503,50.104295],[14.550433,50.104162],[14.550421,50.104152],[14.550385,50.104122],[14.550289,50.104041],[14.550215,50.103989],[14.550152,50.103956],[14.550074,50.103922],[14.549804,50.103799],[14.54952,50.103674],[14.549341,50.103586],[14.549317,50.103566],[14.549303,50.103564],[14.549276,50.103562],[14.549242,50.103586],[14.549068,50.103743],[14.548958,50.103797],[14.548711,50.103966],[14.548679,50.103982],[14.54865,50.103988],[14.548636,50.103987],[14.548596,50.103974],[14.548286,50.103838],[14.549002,50.103257],[14.549117,50.103176],[14.549294,50.10321],[14.549276,50.103226],[14.549544,50.103295],[14.549688,50.103344],[14.549716,50.103346],[14.54973,50.103348],[14.549746,50.10334],[14.549762,50.103332],[14.550012,50.103418],[14.550001,50.103399],[14.549954,50.103358],[14.549942,50.103348],[14.549889,50.103262],[14.54971,50.10291],[14.549696,50.102909],[14.549628,50.102894],[14.549557,50.102897],[14.549507,50.102802],[14.549471,50.102771],[14.549304,50.102557],[14.549281,50.102537],[14.549219,50.102495],[14.549181,50.102474],[14.549155,50.102463],[14.549116,50.10245],[14.549076,50.102438],[14.549036,50.102425],[14.548993,50.10243],[14.548951,50.102427],[14.548609,50.102442],[14.548329,50.102436],[14.548131,50.102437],[14.547864,50.102431],[14.547812,50.102409],[14.547759,50.102395],[14.547729,50.102402],[14.547637,50.102439],[14.547543,50.102413],[14.54732,50.102402],[14.547314,50.102429],[14.547295,50.102454],[14.547275,50.10248],[14.547293,50.102463],[14.547309,50.102455],[14.547336,50.102458],[14.547364,50.10246],[14.547392,50.102463],[14.547851,50.102693],[14.54776,50.102858],[14.547736,50.102901],[14.547501,50.10328],[14.54722,50.103745],[14.547132,50.103892],[14.546915,50.104254],[14.546913,50.104263],[14.546888,50.104315]]]}},{"type":"Feature","properties":{"cislo":14011,"kod":27953,"mestskaCast":"praha-14"},"geometry":{"type":"Polygon","coordinates":[[[14.553419,50.106655],[14.553758,50.106585],[14.553802,50.10658],[14.55421,50.106516],[14.554631,50.106462],[14.554688,50.106458],[14.55472,50.106442],[14.554859,50.106382],[14.554907,50.106359],[14.555107,50.106276],[14.555148,50.106216],[14.554823,50.106152],[14.55477,50.106138],[14.55473,50.106125],[14.554623,50.106098],[14.554494,50.106041],[14.554349,50.105992],[14.553899,50.105853],[14.553645,50.105786],[14.553526,50.105748],[14.553286,50.105682],[14.553167,50.105644],[14.553074,50.105618],[14.552957,50.105571],[14.552838,50.105534],[14.552736,50.105479],[14.552518,50.105379],[14.55248,50.105357],[14.552377,50.105312],[14.552188,50.105205],[14.552176,50.105195],[14.552102,50.105143],[14.552084,50.105096],[14.552103,50.10507],[14.552273,50.104731],[14.552442,50.104401],[14.552335,50.104374],[14.552309,50.104362],[14.552283,50.104351],[14.551791,50.104145],[14.551674,50.104098],[14.551324,50.10395],[14.551157,50.103872],[14.550661,50.103683],[14.55048,50.103604],[14.550012,50.103418],[14.549762,50.103332],[14.549746,50.10334],[14.54973,50.103348],[14.549716,50.103346],[14.549688,50.103344],[14.549544,50.103295],[14.549276,50.103226],[14.549294,50.10321],[14.549117,50.103176],[14.549002,50.103257],[14.548286,50.103838],[14.548596,50.103974],[14.548636,50.103987],[14.54865,50.103988],[14.548679,50.103982],[14.548711,50.103966],[14.548958,50.103797],[14.549068,50.103743],[14.549242,50.103586],[14.549276,50.103562],[14.549303,50.103564],[14.549317,50.103566],[14.549341,50.103586],[14.54952,50.103674],[14.549804,50.103799],[14.550074,50.103922],[14.550152,50.103956],[14.550215,50.103989],[14.550289,50.104041],[14.550385,50.104122],[14.550421,50.104152],[14.550433,50.104162],[14.550503,50.104295],[14.550511,50.104323],[14.550522,50.104342],[14.55054,50.104389],[14.550844,50.104888],[14.5509,50.104956],[14.551242,50.10534],[14.551398,50.105335],[14.551448,50.105367],[14.551561,50.105431],[14.551585,50.105452],[14.551583,50.10546],[14.551593,50.105479],[14.551605,50.10549],[14.551604,50.105498],[14.551629,50.10551],[14.551715,50.105572],[14.551727,50.105582],[14.551839,50.105655],[14.5519,50.105697],[14.552051,50.105783],[14.552129,50.105817],[14.552228,50.10588],[14.552278,50.105911],[14.552356,50.105945],[14.552536,50.106025],[14.552562,50.106036],[14.552588,50.106047],[14.552769,50.106127],[14.55282,50.106149],[14.552846,50.106161],[14.553045,50.106223],[14.553067,50.106316],[14.553101,50.106355],[14.553355,50.106622],[14.553419,50.106655]]]}},{"type":"Feature","properties":{"cislo":14012,"kod":27955,"mestskaCast":"praha-14"},"geometry":{"type":"Polygon","coordinates":[[[14.561925,50.104721],[14.561804,50.104692],[14.561535,50.104633],[14.561414,50.104604],[14.561131,50.104543],[14.560768,50.104457],[14.560435,50.104364],[14.560086,50.104279],[14.560046,50.104267],[14.560022,50.104247],[14.560008,50.104245],[14.559959,50.104214],[14.559947,50.104204],[14.559921,50.104192],[14.559688,50.10409],[14.55947,50.10399],[14.559444,50.103978],[14.559191,50.103838],[14.559138,50.103825],[14.559094,50.10383],[14.559007,50.103777],[14.559014,50.103741],[14.558975,50.103729],[14.558913,50.103687],[14.558724,50.10358],[14.558511,50.103452],[14.558308,50.103344],[14.558117,50.103245],[14.55804,50.103211],[14.557794,50.103108],[14.557609,50.103047],[14.557555,50.103033],[14.557488,50.103018],[14.557219,50.102958],[14.557094,50.102947],[14.557003,50.102976],[14.556615,50.102942],[14.556651,50.103108],[14.556664,50.103246],[14.556681,50.103365],[14.556692,50.103448],[14.556704,50.103594],[14.556737,50.103769],[14.556772,50.104072],[14.556779,50.104172],[14.5568,50.104274],[14.556826,50.104485],[14.556852,50.104696],[14.556893,50.105035],[14.556906,50.105109],[14.556898,50.105144],[14.55691,50.105154],[14.556857,50.10534],[14.556827,50.105347],[14.556814,50.105409],[14.556842,50.105412],[14.556821,50.10551],[14.556882,50.105687],[14.556905,50.10578],[14.556797,50.105825],[14.556873,50.105932],[14.556985,50.106068],[14.556997,50.106078],[14.557021,50.106099],[14.557033,50.106109],[14.557043,50.106128],[14.557064,50.106166],[14.557084,50.106204],[14.557084,50.106268],[14.557087,50.106322],[14.557052,50.106419],[14.556939,50.106491],[14.556749,50.10652],[14.557064,50.106565],[14.557353,50.106599],[14.557559,50.106627],[14.557684,50.106637],[14.557689,50.106611],[14.557709,50.106585],[14.55783,50.106614],[14.558663,50.106741],[14.558855,50.106767],[14.559129,50.106809],[14.559238,50.106828],[14.559402,50.106851],[14.55958,50.106876],[14.560018,50.106941],[14.560263,50.106981],[14.560592,50.107027],[14.560646,50.107041],[14.56081,50.107065],[14.561016,50.107092],[14.561097,50.107108],[14.561125,50.10711],[14.561139,50.107111],[14.561141,50.107103],[14.561154,50.107104],[14.561183,50.107102],[14.561214,50.107091],[14.561216,50.107082],[14.561217,50.107073],[14.561233,50.107065],[14.561261,50.107068],[14.561277,50.10706],[14.561278,50.107051],[14.561292,50.107052],[14.561304,50.106999],[14.561278,50.106987],[14.561312,50.106891],[14.561336,50.106847],[14.561227,50.106829],[14.561248,50.106794],[14.561325,50.106629],[14.561214,50.106619],[14.561125,50.106575],[14.56116,50.106478],[14.561201,50.106482],[14.561258,50.106478],[14.561302,50.106472],[14.561331,50.106466],[14.561377,50.106452],[14.561561,50.106314],[14.561594,50.106289],[14.561728,50.106192],[14.561759,50.106177],[14.561893,50.106079],[14.561942,50.106047],[14.561959,50.106031],[14.562142,50.105901],[14.562173,50.105886],[14.56234,50.105764],[14.562373,50.10574],[14.562507,50.105643],[14.56254,50.105619],[14.562687,50.105523],[14.562707,50.105497],[14.562711,50.105479],[14.562716,50.105453],[14.562694,50.105423],[14.562668,50.105412],[14.561866,50.104934],[14.561968,50.104852],[14.561986,50.104835],[14.561991,50.104809],[14.561985,50.104772],[14.561977,50.104744],[14.561937,50.104731],[14.561925,50.104721]]]}},{"type":"Feature","properties":{"cislo":14013,"kod":27957,"mestskaCast":"praha-14"},"geometry":{"type":"Polygon","coordinates":[[[14.563137,50.107404],[14.563276,50.10728],[14.563343,50.107095],[14.563349,50.107068],[14.56336,50.107015],[14.563385,50.106963],[14.563357,50.10696],[14.563345,50.10695],[14.563337,50.106922],[14.563325,50.106912],[14.563311,50.106911],[14.563284,50.106908],[14.563303,50.106883],[14.56327,50.106771],[14.563298,50.106774],[14.56334,50.106777],[14.563383,50.106772],[14.563428,50.106758],[14.563444,50.10675],[14.56346,50.106742],[14.563505,50.106728],[14.563688,50.106599],[14.563705,50.106582],[14.563839,50.106485],[14.56387,50.10647],[14.564039,50.106339],[14.564054,50.106331],[14.56407,50.106324],[14.564253,50.106195],[14.56427,50.106178],[14.564319,50.106146],[14.564437,50.106056],[14.56447,50.106032],[14.564517,50.106009],[14.5646,50.105953],[14.564619,50.105927],[14.564625,50.1059],[14.564617,50.105872],[14.564593,50.105852],[14.564241,50.105649],[14.563789,50.105383],[14.563777,50.105373],[14.563795,50.105356],[14.563891,50.105301],[14.563902,50.105248],[14.5639,50.105193],[14.563888,50.105183],[14.563877,50.105164],[14.563852,50.105152],[14.56384,50.105142],[14.563812,50.10514],[14.563542,50.10508],[14.562829,50.104918],[14.562653,50.104884],[14.562437,50.104838],[14.56233,50.104811],[14.561925,50.104721],[14.561937,50.104731],[14.561977,50.104744],[14.561985,50.104772],[14.561991,50.104809],[14.561986,50.104835],[14.561968,50.104852],[14.561866,50.104934],[14.562668,50.105412],[14.562694,50.105423],[14.562716,50.105453],[14.562711,50.105479],[14.562707,50.105497],[14.562687,50.105523],[14.56254,50.105619],[14.562507,50.105643],[14.562373,50.10574],[14.56234,50.105764],[14.562173,50.105886],[14.562142,50.105901],[14.561959,50.106031],[14.561942,50.106047],[14.561893,50.106079],[14.561759,50.106177],[14.561728,50.106192],[14.561594,50.106289],[14.561561,50.106314],[14.561377,50.106452],[14.561331,50.106466],[14.561302,50.106472],[14.561258,50.106478],[14.561201,50.106482],[14.56116,50.106478],[14.561125,50.106575],[14.561214,50.106619],[14.561325,50.106629],[14.561248,50.106794],[14.561227,50.106829],[14.561336,50.106847],[14.561312,50.106891],[14.561278,50.106987],[14.561304,50.106999],[14.561292,50.107052],[14.561278,50.107051],[14.561277,50.10706],[14.561261,50.107068],[14.561233,50.107065],[14.561217,50.107073],[14.561216,50.107082],[14.561214,50.107091],[14.561183,50.107102],[14.561154,50.107104],[14.561141,50.107103],[14.561139,50.107111],[14.561808,50.107215],[14.561864,50.10722],[14.561973,50.107239],[14.562287,50.107284],[14.56241,50.107304],[14.562479,50.10731],[14.562753,50.107352],[14.563137,50.107404]]]}},{"type":"Feature","properties":{"cislo":14014,"kod":27959,"mestskaCast":"praha-14"},"geometry":{"type":"Polygon","coordinates":[[[14.565764,50.105582],[14.565725,50.10557],[14.565685,50.105557],[14.565497,50.105514],[14.565229,50.105445],[14.565225,50.105463],[14.564862,50.105377],[14.564565,50.105314],[14.564486,50.105289],[14.564202,50.105228],[14.563947,50.10517],[14.56384,50.105142],[14.563852,50.105152],[14.563877,50.105164],[14.563888,50.105183],[14.5639,50.105193],[14.563902,50.105248],[14.563891,50.105301],[14.563795,50.105356],[14.563777,50.105373],[14.563789,50.105383],[14.564241,50.105649],[14.564593,50.105852],[14.564617,50.105872],[14.564625,50.1059],[14.564619,50.105927],[14.5646,50.105953],[14.564517,50.106009],[14.56447,50.106032],[14.564437,50.106056],[14.564319,50.106146],[14.56427,50.106178],[14.564253,50.106195],[14.56407,50.106324],[14.564054,50.106331],[14.564039,50.106339],[14.56387,50.10647],[14.563839,50.106485],[14.563705,50.106582],[14.563688,50.106599],[14.563505,50.106728],[14.56346,50.106742],[14.563444,50.10675],[14.563428,50.106758],[14.563383,50.106772],[14.56334,50.106777],[14.563298,50.106774],[14.56327,50.106771],[14.563303,50.106883],[14.563284,50.106908],[14.563311,50.106911],[14.563325,50.106912],[14.563337,50.106922],[14.563345,50.10695],[14.563357,50.10696],[14.563385,50.106963],[14.56336,50.107015],[14.563349,50.107068],[14.563343,50.107095],[14.563276,50.10728],[14.563137,50.107404],[14.563769,50.107486],[14.564386,50.107567],[14.565059,50.107653],[14.565184,50.107664],[14.565404,50.107692],[14.565501,50.107701],[14.565611,50.107311],[14.565629,50.107295],[14.565692,50.107264],[14.565763,50.107261],[14.565431,50.107096],[14.565367,50.107063],[14.565437,50.107068],[14.565504,50.107058],[14.565576,50.10703],[14.566497,50.10639],[14.566524,50.106329],[14.566478,50.10628],[14.566088,50.106055],[14.565686,50.105821],[14.565717,50.105805],[14.565815,50.105741],[14.565827,50.105688],[14.565806,50.105612],[14.565797,50.105602],[14.565779,50.105592],[14.565764,50.105582]]]}},{"type":"Feature","properties":{"cislo":14015,"kod":27961,"mestskaCast":"praha-14"},"geometry":{"type":"Polygon","coordinates":[[[14.569221,50.108189],[14.569237,50.108181],[14.569262,50.108129],[14.569299,50.108086],[14.569319,50.108061],[14.569336,50.107981],[14.569329,50.107944],[14.569332,50.107863],[14.569334,50.107854],[14.569323,50.107707],[14.569322,50.107644],[14.569275,50.107467],[14.569266,50.107439],[14.569226,50.107363],[14.569166,50.107249],[14.569167,50.10724],[14.569085,50.10716],[14.568973,50.107016],[14.568874,50.106945],[14.568766,50.106869],[14.56873,50.106839],[14.568588,50.106754],[14.568584,50.106727],[14.568586,50.106718],[14.568497,50.106674],[14.568493,50.106691],[14.568254,50.106553],[14.568015,50.106414],[14.567886,50.106357],[14.567785,50.106303],[14.567358,50.106121],[14.567163,50.10604],[14.566901,50.105945],[14.566546,50.105823],[14.565764,50.105582],[14.565779,50.105592],[14.565797,50.105602],[14.565806,50.105612],[14.565827,50.105688],[14.565815,50.105741],[14.565717,50.105805],[14.565686,50.105821],[14.566088,50.106055],[14.566478,50.10628],[14.566524,50.106329],[14.566497,50.10639],[14.565576,50.10703],[14.565504,50.107058],[14.565437,50.107068],[14.565367,50.107063],[14.565431,50.107096],[14.565763,50.107261],[14.565692,50.107264],[14.565629,50.107295],[14.565611,50.107311],[14.565501,50.107701],[14.566103,50.10779],[14.56611,50.107754],[14.566247,50.107775],[14.566265,50.107758],[14.566306,50.107762],[14.566303,50.10778],[14.566325,50.107809],[14.566378,50.107823],[14.569152,50.108183],[14.569221,50.108189]]]}},{"type":"Feature","properties":{"cislo":14016,"kod":27963,"mestskaCast":"praha-14"},"geometry":{"type":"Polygon","coordinates":[[[14.565476,50.101864],[14.565177,50.102011],[14.565087,50.102103],[14.56485,50.102227],[14.564736,50.102299],[14.564571,50.102411],[14.56421,50.102652],[14.563959,50.102839],[14.563906,50.102889],[14.563873,50.102913],[14.563857,50.102921],[14.563853,50.102939],[14.563851,50.102947],[14.563863,50.102958],[14.563861,50.102967],[14.563873,50.102977],[14.563899,50.102988],[14.564224,50.103189],[14.564237,50.10319],[14.564249,50.1032],[14.564251,50.103191],[14.564265,50.103192],[14.564281,50.103185],[14.56439,50.103267],[14.564387,50.103285],[14.564385,50.103293],[14.564399,50.103295],[14.564397,50.103304],[14.564411,50.103305],[14.564425,50.103306],[14.564426,50.103297],[14.564458,50.103282],[14.564744,50.103062],[14.565223,50.102731],[14.565803,50.102991],[14.565939,50.103148],[14.566284,50.103586],[14.566294,50.103605],[14.566216,50.103707],[14.566517,50.103752],[14.566696,50.10384],[14.566976,50.103982],[14.567155,50.104071],[14.567693,50.104399],[14.567981,50.104569],[14.568045,50.104602],[14.568533,50.104898],[14.568682,50.104993],[14.568627,50.105188],[14.568928,50.105232],[14.569353,50.105288],[14.569357,50.10527],[14.569375,50.105253],[14.569527,50.105266],[14.569581,50.10528],[14.569632,50.105303],[14.569734,50.105357],[14.569797,50.10539],[14.569923,50.105464],[14.570175,50.105405],[14.570258,50.105348],[14.570259,50.105339],[14.570389,50.10526],[14.570391,50.105251],[14.570456,50.105211],[14.570522,50.105163],[14.570816,50.105107],[14.570832,50.105099],[14.570932,50.105026],[14.570896,50.104996],[14.570856,50.104983],[14.570807,50.104952],[14.570482,50.104751],[14.570543,50.104729],[14.571053,50.104383],[14.571418,50.104596],[14.571632,50.104452],[14.572008,50.104675],[14.572222,50.10453],[14.572761,50.10485],[14.573008,50.10488],[14.573195,50.104262],[14.573302,50.104225],[14.573307,50.104199],[14.573312,50.104108],[14.5733,50.104098],[14.573308,50.104063],[14.572664,50.10397],[14.572292,50.103929],[14.572169,50.103909],[14.571413,50.103816],[14.571346,50.103801],[14.571395,50.103633],[14.571153,50.103575],[14.570814,50.103446],[14.569702,50.103031],[14.569349,50.102901],[14.568811,50.102709],[14.568757,50.102631],[14.568712,50.102573],[14.568595,50.102527],[14.568542,50.102513],[14.56845,50.102478],[14.568595,50.102327],[14.568638,50.102322],[14.568021,50.102241],[14.567815,50.102214],[14.567403,50.102159],[14.56732,50.102152],[14.567326,50.102126],[14.567189,50.102105],[14.567202,50.102042],[14.567257,50.102047],[14.567267,50.102002],[14.567431,50.102026],[14.567665,50.102055],[14.567771,50.101684],[14.56781,50.101569],[14.567844,50.101472],[14.567607,50.10146],[14.567551,50.101456],[14.567166,50.101476],[14.566704,50.101527],[14.566262,50.101615],[14.565872,50.101727],[14.565705,50.101784],[14.565553,50.101835],[14.565476,50.101864]]]}},{"type":"Feature","properties":{"cislo":14017,"kod":27965,"mestskaCast":"praha-14"},"geometry":{"type":"Polygon","coordinates":[[[14.574617,50.108169],[14.574617,50.108169],[14.574644,50.108099],[14.574003,50.107725],[14.57383,50.10761],[14.573686,50.107489],[14.57365,50.107459],[14.57356,50.107351],[14.573503,50.107219],[14.573498,50.10711],[14.573502,50.107092],[14.573207,50.106885],[14.573321,50.106813],[14.573372,50.106772],[14.573385,50.106773],[14.573484,50.106709],[14.573534,50.106668],[14.573684,50.106563],[14.573754,50.106497],[14.57387,50.106416],[14.57405,50.106296],[14.574248,50.106159],[14.575222,50.105491],[14.57501,50.105354],[14.574871,50.105279],[14.574696,50.105173],[14.574533,50.105077],[14.574331,50.105032],[14.574277,50.105018],[14.573661,50.104928],[14.573537,50.104917],[14.573425,50.104844],[14.573549,50.104456],[14.573595,50.104305],[14.573583,50.104295],[14.573573,50.104276],[14.573561,50.104266],[14.573549,50.104256],[14.573521,50.104254],[14.573371,50.104231],[14.573302,50.104225],[14.573195,50.104262],[14.573008,50.10488],[14.572761,50.10485],[14.572222,50.10453],[14.572008,50.104675],[14.571632,50.104452],[14.571418,50.104596],[14.571053,50.104383],[14.570543,50.104729],[14.570482,50.104751],[14.570807,50.104952],[14.570856,50.104983],[14.570896,50.104996],[14.570932,50.105026],[14.570832,50.105099],[14.570816,50.105107],[14.570522,50.105163],[14.570456,50.105211],[14.570391,50.105251],[14.570389,50.10526],[14.570259,50.105339],[14.570258,50.105348],[14.570175,50.105405],[14.569923,50.105464],[14.569797,50.10539],[14.569734,50.105357],[14.569632,50.105303],[14.569581,50.10528],[14.569527,50.105266],[14.569375,50.105253],[14.569357,50.10527],[14.569353,50.105288],[14.568928,50.105232],[14.568627,50.105188],[14.568682,50.104993],[14.568533,50.104898],[14.568045,50.104602],[14.567981,50.104569],[14.567693,50.104399],[14.567155,50.104071],[14.566976,50.103982],[14.566696,50.10384],[14.566517,50.103752],[14.566216,50.103707],[14.566294,50.103605],[14.566284,50.103586],[14.565939,50.103148],[14.565803,50.102991],[14.565223,50.102731],[14.564744,50.103062],[14.564458,50.103282],[14.564426,50.103297],[14.564425,50.103306],[14.564411,50.103305],[14.564397,50.103304],[14.564399,50.103295],[14.564385,50.103293],[14.564387,50.103285],[14.56439,50.103267],[14.564281,50.103185],[14.564265,50.103192],[14.564251,50.103191],[14.564249,50.1032],[14.564237,50.10319],[14.564224,50.103189],[14.563899,50.102988],[14.563873,50.102977],[14.563861,50.102967],[14.563863,50.102958],[14.563851,50.102947],[14.563853,50.102939],[14.563857,50.102921],[14.563873,50.102913],[14.563906,50.102889],[14.563959,50.102839],[14.56421,50.102652],[14.564571,50.102411],[14.564736,50.102299],[14.56485,50.102227],[14.565087,50.102103],[14.565177,50.102011],[14.565476,50.101864],[14.564927,50.101526],[14.565026,50.101054],[14.565062,50.100885],[14.565201,50.100225],[14.565146,50.099885],[14.565511,50.099826],[14.564096,50.099648],[14.562894,50.099461],[14.562866,50.099459],[14.562729,50.099438],[14.562403,50.099382],[14.56149,50.09923],[14.561381,50.099211],[14.561288,50.099185],[14.560053,50.09895],[14.559729,50.098886],[14.559146,50.098771],[14.558712,50.098688],[14.558645,50.098673],[14.557957,50.098522],[14.557686,50.098471],[14.557539,50.098631],[14.557391,50.0988],[14.557338,50.098849],[14.55693,50.099313],[14.556849,50.099297],[14.556818,50.099376],[14.556695,50.099492],[14.556554,50.099625],[14.556324,50.099777],[14.556195,50.09992],[14.556226,50.099977],[14.556356,50.099961],[14.556457,50.099952],[14.556506,50.099983],[14.556442,50.100223],[14.556147,50.100351],[14.555904,50.10043],[14.55585,50.100489],[14.555916,50.100576],[14.555938,50.100605],[14.555977,50.100618],[14.556152,50.10066],[14.556299,50.1007],[14.556294,50.100791],[14.556185,50.100772],[14.556171,50.100771],[14.555995,50.100737],[14.55578,50.100682],[14.555818,50.100704],[14.55587,50.100726],[14.555866,50.100744],[14.555861,50.100771],[14.555841,50.100796],[14.555765,50.10089],[14.555747,50.100906],[14.555722,50.100958],[14.555693,50.100965],[14.555594,50.101029],[14.555716,50.101121],[14.5558,50.101192],[14.556111,50.101455],[14.556131,50.101493],[14.556334,50.101738],[14.556448,50.101929],[14.556441,50.101965],[14.556449,50.101993],[14.556448,50.102065],[14.556449,50.102192],[14.556437,50.102382],[14.556521,50.102589],[14.55642,50.102598],[14.556429,50.10269],[14.556461,50.102738],[14.556593,50.102913],[14.556615,50.102942],[14.557003,50.102976],[14.557094,50.102947],[14.557219,50.102958],[14.557488,50.103018],[14.557555,50.103033],[14.557609,50.103047],[14.557794,50.103108],[14.55804,50.103211],[14.558117,50.103245],[14.558308,50.103344],[14.558511,50.103452],[14.558724,50.10358],[14.558913,50.103687],[14.558975,50.103729],[14.559014,50.103741],[14.559007,50.103777],[14.559094,50.10383],[14.559138,50.103825],[14.559191,50.103838],[14.559444,50.103978],[14.55947,50.10399],[14.559688,50.10409],[14.559921,50.104192],[14.559947,50.104204],[14.559959,50.104214],[14.560008,50.104245],[14.560022,50.104247],[14.560046,50.104267],[14.560086,50.104279],[14.560435,50.104364],[14.560768,50.104457],[14.561131,50.104543],[14.561414,50.104604],[14.561535,50.104633],[14.561804,50.104692],[14.561925,50.104721],[14.56233,50.104811],[14.562437,50.104838],[14.562653,50.104884],[14.562829,50.104918],[14.563542,50.10508],[14.563812,50.10514],[14.56384,50.105142],[14.563947,50.10517],[14.564202,50.105228],[14.564486,50.105289],[14.564565,50.105314],[14.564862,50.105377],[14.565225,50.105463],[14.565229,50.105445],[14.565497,50.105514],[14.565685,50.105557],[14.565725,50.10557],[14.565764,50.105582],[14.566546,50.105823],[14.566901,50.105945],[14.567163,50.10604],[14.567358,50.106121],[14.567785,50.106303],[14.567886,50.106357],[14.568015,50.106414],[14.568254,50.106553],[14.568493,50.106691],[14.568497,50.106674],[14.568586,50.106718],[14.568584,50.106727],[14.568588,50.106754],[14.56873,50.106839],[14.568766,50.106869],[14.568874,50.106945],[14.568973,50.107016],[14.569085,50.10716],[14.569167,50.10724],[14.569166,50.107249],[14.569226,50.107363],[14.569266,50.107439],[14.569275,50.107467],[14.569322,50.107644],[14.569323,50.107707],[14.569334,50.107854],[14.569332,50.107863],[14.569329,50.107944],[14.569336,50.107981],[14.569319,50.108061],[14.569299,50.108086],[14.569262,50.108129],[14.569237,50.108181],[14.569221,50.108189],[14.56977,50.108264],[14.570209,50.10832],[14.570746,50.108385],[14.571063,50.108422],[14.571845,50.108526],[14.572352,50.108598],[14.572819,50.108656],[14.572944,50.108667],[14.573116,50.108655],[14.573262,50.108632],[14.573231,50.108574],[14.57332,50.108555],[14.573379,50.108542],[14.573452,50.10853],[14.573482,50.108524],[14.573716,50.108417],[14.573919,50.108326],[14.57395,50.10831],[14.574111,50.108216],[14.574172,50.108194],[14.574388,50.108176],[14.574401,50.108177],[14.574459,50.108173],[14.574502,50.108168],[14.574518,50.10816],[14.574615,50.108169],[14.574617,50.108169]]]}},{"type":"Feature","properties":{"cislo":14018,"kod":27967,"mestskaCast":"praha-14"},"geometry":{"type":"Polygon","coordinates":[[[14.573521,50.104254],[14.573527,50.104227],[14.573856,50.104274],[14.574242,50.104316],[14.574276,50.10422],[14.574313,50.104114],[14.57436,50.103955],[14.574395,50.103858],[14.574402,50.103822],[14.57442,50.103806],[14.574422,50.103797],[14.574437,50.103789],[14.574453,50.103781],[14.574481,50.103784],[14.574495,50.103785],[14.57452,50.103733],[14.574534,50.103734],[14.574548,50.103735],[14.574563,50.103727],[14.574565,50.103719],[14.574567,50.10371],[14.574583,50.103702],[14.575022,50.103758],[14.575066,50.103753],[14.575179,50.103482],[14.574795,50.10343],[14.57448,50.103385],[14.57433,50.103362],[14.574084,50.103323],[14.573815,50.103263],[14.573573,50.103206],[14.57344,50.103167],[14.573359,50.103151],[14.573147,50.103087],[14.572922,50.103013],[14.572765,50.102954],[14.572688,50.10292],[14.572517,50.10286],[14.572466,50.102837],[14.572438,50.102834],[14.57241,50.102832],[14.572381,50.102839],[14.572367,50.102837],[14.572351,50.102845],[14.572347,50.102863],[14.572216,50.102815],[14.572189,50.102813],[14.572175,50.102812],[14.572171,50.102829],[14.572157,50.102828],[14.572143,50.102827],[14.572076,50.102812],[14.572085,50.102767],[14.571811,50.102662],[14.571666,50.102613],[14.570987,50.102354],[14.57087,50.102308],[14.570831,50.102295],[14.570279,50.102102],[14.570263,50.10211],[14.569793,50.101932],[14.569586,50.101842],[14.569546,50.101829],[14.569455,50.101794],[14.569441,50.101793],[14.569437,50.101747],[14.569212,50.101673],[14.568876,50.101598],[14.568864,50.101588],[14.568442,50.101515],[14.56822,50.101496],[14.567844,50.101472],[14.56781,50.101569],[14.567771,50.101684],[14.567665,50.102055],[14.567431,50.102026],[14.567267,50.102002],[14.567257,50.102047],[14.567202,50.102042],[14.567189,50.102105],[14.567326,50.102126],[14.56732,50.102152],[14.567403,50.102159],[14.567815,50.102214],[14.568021,50.102241],[14.568638,50.102322],[14.568595,50.102327],[14.56845,50.102478],[14.568542,50.102513],[14.568595,50.102527],[14.568712,50.102573],[14.568757,50.102631],[14.568811,50.102709],[14.569349,50.102901],[14.569702,50.103031],[14.570814,50.103446],[14.571153,50.103575],[14.571395,50.103633],[14.571346,50.103801],[14.571413,50.103816],[14.572169,50.103909],[14.572292,50.103929],[14.572664,50.10397],[14.573308,50.104063],[14.5733,50.104098],[14.573312,50.104108],[14.573307,50.104199],[14.573302,50.104225],[14.573371,50.104231],[14.573521,50.104254]]]}},{"type":"Feature","properties":{"cislo":14019,"kod":27969,"mestskaCast":"praha-14"},"geometry":{"type":"Polygon","coordinates":[[[14.584535,50.102528],[14.584563,50.10253],[14.584783,50.102558],[14.584797,50.102559],[14.585021,50.102633],[14.585064,50.102628],[14.58533,50.102842],[14.585465,50.102736],[14.585586,50.102565],[14.585819,50.102258],[14.585895,50.102165],[14.585994,50.102101],[14.58622,50.10203],[14.58625,50.102024],[14.586265,50.102016],[14.58634,50.101995],[14.586427,50.101985],[14.586545,50.101959],[14.586735,50.10193],[14.586822,50.101919],[14.58698,50.101906],[14.587447,50.101828],[14.587712,50.101779],[14.588136,50.101707],[14.588225,50.101687],[14.588252,50.10169],[14.58841,50.101676],[14.588568,50.101663],[14.588877,50.101672],[14.58916,50.101733],[14.589216,50.101737],[14.589521,50.101828],[14.589666,50.101876],[14.58969,50.101897],[14.589716,50.101908],[14.589724,50.101909],[14.589699,50.101858],[14.58969,50.101848],[14.589658,50.101768],[14.589645,50.101737],[14.589622,50.101682],[14.58936,50.101387],[14.589195,50.101255],[14.589158,50.101227],[14.589095,50.101176],[14.58904,50.101132],[14.588665,50.100935],[14.588627,50.100915],[14.588166,50.100761],[14.587791,50.10068],[14.587639,50.100648],[14.587616,50.100647],[14.587603,50.100646],[14.587481,50.100642],[14.587183,50.100631],[14.587094,50.100627],[14.586733,50.100649],[14.586619,50.100656],[14.586577,50.100658],[14.586537,50.10066],[14.585784,50.100731],[14.585459,50.100761],[14.585402,50.100767],[14.585253,50.10078],[14.585155,50.10079],[14.584444,50.100838],[14.584433,50.100839],[14.583724,50.100887],[14.583634,50.100894],[14.58346,50.100907],[14.583394,50.100912],[14.582705,50.10096],[14.582342,50.100985],[14.580941,50.10104],[14.579727,50.101056],[14.579625,50.101056],[14.579577,50.101056],[14.579393,50.101055],[14.579386,50.101055],[14.579328,50.10113],[14.579289,50.101181],[14.579093,50.101446],[14.579036,50.101513],[14.579078,50.101717],[14.579093,50.101845],[14.579106,50.101919],[14.579098,50.101954],[14.579089,50.101999],[14.579085,50.102017],[14.579081,50.102034],[14.579064,50.102051],[14.579058,50.102078],[14.579041,50.102094],[14.579009,50.10211],[14.578991,50.102126],[14.578976,50.102134],[14.578934,50.10213],[14.578675,50.10209],[14.578633,50.102086],[14.578606,50.102084],[14.578538,50.102069],[14.578469,50.102063],[14.578413,50.102058],[14.578344,50.102052],[14.578273,50.102055],[14.57823,50.10206],[14.578186,50.102065],[14.578141,50.102079],[14.578097,50.102085],[14.578052,50.102099],[14.578021,50.102114],[14.577987,50.102139],[14.577956,50.102154],[14.577923,50.102178],[14.577891,50.102194],[14.577735,50.102334],[14.577697,50.102377],[14.577884,50.102429],[14.57771,50.102586],[14.577706,50.102604],[14.577716,50.102623],[14.577771,50.102628],[14.578417,50.102711],[14.578429,50.102722],[14.57859,50.102826],[14.578727,50.102847],[14.579016,50.102882],[14.579194,50.102906],[14.579881,50.102993],[14.580059,50.103154],[14.580033,50.103279],[14.579967,50.103454],[14.579979,50.103465],[14.580751,50.103686],[14.580802,50.103509],[14.581792,50.103632],[14.581905,50.103433],[14.58191,50.103406],[14.581943,50.103382],[14.581959,50.103374],[14.583069,50.103262],[14.583025,50.103004],[14.582999,50.102857],[14.583034,50.102823],[14.58307,50.10279],[14.5831,50.102711],[14.583112,50.102658],[14.583206,50.102412],[14.583208,50.102403],[14.583223,50.102395],[14.58354,50.102432],[14.583552,50.102442],[14.583593,50.102446],[14.583613,50.10242],[14.583615,50.102411],[14.583793,50.102436],[14.583821,50.102438],[14.583904,50.102445],[14.584535,50.102528]]]}},{"type":"Feature","properties":{"cislo":14020,"kod":27971,"mestskaCast":"praha-14"},"geometry":{"type":"Polygon","coordinates":[[[14.577809,50.104391],[14.578317,50.10439],[14.578768,50.104529],[14.578833,50.104553],[14.579045,50.104617],[14.579113,50.104632],[14.579125,50.104642],[14.579139,50.104643],[14.579137,50.104652],[14.579149,50.104662],[14.579147,50.104671],[14.579108,50.104722],[14.579147,50.104735],[14.579142,50.104762],[14.579103,50.104813],[14.579064,50.104864],[14.579025,50.104915],[14.579023,50.104924],[14.579049,50.104935],[14.579089,50.104948],[14.579158,50.104954],[14.579263,50.10499],[14.579259,50.105008],[14.579245,50.105007],[14.579257,50.105017],[14.579256,50.105026],[14.57943,50.105068],[14.579495,50.105092],[14.580118,50.105282],[14.580333,50.105337],[14.58036,50.10534],[14.580376,50.105332],[14.580404,50.105334],[14.580418,50.105335],[14.580602,50.105397],[14.580644,50.105401],[14.580626,50.105417],[14.580624,50.105426],[14.580638,50.105427],[14.580636,50.105436],[14.580836,50.10549],[14.581035,50.105553],[14.581154,50.10559],[14.581223,50.105596],[14.581303,50.105621],[14.581396,50.105648],[14.581488,50.10561],[14.581589,50.105465],[14.581685,50.105346],[14.581792,50.105374],[14.581831,50.105323],[14.582003,50.105111],[14.581912,50.105003],[14.581858,50.104926],[14.581877,50.104837],[14.582072,50.104581],[14.582138,50.104533],[14.582239,50.104523],[14.582488,50.104545],[14.58253,50.104549],[14.584138,50.104752],[14.584414,50.104513],[14.584868,50.104099],[14.584794,50.103911],[14.584741,50.103761],[14.584475,50.103085],[14.584352,50.102929],[14.584358,50.102902],[14.584428,50.102772],[14.584466,50.102721],[14.584505,50.102607],[14.584535,50.102528],[14.583904,50.102445],[14.583821,50.102438],[14.583793,50.102436],[14.583615,50.102411],[14.583613,50.10242],[14.583593,50.102446],[14.583552,50.102442],[14.58354,50.102432],[14.583223,50.102395],[14.583208,50.102403],[14.583206,50.102412],[14.583112,50.102658],[14.5831,50.102711],[14.58307,50.10279],[14.583034,50.102823],[14.582999,50.102857],[14.583025,50.103004],[14.583069,50.103262],[14.581959,50.103374],[14.581943,50.103382],[14.58191,50.103406],[14.581905,50.103433],[14.581792,50.103632],[14.580802,50.103509],[14.580751,50.103686],[14.579979,50.103465],[14.579967,50.103454],[14.580033,50.103279],[14.580059,50.103154],[14.579881,50.102993],[14.579194,50.102906],[14.579016,50.102882],[14.578727,50.102847],[14.57859,50.102826],[14.578429,50.102722],[14.578417,50.102711],[14.577771,50.102628],[14.577716,50.102623],[14.577706,50.102604],[14.57771,50.102586],[14.577676,50.102611],[14.577031,50.103199],[14.576856,50.103356],[14.576868,50.103366],[14.576894,50.103377],[14.57682,50.103461],[14.576605,50.103679],[14.576852,50.103709],[14.576975,50.103729],[14.577191,50.103775],[14.577257,50.103799],[14.577404,50.103839],[14.577479,50.103882],[14.577555,50.103925],[14.577663,50.104016],[14.577709,50.104065],[14.577751,50.104132],[14.577789,50.104217],[14.577804,50.104282],[14.577809,50.104391]]]}},{"type":"Feature","properties":{"cislo":14021,"kod":27973,"mestskaCast":"praha-14"},"geometry":{"type":"Polygon","coordinates":[[[14.580303,50.107421],[14.580589,50.10746],[14.580902,50.106489],[14.581004,50.106145],[14.581419,50.106246],[14.583102,50.105434],[14.583268,50.105427],[14.585505,50.105723],[14.585697,50.105322],[14.587012,50.105494],[14.588121,50.105634],[14.588584,50.105623],[14.588585,50.10562],[14.588913,50.104733],[14.58893,50.10469],[14.589354,50.1037],[14.589547,50.103358],[14.589628,50.10319],[14.589628,50.103176],[14.589654,50.103154],[14.589665,50.103186],[14.589678,50.103159],[14.589686,50.103142],[14.589706,50.103102],[14.589721,50.103071],[14.589709,50.103066],[14.589804,50.102861],[14.58981,50.102789],[14.589812,50.102724],[14.58982,50.102664],[14.589838,50.102315],[14.589771,50.102013],[14.589727,50.101913],[14.589724,50.101909],[14.589716,50.101908],[14.58969,50.101897],[14.589666,50.101876],[14.589521,50.101828],[14.589216,50.101737],[14.58916,50.101733],[14.588877,50.101672],[14.588568,50.101663],[14.58841,50.101676],[14.588252,50.10169],[14.588225,50.101687],[14.588136,50.101707],[14.587712,50.101779],[14.587447,50.101828],[14.58698,50.101906],[14.586822,50.101919],[14.586735,50.10193],[14.586545,50.101959],[14.586427,50.101985],[14.58634,50.101995],[14.586265,50.102016],[14.58625,50.102024],[14.58622,50.10203],[14.585994,50.102101],[14.585895,50.102165],[14.585819,50.102258],[14.585586,50.102565],[14.585465,50.102736],[14.58533,50.102842],[14.585064,50.102628],[14.585021,50.102633],[14.584797,50.102559],[14.584783,50.102558],[14.584563,50.10253],[14.584535,50.102528],[14.584505,50.102607],[14.584466,50.102721],[14.584428,50.102772],[14.584358,50.102902],[14.584352,50.102929],[14.584475,50.103085],[14.584741,50.103761],[14.584794,50.103911],[14.584868,50.104099],[14.584414,50.104513],[14.584138,50.104752],[14.58253,50.104549],[14.582488,50.104545],[14.582239,50.104523],[14.582138,50.104533],[14.582072,50.104581],[14.581877,50.104837],[14.581858,50.104926],[14.581912,50.105003],[14.582003,50.105111],[14.581831,50.105323],[14.581792,50.105374],[14.581685,50.105346],[14.581589,50.105465],[14.581488,50.10561],[14.581396,50.105648],[14.581303,50.105621],[14.581223,50.105596],[14.581154,50.10559],[14.581035,50.105553],[14.580836,50.10549],[14.580636,50.105436],[14.580638,50.105427],[14.580624,50.105426],[14.580626,50.105417],[14.580644,50.105401],[14.580602,50.105397],[14.580418,50.105335],[14.580404,50.105334],[14.580376,50.105332],[14.58036,50.10534],[14.580333,50.105337],[14.580118,50.105282],[14.579495,50.105092],[14.57943,50.105068],[14.579256,50.105026],[14.579257,50.105017],[14.579245,50.105007],[14.579259,50.105008],[14.579263,50.10499],[14.579158,50.104954],[14.579089,50.104948],[14.579049,50.104935],[14.579023,50.104924],[14.579025,50.104915],[14.579064,50.104864],[14.579103,50.104813],[14.579142,50.104762],[14.579147,50.104735],[14.579108,50.104722],[14.579147,50.104671],[14.579149,50.104662],[14.579137,50.104652],[14.579139,50.104643],[14.579125,50.104642],[14.579113,50.104632],[14.579045,50.104617],[14.578833,50.104553],[14.578768,50.104529],[14.578317,50.10439],[14.577809,50.104391],[14.577792,50.104472],[14.577726,50.104584],[14.577707,50.104609],[14.577613,50.104719],[14.577468,50.104806],[14.577342,50.104868],[14.577175,50.104926],[14.576997,50.104965],[14.577601,50.105244],[14.577846,50.105356],[14.577923,50.10539],[14.577961,50.105412],[14.577973,50.105422],[14.578292,50.105513],[14.578318,50.105525],[14.578743,50.105652],[14.578632,50.105842],[14.578609,50.105886],[14.578547,50.106044],[14.578714,50.106058],[14.579234,50.106131],[14.579468,50.10616],[14.579799,50.106198],[14.580511,50.106296],[14.580636,50.106307],[14.580572,50.106411],[14.580568,50.106428],[14.580532,50.106534],[14.58053,50.106543],[14.580533,50.106598],[14.580473,50.106747],[14.580336,50.107197],[14.580334,50.107206],[14.580294,50.10733],[14.580292,50.107339],[14.580303,50.107421]]]}},{"type":"Feature","properties":{"cislo":14022,"kod":27975,"mestskaCast":"praha-14"},"geometry":{"type":"Polygon","coordinates":[[[14.562565,50.120579],[14.563482,50.120723],[14.563572,50.120714],[14.563618,50.12071],[14.563675,50.120704],[14.563778,50.120694],[14.564555,50.120462],[14.564579,50.120454],[14.564583,50.120453],[14.564608,50.120446],[14.564726,50.120411],[14.564735,50.120408],[14.564782,50.120393],[14.565024,50.120321],[14.56508,50.120305],[14.565189,50.120289],[14.565209,50.120286],[14.565289,50.120274],[14.566395,50.120003],[14.566447,50.11999],[14.566505,50.119976],[14.566571,50.119958],[14.567415,50.11973],[14.567503,50.119706],[14.567897,50.119599],[14.568006,50.11957],[14.568071,50.119552],[14.568916,50.119324],[14.56897,50.119309],[14.569558,50.11915],[14.573138,50.118182],[14.573929,50.117968],[14.575473,50.117551],[14.575477,50.11755],[14.575482,50.117549],[14.575731,50.117481],[14.575735,50.11748],[14.575796,50.117464],[14.575809,50.11746],[14.575824,50.117456],[14.57583,50.117454],[14.575933,50.117522],[14.575944,50.117529],[14.575945,50.117529],[14.575946,50.11753],[14.57595,50.117532],[14.576042,50.117593],[14.576298,50.11784],[14.576568,50.11822],[14.576608,50.118226],[14.576611,50.118227],[14.577367,50.118343],[14.578747,50.118602],[14.579044,50.118658],[14.579049,50.118659],[14.57952,50.118711],[14.57969,50.118729],[14.579696,50.11873],[14.579712,50.118733],[14.579713,50.118731],[14.579762,50.118478],[14.579865,50.118305],[14.579887,50.1181],[14.5799,50.117979],[14.5799,50.11766],[14.5799,50.117525],[14.57988,50.117265],[14.579876,50.117215],[14.579699,50.116657],[14.579662,50.116539],[14.579633,50.116467],[14.579633,50.116466],[14.579544,50.116241],[14.579532,50.116222],[14.57952,50.116202],[14.579239,50.115722],[14.579219,50.115687],[14.579118,50.115691],[14.57911,50.115679],[14.579096,50.115657],[14.578953,50.115472],[14.578914,50.115423],[14.578708,50.115201],[14.578675,50.115164],[14.578317,50.114831],[14.577936,50.11451],[14.577772,50.114404],[14.577774,50.114097],[14.577782,50.113808],[14.578247,50.113681],[14.578313,50.113673],[14.57866,50.113544],[14.578658,50.113524],[14.578637,50.113109],[14.578631,50.112985],[14.578474,50.113012],[14.578285,50.113055],[14.578089,50.113115],[14.577867,50.113179],[14.577535,50.113202],[14.576963,50.113237],[14.57647,50.113286],[14.575994,50.113304],[14.575351,50.11329],[14.575362,50.113237],[14.575362,50.113235],[14.575405,50.112855],[14.575411,50.1128],[14.575412,50.112799],[14.57542,50.112721],[14.575433,50.112611],[14.57546,50.112374],[14.575473,50.112257],[14.575484,50.112159],[14.575484,50.112157],[14.575487,50.112131],[14.575524,50.111806],[14.575551,50.111568],[14.575561,50.111476],[14.575571,50.111394],[14.575586,50.111257],[14.575588,50.111236],[14.575592,50.111205],[14.575595,50.111175],[14.575611,50.111036],[14.575614,50.111013],[14.575614,50.111008],[14.575613,50.11098],[14.575606,50.110673],[14.575606,50.11063],[14.575602,50.110548],[14.5756,50.110512],[14.575597,50.110452],[14.575591,50.110201],[14.575591,50.110186],[14.575587,50.110005],[14.575587,50.10993],[14.575587,50.109908],[14.575584,50.109816],[14.575584,50.109794],[14.575584,50.10979],[14.575579,50.109762],[14.575582,50.109729],[14.575582,50.109729],[14.575578,50.109572],[14.575576,50.109463],[14.575572,50.109333],[14.575572,50.109331],[14.575572,50.109329],[14.575572,50.109324],[14.575572,50.109309],[14.575571,50.109303],[14.575566,50.1092],[14.575564,50.109171],[14.575344,50.109142],[14.574677,50.109055],[14.574128,50.108982],[14.57404,50.108971],[14.573964,50.108962],[14.573969,50.108958],[14.574095,50.108871],[14.574096,50.10887],[14.574099,50.108868],[14.5741,50.108867],[14.574104,50.108864],[14.574117,50.108856],[14.574123,50.108852],[14.574133,50.108845],[14.574149,50.108834],[14.57419,50.108802],[14.574193,50.1088],[14.574194,50.108799],[14.574221,50.108778],[14.574225,50.108776],[14.574226,50.108775],[14.574252,50.108755],[14.574361,50.108672],[14.574379,50.108659],[14.574406,50.108638],[14.574435,50.108572],[14.574439,50.108563],[14.574459,50.108519],[14.574501,50.108426],[14.574517,50.10839],[14.574528,50.108366],[14.574563,50.108288],[14.574598,50.108212],[14.574617,50.108169],[14.574615,50.108169],[14.574518,50.10816],[14.574502,50.108168],[14.574459,50.108173],[14.574401,50.108177],[14.574388,50.108176],[14.574172,50.108194],[14.574111,50.108216],[14.57395,50.10831],[14.573919,50.108326],[14.573716,50.108417],[14.573482,50.108524],[14.573452,50.10853],[14.573379,50.108542],[14.57332,50.108555],[14.573231,50.108574],[14.573262,50.108632],[14.573116,50.108655],[14.572944,50.108667],[14.572819,50.108656],[14.572352,50.108598],[14.571845,50.108526],[14.571063,50.108422],[14.570746,50.108385],[14.570209,50.10832],[14.56977,50.108264],[14.569221,50.108189],[14.569152,50.108183],[14.566378,50.107823],[14.566325,50.107809],[14.566303,50.10778],[14.566306,50.107762],[14.566265,50.107758],[14.566247,50.107775],[14.56611,50.107754],[14.566103,50.10779],[14.565501,50.107701],[14.565404,50.107692],[14.565184,50.107664],[14.565059,50.107653],[14.564386,50.107567],[14.563769,50.107486],[14.563137,50.107404],[14.562753,50.107352],[14.562479,50.10731],[14.56241,50.107304],[14.562287,50.107284],[14.561973,50.107239],[14.561864,50.10722],[14.561808,50.107215],[14.561139,50.107111],[14.561125,50.10711],[14.561097,50.107108],[14.561016,50.107092],[14.56081,50.107065],[14.560646,50.107041],[14.560592,50.107027],[14.560263,50.106981],[14.560018,50.106941],[14.55958,50.106876],[14.559402,50.106851],[14.559238,50.106828],[14.559129,50.106809],[14.558855,50.106767],[14.558663,50.106741],[14.55783,50.106614],[14.557709,50.106585],[14.557689,50.106611],[14.557684,50.106637],[14.557559,50.106627],[14.557353,50.106599],[14.557064,50.106565],[14.556749,50.10652],[14.556843,50.107009],[14.55643,50.107027],[14.555582,50.107035],[14.555051,50.107143],[14.554625,50.107223],[14.554535,50.107252],[14.5547,50.107339],[14.554719,50.107513],[14.55452,50.107523],[14.553948,50.107627],[14.553533,50.107718],[14.553112,50.107844],[14.552697,50.107935],[14.55243,50.108066],[14.551946,50.10835],[14.551785,50.108445],[14.551561,50.108571],[14.551449,50.108634],[14.550895,50.108921],[14.550596,50.109067],[14.550153,50.109292],[14.549996,50.109369],[14.549559,50.109566],[14.549682,50.109586],[14.549735,50.1096],[14.549963,50.109656],[14.550358,50.10979],[14.550519,50.109832],[14.550642,50.109851],[14.550892,50.109937],[14.551076,50.109998],[14.551154,50.110096],[14.551165,50.110178],[14.551008,50.110591],[14.550925,50.110784],[14.550913,50.110837],[14.550906,50.110873],[14.550886,50.110898],[14.550855,50.110977],[14.550909,50.110991],[14.550889,50.111152],[14.550838,50.111729],[14.550839,50.112055],[14.550851,50.112066],[14.550855,50.112583],[14.55244,50.112694],[14.553402,50.112751],[14.553377,50.113003],[14.553323,50.113389],[14.553493,50.113385],[14.553358,50.114226],[14.553332,50.114415],[14.553328,50.114705],[14.55333,50.115295],[14.553343,50.115368],[14.553356,50.115841],[14.553367,50.115987],[14.553375,50.116015],[14.553417,50.117153],[14.553415,50.117162],[14.553413,50.117171],[14.553415,50.117298],[14.553413,50.117643],[14.553384,50.117912],[14.553317,50.118496],[14.553325,50.118524],[14.553284,50.118521],[14.553281,50.118602],[14.553275,50.118629],[14.553231,50.119106],[14.553202,50.11924],[14.553212,50.119259],[14.553146,50.119706],[14.55314,50.119869],[14.553117,50.119976],[14.55307,50.120398],[14.553038,50.120686],[14.552983,50.121144],[14.552949,50.12144],[14.552932,50.121521],[14.552965,50.121631],[14.552968,50.121633],[14.553046,50.121504],[14.553145,50.121387],[14.553222,50.121324],[14.553333,50.121283],[14.55376,50.121224],[14.554135,50.121189],[14.554328,50.122122],[14.554517,50.122936],[14.556075,50.122754],[14.556414,50.122726],[14.556772,50.122697],[14.557318,50.122628],[14.557514,50.122603],[14.557936,50.122558],[14.557946,50.122557],[14.558021,50.122549],[14.558373,50.122512],[14.559146,50.122425],[14.559478,50.122376],[14.559381,50.122009],[14.559272,50.121338],[14.559163,50.120261],[14.559157,50.120208],[14.55916,50.120187],[14.560356,50.1203],[14.560364,50.120259],[14.560711,50.120305],[14.561463,50.120406],[14.561503,50.120412],[14.562565,50.120579]],[[14.554894,50.107434],[14.555148,50.107262],[14.55557,50.107169],[14.556264,50.107139],[14.557065,50.107139],[14.557779,50.107185],[14.55857,50.107287],[14.559529,50.107505],[14.560481,50.107805],[14.560952,50.107964],[14.560876,50.108078],[14.561692,50.108383],[14.562754,50.109095],[14.563243,50.109443],[14.563965,50.109898],[14.564133,50.109989],[14.563945,50.11019],[14.563803,50.110272],[14.563569,50.110439],[14.563774,50.110557],[14.563372,50.110857],[14.563156,50.110744],[14.562835,50.110984],[14.563111,50.111132],[14.562533,50.111551],[14.562278,50.111404],[14.561718,50.111838],[14.561923,50.111949],[14.561656,50.112154],[14.561456,50.112039],[14.560966,50.112412],[14.561239,50.112549],[14.560943,50.112771],[14.560682,50.112625],[14.560324,50.112891],[14.559089,50.112228],[14.558507,50.111876],[14.558337,50.111991],[14.557835,50.11173],[14.557997,50.111603],[14.557409,50.111257],[14.557248,50.111183],[14.556967,50.111182],[14.55697,50.11146],[14.556735,50.111466],[14.556748,50.111183],[14.556513,50.111186],[14.556503,50.110713],[14.556648,50.110223],[14.556778,50.109558],[14.556739,50.109006],[14.556499,50.108369],[14.556255,50.10814],[14.555615,50.107769],[14.555478,50.10775],[14.554894,50.107434]]]}},{"type":"Feature","properties":{"cislo":14023,"kod":27977,"mestskaCast":"praha-14"},"geometry":{"type":"Polygon","coordinates":[[[14.55336,50.106668],[14.553575,50.106787],[14.553743,50.106856],[14.553795,50.106879],[14.553821,50.10689],[14.55391,50.106934],[14.554014,50.106979],[14.554028,50.106981],[14.554072,50.107102],[14.554173,50.107093],[14.554254,50.107109],[14.554395,50.107176],[14.554535,50.107252],[14.554625,50.107223],[14.555051,50.107143],[14.555582,50.107035],[14.55643,50.107027],[14.556843,50.107009],[14.556749,50.10652],[14.556939,50.106491],[14.557052,50.106419],[14.557087,50.106322],[14.557084,50.106268],[14.557084,50.106204],[14.557064,50.106166],[14.557043,50.106128],[14.557033,50.106109],[14.557021,50.106099],[14.556997,50.106078],[14.556985,50.106068],[14.556873,50.105932],[14.556797,50.105825],[14.556905,50.10578],[14.556882,50.105687],[14.556821,50.10551],[14.556842,50.105412],[14.556814,50.105409],[14.556827,50.105347],[14.556857,50.10534],[14.55691,50.105154],[14.556898,50.105144],[14.556906,50.105109],[14.556893,50.105035],[14.556852,50.104696],[14.556826,50.104485],[14.5568,50.104274],[14.556779,50.104172],[14.556772,50.104072],[14.556737,50.103769],[14.556704,50.103594],[14.556692,50.103448],[14.556681,50.103365],[14.556664,50.103246],[14.556651,50.103108],[14.556615,50.102942],[14.556593,50.102913],[14.556461,50.102738],[14.556429,50.10269],[14.55642,50.102598],[14.556521,50.102589],[14.556437,50.102382],[14.556449,50.102192],[14.556448,50.102065],[14.556237,50.101992],[14.555346,50.101806],[14.555062,50.101745],[14.554498,50.101614],[14.554392,50.101514],[14.554241,50.101428],[14.554162,50.10133],[14.55273,50.101232],[14.552232,50.101189],[14.552188,50.101194],[14.551008,50.101372],[14.55041,50.101465],[14.550281,50.101472],[14.550194,50.101483],[14.550096,50.101483],[14.549831,50.101469],[14.549557,50.101427],[14.549383,50.101385],[14.548945,50.101319],[14.5486,50.101216],[14.548428,50.101165],[14.54835,50.101131],[14.548098,50.101055],[14.548045,50.101041],[14.547942,50.100996],[14.547783,50.100945],[14.547648,50.100915],[14.547539,50.100897],[14.547355,50.100899],[14.547284,50.100902],[14.547108,50.100868],[14.547054,50.100854],[14.546811,50.100806],[14.546797,50.100805],[14.546799,50.100796],[14.546745,50.100782],[14.546718,50.10078],[14.546638,50.100755],[14.546543,50.100737],[14.546476,50.100722],[14.54645,50.100711],[14.546383,50.100696],[14.546369,50.100695],[14.546341,50.100692],[14.546329,50.100682],[14.546315,50.100681],[14.546274,50.100677],[14.546206,50.100662],[14.54618,50.100651],[14.546048,50.100612],[14.546036,50.100602],[14.545946,50.100558],[14.545893,50.100544],[14.545811,50.100528],[14.545786,50.100517],[14.545595,50.100482],[14.545433,50.10045],[14.545252,50.10037],[14.545052,50.100316],[14.544881,50.100256],[14.544709,50.100205],[14.544695,50.100204],[14.544536,50.100153],[14.544469,50.100138],[14.544443,50.100127],[14.544348,50.10011],[14.544283,50.100086],[14.544201,50.10007],[14.544136,50.100046],[14.543962,50.100003],[14.543882,50.099978],[14.543791,50.099943],[14.543606,50.099882],[14.543593,50.09988],[14.543555,50.099859],[14.543275,50.09978],[14.543091,50.099718],[14.543079,50.099708],[14.542847,50.09967],[14.542736,50.09966],[14.542619,50.099614],[14.542566,50.0996],[14.542409,50.099541],[14.542238,50.099481],[14.542175,50.099448],[14.542006,50.099379],[14.541902,50.099333],[14.541636,50.099192],[14.541411,50.099054],[14.541087,50.098854],[14.540962,50.098779],[14.540888,50.098727],[14.540576,50.098537],[14.540492,50.098466],[14.540358,50.098363],[14.540215,50.098242],[14.540166,50.098138],[14.539613,50.098153],[14.5392,50.098171],[14.539224,50.098255],[14.539156,50.098313],[14.539123,50.098337],[14.539014,50.098382],[14.53853,50.098603],[14.538516,50.098602],[14.538319,50.098666],[14.538146,50.098687],[14.537952,50.098734],[14.537834,50.09876],[14.537775,50.098773],[14.537653,50.098816],[14.537608,50.098831],[14.53704,50.099044],[14.536564,50.099229],[14.537002,50.099358],[14.537294,50.099447],[14.537492,50.09951],[14.537825,50.099603],[14.537918,50.099629],[14.538476,50.099796],[14.538726,50.099881],[14.539096,50.099995],[14.539362,50.100073],[14.539402,50.100085],[14.539652,50.100171],[14.540366,50.100397],[14.54078,50.100641],[14.540867,50.100695],[14.540931,50.100727],[14.541006,50.10077],[14.541257,50.100919],[14.541621,50.101132],[14.541933,50.101323],[14.542007,50.101575],[14.542015,50.101603],[14.542119,50.101648],[14.542158,50.10166],[14.542194,50.101691],[14.542264,50.10176],[14.542259,50.101851],[14.542393,50.102017],[14.542225,50.102147],[14.542177,50.10217],[14.542356,50.102594],[14.5432,50.103004],[14.543304,50.103049],[14.543379,50.103092],[14.544226,50.103493],[14.544341,50.103548],[14.544752,50.103738],[14.544832,50.103763],[14.544913,50.10378],[14.545204,50.103869],[14.545403,50.103931],[14.546015,50.104103],[14.546134,50.10414],[14.546176,50.104144],[14.546229,50.104158],[14.546323,50.104184],[14.546444,50.104213],[14.546527,50.10422],[14.546913,50.104263],[14.546915,50.104254],[14.547132,50.103892],[14.54722,50.103745],[14.547501,50.10328],[14.547736,50.102901],[14.54776,50.102858],[14.547851,50.102693],[14.547392,50.102463],[14.547364,50.10246],[14.547336,50.102458],[14.547309,50.102455],[14.547293,50.102463],[14.547275,50.10248],[14.547295,50.102454],[14.547314,50.102429],[14.54732,50.102402],[14.547543,50.102413],[14.547637,50.102439],[14.547729,50.102402],[14.547759,50.102395],[14.547812,50.102409],[14.547864,50.102431],[14.548131,50.102437],[14.548329,50.102436],[14.548609,50.102442],[14.548951,50.102427],[14.548993,50.10243],[14.549036,50.102425],[14.549076,50.102438],[14.549116,50.10245],[14.549155,50.102463],[14.549181,50.102474],[14.549219,50.102495],[14.549281,50.102537],[14.549304,50.102557],[14.549471,50.102771],[14.549507,50.102802],[14.549557,50.102897],[14.549628,50.102894],[14.549696,50.102909],[14.54971,50.10291],[14.549889,50.103262],[14.549942,50.103348],[14.549954,50.103358],[14.550001,50.103399],[14.550012,50.103418],[14.55048,50.103604],[14.550661,50.103683],[14.551157,50.103872],[14.551324,50.10395],[14.551674,50.104098],[14.551791,50.104145],[14.552283,50.104351],[14.552309,50.104362],[14.552335,50.104374],[14.552442,50.104401],[14.552273,50.104731],[14.552103,50.10507],[14.552084,50.105096],[14.552102,50.105143],[14.552176,50.105195],[14.552188,50.105205],[14.552377,50.105312],[14.55248,50.105357],[14.552518,50.105379],[14.552736,50.105479],[14.552838,50.105534],[14.552957,50.105571],[14.553074,50.105618],[14.553167,50.105644],[14.553286,50.105682],[14.553526,50.105748],[14.553645,50.105786],[14.553899,50.105853],[14.554349,50.105992],[14.554494,50.106041],[14.554623,50.106098],[14.55473,50.106125],[14.55477,50.106138],[14.554823,50.106152],[14.555148,50.106216],[14.555107,50.106276],[14.554907,50.106359],[14.554859,50.106382],[14.55472,50.106442],[14.554688,50.106458],[14.554631,50.106462],[14.55421,50.106516],[14.553802,50.10658],[14.553758,50.106585],[14.553419,50.106655],[14.55336,50.106668]]]}},{"type":"Feature","properties":{"cislo":14024,"kod":27979,"mestskaCast":"praha-14"},"geometry":{"type":"Polygon","coordinates":[[[14.555062,50.101745],[14.555346,50.101806],[14.556237,50.101992],[14.556448,50.102065],[14.556449,50.101993],[14.556441,50.101965],[14.556448,50.101929],[14.556334,50.101738],[14.556131,50.101493],[14.556111,50.101455],[14.5558,50.101192],[14.555716,50.101121],[14.555594,50.101029],[14.555693,50.100965],[14.555722,50.100958],[14.555747,50.100906],[14.555765,50.10089],[14.555841,50.100796],[14.555861,50.100771],[14.555866,50.100744],[14.55587,50.100726],[14.555818,50.100704],[14.55578,50.100682],[14.555995,50.100737],[14.556171,50.100771],[14.556185,50.100772],[14.556294,50.100791],[14.556299,50.1007],[14.556152,50.10066],[14.555977,50.100618],[14.555938,50.100605],[14.555916,50.100576],[14.55585,50.100489],[14.555904,50.10043],[14.556147,50.100351],[14.556442,50.100223],[14.556506,50.099983],[14.556457,50.099952],[14.556356,50.099961],[14.556226,50.099977],[14.556195,50.09992],[14.556324,50.099777],[14.556554,50.099625],[14.556695,50.099492],[14.556818,50.099376],[14.556849,50.099297],[14.55693,50.099313],[14.557338,50.098849],[14.557391,50.0988],[14.557539,50.098631],[14.557686,50.098471],[14.557957,50.098522],[14.558645,50.098673],[14.558712,50.098688],[14.559146,50.098771],[14.559729,50.098886],[14.560053,50.09895],[14.561288,50.099185],[14.561381,50.099211],[14.56149,50.09923],[14.562403,50.099382],[14.562729,50.099438],[14.562866,50.099459],[14.562894,50.099461],[14.564096,50.099648],[14.565511,50.099826],[14.565955,50.099193],[14.565628,50.099137],[14.565311,50.099101],[14.565491,50.098717],[14.565603,50.098455],[14.56562,50.098375],[14.565628,50.098266],[14.565666,50.098088],[14.565084,50.098037],[14.564933,50.097952],[14.56482,50.097887],[14.564745,50.097708],[14.564565,50.097557],[14.563879,50.097397],[14.563408,50.097292],[14.563072,50.097145],[14.563062,50.097126],[14.562591,50.09655],[14.562426,50.096463],[14.562388,50.096441],[14.561824,50.096174],[14.561418,50.096093],[14.560891,50.095984],[14.560148,50.095828],[14.560011,50.095807],[14.559328,50.095702],[14.559166,50.09567],[14.558328,50.095697],[14.55812,50.095678],[14.557787,50.095586],[14.557121,50.095401],[14.556681,50.09528],[14.556354,50.095225],[14.556116,50.095149],[14.555647,50.0949],[14.555621,50.094888],[14.555173,50.09474],[14.554747,50.094685],[14.554528,50.094657],[14.553286,50.094657],[14.552986,50.094676],[14.552656,50.094702],[14.552328,50.094719],[14.552056,50.09474],[14.55171,50.094774],[14.550904,50.094984],[14.550864,50.094972],[14.550707,50.094913],[14.550264,50.094139],[14.548979,50.094417],[14.548797,50.09441],[14.548474,50.0944],[14.547913,50.094387],[14.547533,50.094381],[14.547126,50.094373],[14.546958,50.094367],[14.546658,50.094386],[14.546609,50.094418],[14.546205,50.094592],[14.54613,50.094549],[14.5459,50.094502],[14.545589,50.094438],[14.545157,50.094346],[14.545062,50.094329],[14.544953,50.09431],[14.544521,50.094218],[14.544074,50.094133],[14.543761,50.094079],[14.543733,50.094076],[14.543501,50.094038],[14.543226,50.094005],[14.543212,50.094004],[14.543153,50.094016],[14.543039,50.094025],[14.542888,50.094002],[14.542668,50.093974],[14.542532,50.093953],[14.54231,50.093934],[14.542186,50.093923],[14.542179,50.093822],[14.542274,50.093504],[14.542134,50.093501],[14.542025,50.093482],[14.541136,50.09335],[14.540944,50.093324],[14.540437,50.093253],[14.539822,50.093162],[14.539562,50.093122],[14.539484,50.09336],[14.539292,50.093334],[14.539127,50.09331],[14.539072,50.093306],[14.538387,50.093209],[14.538047,50.093152],[14.538005,50.093149],[14.537991,50.093148],[14.537936,50.093143],[14.537771,50.093119],[14.537663,50.093101],[14.537579,50.093093],[14.537443,50.093072],[14.537387,50.093067],[14.537142,50.093028],[14.536869,50.092986],[14.536827,50.092982],[14.536744,50.092975],[14.536607,50.092954],[14.536521,50.092964],[14.536432,50.092984],[14.536275,50.092925],[14.53623,50.092939],[14.535539,50.093005],[14.53549,50.093101],[14.535565,50.093416],[14.535637,50.09374],[14.535651,50.093741],[14.53561,50.093801],[14.535035,50.093651],[14.534957,50.09369],[14.534949,50.093725],[14.53496,50.094007],[14.534964,50.094189],[14.534965,50.094253],[14.534939,50.094305],[14.534864,50.094462],[14.534843,50.094496],[14.534699,50.09471],[14.534677,50.094745],[14.534656,50.094779],[14.53458,50.094872],[14.53456,50.094898],[14.534325,50.095077],[14.534323,50.095086],[14.534302,50.09512],[14.534278,50.095164],[14.534267,50.095217],[14.53428,50.095291],[14.534276,50.095309],[14.534286,50.095328],[14.534296,50.095347],[14.534294,50.095356],[14.534348,50.095433],[14.534397,50.095537],[14.534409,50.095547],[14.534421,50.095557],[14.534455,50.095596],[14.534479,50.095617],[14.534489,50.095636],[14.534501,50.095646],[14.534491,50.09569],[14.534482,50.095735],[14.53448,50.095744],[14.534508,50.095746],[14.534502,50.095773],[14.536504,50.095912],[14.538161,50.096547],[14.538607,50.096704],[14.539239,50.096986],[14.53925,50.097132],[14.539265,50.097197],[14.539244,50.097295],[14.539228,50.097439],[14.539248,50.097477],[14.53923,50.097829],[14.539173,50.097897],[14.5392,50.098171],[14.539613,50.098153],[14.540166,50.098138],[14.540215,50.098242],[14.540358,50.098363],[14.540492,50.098466],[14.540576,50.098537],[14.540888,50.098727],[14.540962,50.098779],[14.541087,50.098854],[14.541411,50.099054],[14.541636,50.099192],[14.541902,50.099333],[14.542006,50.099379],[14.542175,50.099448],[14.542238,50.099481],[14.542409,50.099541],[14.542566,50.0996],[14.542619,50.099614],[14.542736,50.09966],[14.542847,50.09967],[14.543079,50.099708],[14.543091,50.099718],[14.543275,50.09978],[14.543555,50.099859],[14.543593,50.09988],[14.543606,50.099882],[14.543791,50.099943],[14.543882,50.099978],[14.543962,50.100003],[14.544136,50.100046],[14.544201,50.10007],[14.544283,50.100086],[14.544348,50.10011],[14.544443,50.100127],[14.544469,50.100138],[14.544536,50.100153],[14.544695,50.100204],[14.544709,50.100205],[14.544881,50.100256],[14.545052,50.100316],[14.545252,50.10037],[14.545433,50.10045],[14.545595,50.100482],[14.545786,50.100517],[14.545811,50.100528],[14.545893,50.100544],[14.545946,50.100558],[14.546036,50.100602],[14.546048,50.100612],[14.54618,50.100651],[14.546206,50.100662],[14.546274,50.100677],[14.546315,50.100681],[14.546329,50.100682],[14.546341,50.100692],[14.546369,50.100695],[14.546383,50.100696],[14.54645,50.100711],[14.546476,50.100722],[14.546543,50.100737],[14.546638,50.100755],[14.546718,50.10078],[14.546745,50.100782],[14.546799,50.100796],[14.546797,50.100805],[14.546811,50.100806],[14.547054,50.100854],[14.547108,50.100868],[14.547284,50.100902],[14.547355,50.100899],[14.547539,50.100897],[14.547648,50.100915],[14.547783,50.100945],[14.547942,50.100996],[14.548045,50.101041],[14.548098,50.101055],[14.54835,50.101131],[14.548428,50.101165],[14.5486,50.101216],[14.548945,50.101319],[14.549383,50.101385],[14.549557,50.101427],[14.549831,50.101469],[14.550096,50.101483],[14.550194,50.101483],[14.550281,50.101472],[14.55041,50.101465],[14.551008,50.101372],[14.552188,50.101194],[14.552232,50.101189],[14.55273,50.101232],[14.554162,50.10133],[14.554241,50.101428],[14.554392,50.101514],[14.554498,50.101614],[14.555062,50.101745]]]}},{"type":"Feature","properties":{"cislo":14025,"kod":27981,"mestskaCast":"praha-14"},"geometry":{"type":"Polygon","coordinates":[[[14.550264,50.094139],[14.550849,50.093773],[14.55104,50.093672],[14.551715,50.093349],[14.552132,50.093177],[14.552348,50.093087],[14.552409,50.093065],[14.552377,50.093017],[14.552773,50.092879],[14.552822,50.092847],[14.552913,50.092819],[14.55297,50.092815],[14.553785,50.09256],[14.554601,50.092304],[14.554735,50.09227],[14.555064,50.092181],[14.555577,50.09209],[14.555593,50.092082],[14.555741,50.09205],[14.555962,50.092006],[14.556228,50.091947],[14.556732,50.091828],[14.556853,50.091793],[14.557964,50.091473],[14.558232,50.091405],[14.558357,50.090945],[14.558347,50.090926],[14.558365,50.090573],[14.558374,50.090465],[14.558382,50.090293],[14.558447,50.089319],[14.557708,50.089409],[14.55769,50.089162],[14.557682,50.089134],[14.557644,50.088714],[14.557641,50.088659],[14.557631,50.08844],[14.557622,50.088412],[14.557596,50.088138],[14.557595,50.088074],[14.557567,50.087673],[14.557561,50.0875],[14.557002,50.087542],[14.556728,50.087572],[14.556355,50.087603],[14.556339,50.087611],[14.555115,50.087867],[14.554909,50.087903],[14.554864,50.087917],[14.554761,50.087936],[14.553294,50.088207],[14.553249,50.088221],[14.553057,50.088258],[14.552911,50.088282],[14.552852,50.088295],[14.552841,50.088348],[14.552518,50.088411],[14.552297,50.088455],[14.551944,50.088524],[14.551774,50.088527],[14.551334,50.088607],[14.550346,50.088811],[14.550184,50.088842],[14.549521,50.088975],[14.549448,50.088987],[14.548652,50.089153],[14.548415,50.089205],[14.547798,50.089323],[14.547486,50.089396],[14.547443,50.089401],[14.54737,50.089413],[14.547342,50.08941],[14.54733,50.0894],[14.547304,50.089389],[14.547282,50.08936],[14.547288,50.089197],[14.547284,50.089151],[14.547281,50.088897],[14.547122,50.088584],[14.547213,50.088419],[14.547248,50.088386],[14.547232,50.088394],[14.547203,50.0884],[14.547149,50.088386],[14.547088,50.088345],[14.547052,50.088314],[14.547014,50.088293],[14.546962,50.08827],[14.546909,50.088256],[14.546855,50.088243],[14.546802,50.088229],[14.546746,50.088224],[14.546523,50.088214],[14.545831,50.088217],[14.54559,50.088223],[14.544968,50.088232],[14.543893,50.088247],[14.542591,50.088269],[14.54252,50.088272],[14.542379,50.088269],[14.540597,50.088294],[14.540016,50.088307],[14.539182,50.088316],[14.53887,50.088324],[14.538757,50.088324],[14.53788,50.088338],[14.537625,50.088343],[14.537365,50.088302],[14.537217,50.088271],[14.537007,50.088198],[14.536909,50.088126],[14.536847,50.08802],[14.536928,50.087637],[14.537252,50.086169],[14.53753,50.084924],[14.537482,50.084913],[14.537431,50.0849],[14.537334,50.084877],[14.537292,50.084871],[14.537214,50.084859],[14.536851,50.084802],[14.536841,50.0848],[14.536834,50.084799],[14.536799,50.084796],[14.536791,50.084795],[14.536787,50.084794],[14.536618,50.084775],[14.536517,50.084764],[14.536408,50.084752],[14.536057,50.084713],[14.535989,50.084708],[14.535984,50.084707],[14.535515,50.084666],[14.53534,50.084655],[14.535336,50.084655],[14.535132,50.084641],[14.534892,50.084625],[14.534739,50.084612],[14.53468,50.084609],[14.534479,50.0846],[14.534416,50.084597],[14.534181,50.084585],[14.534096,50.084581],[14.534093,50.084581],[14.534051,50.084579],[14.533955,50.084577],[14.533793,50.084572],[14.533664,50.084565],[14.53343,50.084557],[14.533409,50.084556],[14.532977,50.084542],[14.532931,50.08454],[14.532875,50.084538],[14.532794,50.084536],[14.53279,50.084536],[14.532716,50.08453],[14.532558,50.084518],[14.53253,50.084516],[14.532521,50.084515],[14.532493,50.084513],[14.532125,50.084485],[14.53212,50.084485],[14.532038,50.084478],[14.532031,50.084478],[14.531988,50.084474],[14.531948,50.08454],[14.531933,50.084564],[14.531888,50.084639],[14.531887,50.084641],[14.531833,50.084731],[14.531513,50.085272],[14.531349,50.085594],[14.531183,50.08592],[14.530944,50.086299],[14.530923,50.086333],[14.530715,50.086731],[14.530611,50.086935],[14.530578,50.087002],[14.530502,50.087129],[14.530486,50.087156],[14.530264,50.087529],[14.530146,50.087726],[14.531807,50.088079],[14.532112,50.088153],[14.532994,50.088329],[14.533985,50.088565],[14.533792,50.088914],[14.533624,50.089244],[14.533451,50.089611],[14.533269,50.089984],[14.533183,50.090166],[14.533168,50.090194],[14.533142,50.090249],[14.53313,50.090275],[14.533074,50.090386],[14.533055,50.090425],[14.532999,50.090537],[14.532815,50.090979],[14.532721,50.091281],[14.532684,50.091403],[14.532664,50.091472],[14.532663,50.091476],[14.532658,50.09149],[14.532781,50.091515],[14.533051,50.091568],[14.533066,50.091571],[14.533154,50.091588],[14.533154,50.091588],[14.533154,50.091588],[14.533511,50.091657],[14.533754,50.091706],[14.533889,50.091736],[14.534119,50.091783],[14.534212,50.09181],[14.534265,50.091823],[14.53436,50.091841],[14.534386,50.091852],[14.534468,50.091868],[14.534573,50.091905],[14.534733,50.091946],[14.53488,50.09205],[14.534991,50.092195],[14.535095,50.092304],[14.535194,50.092367],[14.535323,50.092424],[14.535375,50.092447],[14.535545,50.092507],[14.535637,50.092542],[14.535979,50.09259],[14.536131,50.092604],[14.536157,50.092615],[14.536165,50.092643],[14.536192,50.092718],[14.536267,50.092897],[14.536275,50.092925],[14.536432,50.092984],[14.536521,50.092964],[14.536607,50.092954],[14.536744,50.092975],[14.536827,50.092982],[14.536869,50.092986],[14.537142,50.093028],[14.537387,50.093067],[14.537443,50.093072],[14.537579,50.093093],[14.537663,50.093101],[14.537771,50.093119],[14.537936,50.093143],[14.537991,50.093148],[14.538005,50.093149],[14.538047,50.093152],[14.538387,50.093209],[14.539072,50.093306],[14.539127,50.09331],[14.539292,50.093334],[14.539484,50.09336],[14.539562,50.093122],[14.539822,50.093162],[14.540437,50.093253],[14.540944,50.093324],[14.541136,50.09335],[14.542025,50.093482],[14.542134,50.093501],[14.542274,50.093504],[14.542179,50.093822],[14.542186,50.093923],[14.54231,50.093934],[14.542532,50.093953],[14.542668,50.093974],[14.542888,50.094002],[14.543039,50.094025],[14.543153,50.094016],[14.543212,50.094004],[14.543226,50.094005],[14.543501,50.094038],[14.543733,50.094076],[14.543761,50.094079],[14.544074,50.094133],[14.544521,50.094218],[14.544953,50.09431],[14.545062,50.094329],[14.545157,50.094346],[14.545589,50.094438],[14.5459,50.094502],[14.54613,50.094549],[14.546205,50.094592],[14.546609,50.094418],[14.546658,50.094386],[14.546958,50.094367],[14.547126,50.094373],[14.547533,50.094381],[14.547913,50.094387],[14.548474,50.0944],[14.548797,50.09441],[14.548979,50.094417],[14.550264,50.094139]]]}},{"type":"Feature","properties":{"cislo":14026,"kod":27983,"mestskaCast":"praha-14"},"geometry":{"type":"Polygon","coordinates":[[[14.53753,50.084924],[14.537252,50.086169],[14.536928,50.087637],[14.536847,50.08802],[14.536909,50.088126],[14.537007,50.088198],[14.537217,50.088271],[14.537365,50.088302],[14.537625,50.088343],[14.53788,50.088338],[14.538757,50.088324],[14.53887,50.088324],[14.539182,50.088316],[14.540016,50.088307],[14.540597,50.088294],[14.542379,50.088269],[14.54252,50.088272],[14.542591,50.088269],[14.543893,50.088247],[14.544968,50.088232],[14.54559,50.088223],[14.545831,50.088217],[14.546523,50.088214],[14.546746,50.088224],[14.546802,50.088229],[14.546855,50.088243],[14.546909,50.088256],[14.546962,50.08827],[14.547014,50.088293],[14.547052,50.088314],[14.547088,50.088345],[14.547149,50.088386],[14.547203,50.0884],[14.547232,50.088394],[14.547248,50.088386],[14.547213,50.088419],[14.547122,50.088584],[14.547281,50.088897],[14.547284,50.089151],[14.547288,50.089197],[14.547282,50.08936],[14.547304,50.089389],[14.54733,50.0894],[14.547342,50.08941],[14.54737,50.089413],[14.547443,50.089401],[14.547486,50.089396],[14.547798,50.089323],[14.548415,50.089205],[14.548652,50.089153],[14.549448,50.088987],[14.549521,50.088975],[14.550184,50.088842],[14.550346,50.088811],[14.551334,50.088607],[14.551774,50.088527],[14.551944,50.088524],[14.552297,50.088455],[14.552518,50.088411],[14.552841,50.088348],[14.552852,50.088295],[14.552911,50.088282],[14.553057,50.088258],[14.553249,50.088221],[14.553294,50.088207],[14.554761,50.087936],[14.554755,50.087899],[14.554747,50.087871],[14.554737,50.087852],[14.554659,50.087555],[14.55465,50.087527],[14.554642,50.087499],[14.554632,50.08748],[14.554608,50.08726],[14.554601,50.087159],[14.554572,50.08683],[14.554541,50.086573],[14.554516,50.08629],[14.554533,50.08621],[14.554538,50.086119],[14.554583,50.085642],[14.554598,50.085571],[14.554601,50.08549],[14.554605,50.085472],[14.554643,50.085357],[14.55465,50.085322],[14.554747,50.084931],[14.554771,50.084815],[14.554819,50.084656],[14.554838,50.084567],[14.554872,50.08447],[14.554934,50.084312],[14.554941,50.084276],[14.555069,50.084006],[14.555244,50.083577],[14.555506,50.083137],[14.555595,50.082982],[14.555745,50.082741],[14.555784,50.08269],[14.555821,50.082647],[14.55588,50.082571],[14.556143,50.082258],[14.556161,50.082242],[14.556178,50.082225],[14.556182,50.082207],[14.555545,50.081952],[14.554959,50.081719],[14.554934,50.081708],[14.554931,50.08171],[14.554931,50.08171],[14.554932,50.08171],[14.554917,50.081728],[14.554837,50.081819],[14.554622,50.082117],[14.5543,50.082563],[14.554261,50.082554],[14.553624,50.082407],[14.553572,50.082395],[14.553478,50.082374],[14.553276,50.082327],[14.553238,50.082319],[14.552947,50.082252],[14.552936,50.082249],[14.552931,50.082248],[14.552453,50.082141],[14.552036,50.082077],[14.551892,50.082092],[14.551371,50.081996],[14.550863,50.081886],[14.550228,50.081744],[14.549924,50.081676],[14.549678,50.081616],[14.549151,50.081477],[14.548208,50.081217],[14.548094,50.081185],[14.546879,50.080847],[14.546254,50.080663],[14.545858,50.080548],[14.545292,50.080381],[14.545235,50.080365],[14.544879,50.080263],[14.5442,50.080069],[14.54384,50.080569],[14.543603,50.080941],[14.543157,50.081649],[14.5427,50.08155],[14.542403,50.081485],[14.541078,50.081246],[14.539875,50.081063],[14.539118,50.080967],[14.539021,50.080956],[14.539013,50.080995],[14.538899,50.081533],[14.538808,50.081811],[14.538797,50.081844],[14.538728,50.082053],[14.53867,50.08226],[14.538624,50.082425],[14.538588,50.082554],[14.538578,50.08259],[14.538556,50.082668],[14.538554,50.082678],[14.538548,50.082705],[14.538543,50.082732],[14.53853,50.082801],[14.538529,50.082805],[14.538528,50.082809],[14.538514,50.082877],[14.538506,50.082919],[14.538502,50.082943],[14.538474,50.08294],[14.538455,50.082939],[14.538451,50.082959],[14.538446,50.082978],[14.538446,50.082978],[14.538438,50.083011],[14.538436,50.083021],[14.538427,50.083058],[14.538402,50.08316],[14.538344,50.083293],[14.538218,50.083583],[14.538067,50.083872],[14.538058,50.083891],[14.537883,50.084224],[14.537818,50.08435],[14.53753,50.084924]]]}},{"type":"Feature","properties":{"cislo":14027,"kod":27985,"mestskaCast":"praha-14"},"geometry":{"type":"Polygon","coordinates":[[[14.558232,50.091405],[14.558335,50.091387],[14.558979,50.091207],[14.559455,50.091022],[14.560815,50.09066],[14.56089,50.090639],[14.560935,50.090625],[14.561647,50.090461],[14.562203,50.0903],[14.562784,50.090151],[14.563228,50.090054],[14.563746,50.089936],[14.563957,50.089873],[14.56403,50.089861],[14.564316,50.089777],[14.564765,50.089653],[14.565301,50.089518],[14.565746,50.089412],[14.566062,50.089322],[14.566346,50.089246],[14.566497,50.089196],[14.566503,50.089197],[14.566591,50.088924],[14.566628,50.08881],[14.566701,50.088776],[14.5666,50.088732],[14.566284,50.088643],[14.566198,50.08862],[14.566086,50.088635],[14.566062,50.088577],[14.56601,50.088524],[14.565956,50.088467],[14.56593,50.088441],[14.565895,50.088405],[14.565559,50.088058],[14.565559,50.088058],[14.565554,50.088048],[14.565461,50.087873],[14.565369,50.087714],[14.565318,50.087575],[14.564777,50.087617],[14.564762,50.087573],[14.564756,50.087556],[14.564755,50.087553],[14.56474,50.087507],[14.564736,50.087495],[14.564733,50.087488],[14.56473,50.087479],[14.564726,50.087466],[14.564717,50.087402],[14.564707,50.087331],[14.564703,50.087303],[14.564477,50.085619],[14.56438,50.084897],[14.56425,50.083934],[14.564109,50.082885],[14.564058,50.082503],[14.564024,50.082249],[14.564024,50.08224],[14.564035,50.082201],[14.564095,50.082098],[14.564238,50.081852],[14.564269,50.081797],[14.564387,50.081594],[14.564541,50.081333],[14.564584,50.081257],[14.564609,50.081213],[14.564653,50.08116],[14.564658,50.081154],[14.56466,50.081151],[14.564708,50.081089],[14.564913,50.08082],[14.564935,50.080745],[14.56507,50.080309],[14.565053,50.079958],[14.564897,50.079634],[14.564875,50.07959],[14.564722,50.079425],[14.564691,50.079392],[14.564699,50.079381],[14.564719,50.079355],[14.564892,50.079128],[14.564927,50.078537],[14.564928,50.078518],[14.564944,50.078264],[14.564944,50.078259],[14.56495,50.078154],[14.564951,50.078149],[14.564953,50.078114],[14.564957,50.078044],[14.564958,50.078021],[14.564962,50.077959],[14.564967,50.077887],[14.56497,50.07783],[14.564978,50.077668],[14.564977,50.077452],[14.564979,50.077423],[14.564995,50.077188],[14.565017,50.076873],[14.565029,50.076627],[14.565032,50.076555],[14.56504,50.076398],[14.5645,50.076087],[14.56425,50.075961],[14.563564,50.077222],[14.563306,50.077687],[14.563149,50.077971],[14.563079,50.078098],[14.562575,50.077675],[14.562526,50.077707],[14.5623,50.077387],[14.562169,50.076985],[14.562125,50.076992],[14.562029,50.077008],[14.561958,50.07702],[14.561542,50.077089],[14.561619,50.077511],[14.561678,50.077895],[14.56171,50.078232],[14.561733,50.078451],[14.561741,50.078531],[14.56175,50.078617],[14.561756,50.078683],[14.561767,50.078792],[14.561769,50.07882],[14.561776,50.078966],[14.561788,50.079144],[14.561629,50.080106],[14.561251,50.079966],[14.560135,50.079729],[14.559821,50.079702],[14.559786,50.0797],[14.559755,50.079696],[14.559077,50.07964],[14.558525,50.079558],[14.558479,50.079551],[14.5583,50.079522],[14.557708,50.079426],[14.55768,50.079422],[14.556726,50.079259],[14.556702,50.079292],[14.556488,50.079671],[14.556468,50.079705],[14.556386,50.079846],[14.556301,50.080035],[14.556299,50.08004],[14.55629,50.080054],[14.556172,50.080234],[14.55616,50.080249],[14.555946,50.08051],[14.555558,50.08088],[14.555439,50.081019],[14.554867,50.081683],[14.554931,50.08171],[14.554931,50.08171],[14.554934,50.081708],[14.554959,50.081719],[14.555545,50.081952],[14.556182,50.082207],[14.556178,50.082225],[14.556161,50.082242],[14.556143,50.082258],[14.55588,50.082571],[14.555821,50.082647],[14.555784,50.08269],[14.555745,50.082741],[14.555595,50.082982],[14.555506,50.083137],[14.555244,50.083577],[14.555069,50.084006],[14.554941,50.084276],[14.554934,50.084312],[14.554872,50.08447],[14.554838,50.084567],[14.554819,50.084656],[14.554771,50.084815],[14.554747,50.084931],[14.55465,50.085322],[14.554643,50.085357],[14.554605,50.085472],[14.554601,50.08549],[14.554598,50.085571],[14.554583,50.085642],[14.554538,50.086119],[14.554533,50.08621],[14.554516,50.08629],[14.554541,50.086573],[14.554572,50.08683],[14.554601,50.087159],[14.554608,50.08726],[14.554632,50.08748],[14.554642,50.087499],[14.55465,50.087527],[14.554659,50.087555],[14.554737,50.087852],[14.554747,50.087871],[14.554755,50.087899],[14.554761,50.087936],[14.554864,50.087917],[14.554909,50.087903],[14.555115,50.087867],[14.556339,50.087611],[14.556355,50.087603],[14.556728,50.087572],[14.557002,50.087542],[14.557561,50.0875],[14.557567,50.087673],[14.557595,50.088074],[14.557596,50.088138],[14.557622,50.088412],[14.557631,50.08844],[14.557641,50.088659],[14.557644,50.088714],[14.557682,50.089134],[14.55769,50.089162],[14.557708,50.089409],[14.558447,50.089319],[14.558382,50.090293],[14.558374,50.090465],[14.558365,50.090573],[14.558347,50.090926],[14.558357,50.090945],[14.558232,50.091405]]]}},{"type":"Feature","properties":{"cislo":14028,"kod":27987,"mestskaCast":"praha-14"},"geometry":{"type":"Polygon","coordinates":[[[14.57297,50.100727],[14.573682,50.099691],[14.57445,50.098571],[14.574448,50.09857],[14.574405,50.098557],[14.573039,50.098151],[14.572839,50.098092],[14.573052,50.097739],[14.573212,50.097473],[14.573367,50.097217],[14.573387,50.097183],[14.573523,50.096957],[14.573651,50.096747],[14.573741,50.096631],[14.573827,50.09652],[14.573944,50.09637],[14.57432,50.095888],[14.574332,50.095873],[14.574344,50.095858],[14.573784,50.09569],[14.573019,50.095461],[14.573019,50.095328],[14.573018,50.095256],[14.573018,50.095222],[14.573018,50.095218],[14.573014,50.095105],[14.57306,50.09488],[14.573061,50.094878],[14.573149,50.094766],[14.573262,50.094623],[14.573138,50.094585],[14.572228,50.094268],[14.570617,50.093435],[14.570575,50.093414],[14.570557,50.093413],[14.570308,50.093405],[14.569632,50.093381],[14.570972,50.0927],[14.571893,50.092171],[14.572595,50.091526],[14.572573,50.091516],[14.572491,50.091478],[14.572398,50.091399],[14.572374,50.091377],[14.571905,50.090944],[14.571576,50.09064],[14.571955,50.090457],[14.571955,50.090457],[14.572177,50.090338],[14.572294,50.090272],[14.572407,50.09021],[14.572687,50.09034],[14.572715,50.090305],[14.572518,50.090153],[14.572426,50.090082],[14.572185,50.089896],[14.572176,50.089889],[14.572155,50.089873],[14.572149,50.089834],[14.572147,50.089818],[14.571875,50.089609],[14.571845,50.089623],[14.571775,50.089562],[14.571752,50.089542],[14.571734,50.089526],[14.571591,50.089403],[14.571325,50.089417],[14.571194,50.089299],[14.571153,50.089262],[14.571146,50.089255],[14.571058,50.089176],[14.57101,50.089131],[14.570915,50.089043],[14.570795,50.088932],[14.570744,50.088937],[14.570588,50.088953],[14.570482,50.088965],[14.570414,50.088972],[14.570246,50.088848],[14.570216,50.088826],[14.57002,50.088919],[14.569991,50.088897],[14.56999,50.088896],[14.569444,50.088547],[14.569424,50.088538],[14.56933,50.088498],[14.569299,50.088515],[14.56923,50.088553],[14.56862,50.088885],[14.567473,50.08945],[14.566956,50.08966],[14.56676,50.089459],[14.566647,50.089344],[14.566503,50.089197],[14.566497,50.089196],[14.566346,50.089246],[14.566062,50.089322],[14.565746,50.089412],[14.565301,50.089518],[14.564765,50.089653],[14.564316,50.089777],[14.56403,50.089861],[14.563957,50.089873],[14.563746,50.089936],[14.563228,50.090054],[14.562784,50.090151],[14.562203,50.0903],[14.561647,50.090461],[14.560935,50.090625],[14.56089,50.090639],[14.560815,50.09066],[14.559455,50.091022],[14.558979,50.091207],[14.558335,50.091387],[14.558232,50.091405],[14.557964,50.091473],[14.556853,50.091793],[14.556732,50.091828],[14.556228,50.091947],[14.555962,50.092006],[14.555741,50.09205],[14.555593,50.092082],[14.555577,50.09209],[14.555064,50.092181],[14.554735,50.09227],[14.554601,50.092304],[14.553785,50.09256],[14.55297,50.092815],[14.552913,50.092819],[14.552822,50.092847],[14.552773,50.092879],[14.552377,50.093017],[14.552409,50.093065],[14.552348,50.093087],[14.552132,50.093177],[14.551715,50.093349],[14.55104,50.093672],[14.550849,50.093773],[14.550264,50.094139],[14.550707,50.094913],[14.550864,50.094972],[14.550904,50.094984],[14.55171,50.094774],[14.552056,50.09474],[14.552328,50.094719],[14.552656,50.094702],[14.552986,50.094676],[14.553286,50.094657],[14.554528,50.094657],[14.554747,50.094685],[14.555173,50.09474],[14.555621,50.094888],[14.555647,50.0949],[14.556116,50.095149],[14.556354,50.095225],[14.556681,50.09528],[14.557121,50.095401],[14.557787,50.095586],[14.55812,50.095678],[14.558328,50.095697],[14.559166,50.09567],[14.559328,50.095702],[14.560011,50.095807],[14.560148,50.095828],[14.560891,50.095984],[14.561418,50.096093],[14.561824,50.096174],[14.562388,50.096441],[14.562426,50.096463],[14.562591,50.09655],[14.563062,50.097126],[14.563072,50.097145],[14.563408,50.097292],[14.563879,50.097397],[14.564565,50.097557],[14.564745,50.097708],[14.56482,50.097887],[14.564933,50.097952],[14.565084,50.098037],[14.565666,50.098088],[14.565628,50.098266],[14.56562,50.098375],[14.565603,50.098455],[14.565491,50.098717],[14.565311,50.099101],[14.565628,50.099137],[14.565955,50.099193],[14.565511,50.099826],[14.565567,50.099831],[14.565622,50.099836],[14.565675,50.099849],[14.566034,50.09989],[14.566982,50.100009],[14.568095,50.100151],[14.569057,50.100271],[14.569276,50.1003],[14.569607,50.100337],[14.569771,50.100361],[14.569896,50.100372],[14.570872,50.100493],[14.571175,50.100529],[14.571394,50.100557],[14.57255,50.100694],[14.572883,50.100723],[14.572966,50.10073],[14.57297,50.100727]]]}},{"type":"Feature","properties":{"cislo":14029,"kod":27989,"mestskaCast":"praha-14"},"geometry":{"type":"Polygon","coordinates":[[[14.580303,50.107421],[14.580292,50.107339],[14.580294,50.10733],[14.580334,50.107206],[14.580336,50.107197],[14.580473,50.106747],[14.580533,50.106598],[14.58053,50.106543],[14.580532,50.106534],[14.580568,50.106428],[14.580572,50.106411],[14.580636,50.106307],[14.580511,50.106296],[14.579799,50.106198],[14.579468,50.10616],[14.579234,50.106131],[14.578714,50.106058],[14.578547,50.106044],[14.578609,50.105886],[14.578632,50.105842],[14.578743,50.105652],[14.578318,50.105525],[14.578292,50.105513],[14.577973,50.105422],[14.577961,50.105412],[14.577923,50.10539],[14.577846,50.105356],[14.577601,50.105244],[14.576997,50.104965],[14.576482,50.105065],[14.576232,50.105116],[14.576098,50.10515],[14.575932,50.105199],[14.575843,50.105218],[14.575692,50.105268],[14.57557,50.105312],[14.575522,50.105335],[14.575381,50.105405],[14.575316,50.105444],[14.575222,50.105491],[14.574248,50.106159],[14.574695,50.10618],[14.574904,50.106397],[14.574941,50.106419],[14.575519,50.10676],[14.575594,50.106802],[14.575641,50.106779],[14.575711,50.106785],[14.57586,50.10668],[14.576014,50.106685],[14.57641,50.106411],[14.57645,50.106423],[14.5768,50.106635],[14.576992,50.106661],[14.577156,50.106757],[14.577408,50.106897],[14.577558,50.106992],[14.577595,50.107013],[14.577783,50.107129],[14.577972,50.107236],[14.578097,50.107311],[14.578241,50.107432],[14.57806,50.107553],[14.577895,50.107665],[14.57778,50.107746],[14.577729,50.107787],[14.577878,50.107882],[14.578061,50.107952],[14.578341,50.107759],[14.578573,50.107597],[14.578692,50.107499],[14.578712,50.107473],[14.578747,50.10744],[14.578778,50.107361],[14.579053,50.107258],[14.579273,50.107286],[14.579479,50.107313],[14.579576,50.107322],[14.580303,50.107421]]]}},{"type":"Feature","properties":{"cislo":14030,"kod":27991,"mestskaCast":"praha-14"},"geometry":{"type":"Polygon","coordinates":[[[14.585798,50.110077],[14.585834,50.110069],[14.585859,50.110064],[14.585909,50.110053],[14.585906,50.110004],[14.586138,50.109911],[14.586317,50.10985],[14.586318,50.10985],[14.586376,50.10983],[14.586425,50.109814],[14.586554,50.109707],[14.586927,50.109482],[14.587106,50.109357],[14.587251,50.109229],[14.587379,50.109086],[14.587536,50.10883],[14.587615,50.108656],[14.587654,50.108485],[14.587723,50.108319],[14.587749,50.108207],[14.587882,50.107748],[14.587978,50.107418],[14.588032,50.10724],[14.588102,50.107058],[14.588131,50.107003],[14.588136,50.106994],[14.588138,50.106988],[14.588147,50.106973],[14.588152,50.106903],[14.588161,50.106879],[14.58818,50.10683],[14.588229,50.106705],[14.588466,50.105982],[14.588466,50.105981],[14.588584,50.105623],[14.588121,50.105634],[14.587012,50.105494],[14.585697,50.105322],[14.585505,50.105723],[14.583268,50.105427],[14.583102,50.105434],[14.581419,50.106246],[14.581004,50.106145],[14.580902,50.106489],[14.580589,50.10746],[14.580303,50.107421],[14.579576,50.107322],[14.579479,50.107313],[14.579273,50.107286],[14.579053,50.107258],[14.578778,50.107361],[14.578747,50.10744],[14.578712,50.107473],[14.578692,50.107499],[14.578573,50.107597],[14.578341,50.107759],[14.578061,50.107952],[14.577878,50.107882],[14.577729,50.107787],[14.57778,50.107746],[14.577895,50.107665],[14.57806,50.107553],[14.578241,50.107432],[14.578097,50.107311],[14.577972,50.107236],[14.577783,50.107129],[14.577595,50.107013],[14.577558,50.106992],[14.577408,50.106897],[14.577156,50.106757],[14.576992,50.106661],[14.5768,50.106635],[14.57645,50.106423],[14.57641,50.106411],[14.576014,50.106685],[14.57586,50.10668],[14.575711,50.106785],[14.575641,50.106779],[14.575594,50.106802],[14.575519,50.10676],[14.574941,50.106419],[14.574904,50.106397],[14.574695,50.10618],[14.574248,50.106159],[14.57405,50.106296],[14.57387,50.106416],[14.573754,50.106497],[14.573684,50.106563],[14.573534,50.106668],[14.573484,50.106709],[14.573385,50.106773],[14.573372,50.106772],[14.573321,50.106813],[14.573207,50.106885],[14.573502,50.107092],[14.573498,50.10711],[14.573503,50.107219],[14.57356,50.107351],[14.57365,50.107459],[14.573686,50.107489],[14.57383,50.10761],[14.574003,50.107725],[14.574644,50.108099],[14.574617,50.108169],[14.574618,50.108168],[14.574777,50.108173],[14.574778,50.108173],[14.574863,50.10819],[14.574964,50.10821],[14.57507,50.108259],[14.575138,50.108314],[14.57521,50.108372],[14.575212,50.108375],[14.5753,50.108502],[14.575362,50.108592],[14.575373,50.108608],[14.575374,50.10861],[14.575381,50.10862],[14.575384,50.108678],[14.575388,50.108697],[14.575405,50.108796],[14.575407,50.10881],[14.575412,50.108832],[14.575412,50.108833],[14.575418,50.108857],[14.57542,50.108863],[14.575424,50.108879],[14.575445,50.108969],[14.57544,50.108992],[14.575582,50.109011],[14.577063,50.109205],[14.5775,50.109262],[14.577554,50.109269],[14.578375,50.109376],[14.578985,50.109456],[14.579208,50.109486],[14.579369,50.109507],[14.57985,50.109569],[14.579923,50.109577],[14.580028,50.109591],[14.580145,50.109608],[14.580152,50.109585],[14.580196,50.109591],[14.580246,50.109597],[14.580239,50.10962],[14.580351,50.109634],[14.580449,50.109647],[14.581451,50.109775],[14.582233,50.109879],[14.582249,50.109881],[14.58243,50.109904],[14.582694,50.109936],[14.582921,50.109968],[14.583077,50.109994],[14.583104,50.109999],[14.583564,50.110033],[14.584322,50.110115],[14.584404,50.110117],[14.584621,50.110124],[14.584777,50.110128],[14.585072,50.110112],[14.585177,50.110099],[14.585352,50.110077],[14.585395,50.110079],[14.58565,50.110048],[14.585708,50.110096],[14.585798,50.110077]]]}},{"type":"Feature","properties":{"cislo":14031,"kod":27993,"mestskaCast":"praha-14"},"geometry":{"type":"Polygon","coordinates":[[[14.573521,50.104254],[14.573549,50.104256],[14.573561,50.104266],[14.573573,50.104276],[14.573583,50.104295],[14.573595,50.104305],[14.573549,50.104456],[14.573425,50.104844],[14.573537,50.104917],[14.573661,50.104928],[14.574277,50.105018],[14.574331,50.105032],[14.574533,50.105077],[14.574696,50.105173],[14.574871,50.105279],[14.57501,50.105354],[14.575222,50.105491],[14.575316,50.105444],[14.575381,50.105405],[14.575522,50.105335],[14.57557,50.105312],[14.575692,50.105268],[14.575843,50.105218],[14.575932,50.105199],[14.576098,50.10515],[14.576232,50.105116],[14.576482,50.105065],[14.576997,50.104965],[14.577175,50.104926],[14.577342,50.104868],[14.577468,50.104806],[14.577613,50.104719],[14.577707,50.104609],[14.577726,50.104584],[14.577792,50.104472],[14.577809,50.104391],[14.577804,50.104282],[14.577789,50.104217],[14.577751,50.104132],[14.577709,50.104065],[14.577663,50.104016],[14.577555,50.103925],[14.577479,50.103882],[14.577404,50.103839],[14.577257,50.103799],[14.577191,50.103775],[14.576975,50.103729],[14.576852,50.103709],[14.576605,50.103679],[14.57682,50.103461],[14.576894,50.103377],[14.576868,50.103366],[14.576856,50.103356],[14.577031,50.103199],[14.577676,50.102611],[14.57771,50.102586],[14.577884,50.102429],[14.577697,50.102377],[14.577735,50.102334],[14.577891,50.102194],[14.577923,50.102178],[14.577956,50.102154],[14.577987,50.102139],[14.578021,50.102114],[14.578052,50.102099],[14.578097,50.102085],[14.578141,50.102079],[14.578186,50.102065],[14.57823,50.10206],[14.578273,50.102055],[14.578344,50.102052],[14.578413,50.102058],[14.578469,50.102063],[14.578538,50.102069],[14.578606,50.102084],[14.578633,50.102086],[14.578675,50.10209],[14.578934,50.10213],[14.578976,50.102134],[14.578991,50.102126],[14.579009,50.10211],[14.579041,50.102094],[14.579058,50.102078],[14.579064,50.102051],[14.579081,50.102034],[14.579085,50.102017],[14.579089,50.101999],[14.579098,50.101954],[14.579106,50.101919],[14.579093,50.101845],[14.579078,50.101717],[14.579036,50.101513],[14.579093,50.101446],[14.579289,50.101181],[14.579328,50.10113],[14.579386,50.101055],[14.5785,50.101052],[14.57816,50.101051],[14.576757,50.101015],[14.575328,50.100936],[14.573936,50.100815],[14.57297,50.100727],[14.572966,50.10073],[14.572883,50.100723],[14.57255,50.100694],[14.571394,50.100557],[14.571175,50.100529],[14.570872,50.100493],[14.569896,50.100372],[14.569771,50.100361],[14.569607,50.100337],[14.569276,50.1003],[14.569057,50.100271],[14.568095,50.100151],[14.566982,50.100009],[14.566034,50.09989],[14.565675,50.099849],[14.565622,50.099836],[14.565567,50.099831],[14.565511,50.099826],[14.565146,50.099885],[14.565201,50.100225],[14.565062,50.100885],[14.565026,50.101054],[14.564927,50.101526],[14.565476,50.101864],[14.565553,50.101835],[14.565705,50.101784],[14.565872,50.101727],[14.566262,50.101615],[14.566704,50.101527],[14.567166,50.101476],[14.567551,50.101456],[14.567607,50.10146],[14.567844,50.101472],[14.56822,50.101496],[14.568442,50.101515],[14.568864,50.101588],[14.568876,50.101598],[14.569212,50.101673],[14.569437,50.101747],[14.569441,50.101793],[14.569455,50.101794],[14.569546,50.101829],[14.569586,50.101842],[14.569793,50.101932],[14.570263,50.10211],[14.570279,50.102102],[14.570831,50.102295],[14.57087,50.102308],[14.570987,50.102354],[14.571666,50.102613],[14.571811,50.102662],[14.572085,50.102767],[14.572076,50.102812],[14.572143,50.102827],[14.572157,50.102828],[14.572171,50.102829],[14.572175,50.102812],[14.572189,50.102813],[14.572216,50.102815],[14.572347,50.102863],[14.572351,50.102845],[14.572367,50.102837],[14.572381,50.102839],[14.57241,50.102832],[14.572438,50.102834],[14.572466,50.102837],[14.572517,50.10286],[14.572688,50.10292],[14.572765,50.102954],[14.572922,50.103013],[14.573147,50.103087],[14.573359,50.103151],[14.57344,50.103167],[14.573573,50.103206],[14.573815,50.103263],[14.574084,50.103323],[14.57433,50.103362],[14.57448,50.103385],[14.574795,50.10343],[14.575179,50.103482],[14.575066,50.103753],[14.575022,50.103758],[14.574583,50.103702],[14.574567,50.10371],[14.574565,50.103719],[14.574563,50.103727],[14.574548,50.103735],[14.574534,50.103734],[14.57452,50.103733],[14.574495,50.103785],[14.574481,50.103784],[14.574453,50.103781],[14.574437,50.103789],[14.574422,50.103797],[14.57442,50.103806],[14.574402,50.103822],[14.574395,50.103858],[14.57436,50.103955],[14.574313,50.104114],[14.574276,50.10422],[14.574242,50.104316],[14.573856,50.104274],[14.573527,50.104227],[14.573521,50.104254]]]}},{"type":"Feature","properties":{"cislo":14032,"kod":44246,"mestskaCast":"praha-14"},"geometry":{"type":"Polygon","coordinates":[[[14.554894,50.107434],[14.555478,50.10775],[14.555615,50.107769],[14.556255,50.10814],[14.556499,50.108369],[14.556739,50.109006],[14.556778,50.109558],[14.556648,50.110223],[14.556503,50.110713],[14.556513,50.111186],[14.556748,50.111183],[14.556735,50.111466],[14.55697,50.11146],[14.556967,50.111182],[14.557248,50.111183],[14.557409,50.111257],[14.557997,50.111603],[14.557835,50.11173],[14.558337,50.111991],[14.558507,50.111876],[14.559089,50.112228],[14.560324,50.112891],[14.560682,50.112625],[14.560943,50.112771],[14.561239,50.112549],[14.560966,50.112412],[14.561456,50.112039],[14.561656,50.112154],[14.561923,50.111949],[14.561718,50.111838],[14.562278,50.111404],[14.562533,50.111551],[14.563111,50.111132],[14.562835,50.110984],[14.563156,50.110744],[14.563372,50.110857],[14.563774,50.110557],[14.563569,50.110439],[14.563803,50.110272],[14.563945,50.11019],[14.564133,50.109989],[14.563965,50.109898],[14.563243,50.109443],[14.562754,50.109095],[14.561692,50.108383],[14.560876,50.108078],[14.560952,50.107964],[14.560481,50.107805],[14.559529,50.107505],[14.55857,50.107287],[14.557779,50.107185],[14.557065,50.107139],[14.556264,50.107139],[14.55557,50.107169],[14.555148,50.107262],[14.554894,50.107434]]]}}]}
