{"type":"FeatureCollection","features":[{"type":"Feature","properties":{"cislo":12001,"kod":26523,"mestskaCast":"praha-12"},"geometry":{"type":"Polygon","coordinates":[[[14.41411,50.016957],[14.41411,50.016957],[14.414109,50.016955],[14.414123,50.016956],[14.414557,50.016903],[14.414748,50.016866],[14.414791,50.016861],[14.414888,50.016869],[14.414904,50.016862],[14.415135,50.016837],[14.41515,50.016829],[14.4154,50.016779],[14.415414,50.01678],[14.415674,50.016685],[14.415688,50.016686],[14.415896,50.016568],[14.416006,50.016515],[14.41615,50.016437],[14.41635,50.016291],[14.416433,50.016298],[14.41645,50.016282],[14.416466,50.016274],[14.416446,50.016236],[14.416464,50.016219],[14.416538,50.016135],[14.416673,50.015966],[14.416784,50.015776],[14.416786,50.015767],[14.416824,50.015652],[14.416851,50.015591],[14.416859,50.015556],[14.416877,50.015539],[14.41692,50.015534],[14.41694,50.015508],[14.416941,50.015499],[14.416902,50.015487],[14.416894,50.015459],[14.416898,50.015441],[14.416911,50.015442],[14.416953,50.015246],[14.416955,50.015237],[14.417053,50.014847],[14.417104,50.014606],[14.417092,50.014596],[14.417094,50.014587],[14.417182,50.014441],[14.417291,50.013997],[14.417123,50.013991],[14.416928,50.013983],[14.416983,50.013788],[14.416985,50.013779],[14.417017,50.013627],[14.417081,50.013197],[14.417095,50.012999],[14.41708,50.012807],[14.417082,50.012798],[14.417049,50.012623],[14.416993,50.012491],[14.416979,50.01249],[14.416842,50.012205],[14.416822,50.012167],[14.416638,50.011842],[14.416493,50.011666],[14.416479,50.011665],[14.41635,50.011544],[14.416211,50.011405],[14.415928,50.011144],[14.415915,50.011143],[14.415721,50.010926],[14.415582,50.010786],[14.415335,50.010429],[14.415228,50.010201],[14.415147,50.009922],[14.415107,50.009782],[14.415086,50.009617],[14.414875,50.009616],[14.414861,50.009615],[14.414692,50.009546],[14.413948,50.009271],[14.413504,50.009767],[14.413248,50.010044],[14.413246,50.010053],[14.413278,50.010101],[14.413257,50.010135],[14.413255,50.010144],[14.412886,50.010016],[14.412675,50.010236],[14.412876,50.010401],[14.412965,50.010445],[14.413005,50.010458],[14.412991,50.010457],[14.412786,50.010692],[14.412641,50.010643],[14.412564,50.010609],[14.412562,50.010618],[14.412357,50.010854],[14.412373,50.01091],[14.412391,50.010957],[14.412377,50.010956],[14.412213,50.011132],[14.412031,50.011388],[14.411988,50.011448],[14.411598,50.011323],[14.411551,50.011375],[14.411505,50.011414],[14.411491,50.011413],[14.411349,50.011681],[14.411511,50.011714],[14.411671,50.011755],[14.41156,50.011945],[14.411481,50.01212],[14.411412,50.012177],[14.411065,50.01212],[14.411024,50.012156],[14.411014,50.012348],[14.411325,50.012387],[14.412003,50.012511],[14.411963,50.012562],[14.411895,50.012683],[14.411753,50.012888],[14.411736,50.012968],[14.4122,50.013037],[14.412081,50.013262],[14.412068,50.013261],[14.41161,50.013229],[14.41155,50.013378],[14.411494,50.013573],[14.41132,50.01412],[14.411099,50.014101],[14.411001,50.014101],[14.410524,50.014022],[14.410612,50.014139],[14.410281,50.014409],[14.410066,50.014362],[14.409919,50.01455],[14.409677,50.014891],[14.409849,50.014943],[14.409556,50.015389],[14.409554,50.015398],[14.409568,50.015399],[14.409602,50.015438],[14.409699,50.01551],[14.409668,50.015589],[14.409665,50.015607],[14.409671,50.015644],[14.409677,50.015681],[14.409689,50.015691],[14.409747,50.01575],[14.409885,50.015826],[14.409678,50.016071],[14.40948,50.016535],[14.409478,50.016539],[14.409511,50.016545],[14.409618,50.016564],[14.409747,50.016588],[14.409893,50.016607],[14.410032,50.016625],[14.410334,50.016718],[14.410353,50.016724],[14.410413,50.016743],[14.410511,50.016769],[14.410517,50.016771],[14.41058,50.016793],[14.410931,50.016915],[14.411098,50.016941],[14.411136,50.016951],[14.411321,50.016998],[14.411348,50.017007],[14.411484,50.017057],[14.411609,50.017021],[14.41174,50.017022],[14.411727,50.016988],[14.411724,50.01698],[14.411924,50.017019],[14.412003,50.017009],[14.412031,50.017005],[14.412072,50.017004],[14.412158,50.01701],[14.412409,50.017024],[14.412444,50.017023],[14.412481,50.017023],[14.412622,50.017027],[14.41277,50.017027],[14.412841,50.017027],[14.413052,50.017021],[14.413194,50.017016],[14.413362,50.017009],[14.413475,50.017004],[14.413579,50.016998],[14.413731,50.016987],[14.413867,50.016976],[14.41411,50.016957]]]}},{"type":"Feature","properties":{"cislo":12002,"kod":26525,"mestskaCast":"praha-12"},"geometry":{"type":"Polygon","coordinates":[[[14.409556,50.015389],[14.409849,50.014943],[14.409677,50.014891],[14.409919,50.01455],[14.410066,50.014362],[14.410281,50.014409],[14.410612,50.014139],[14.410524,50.014022],[14.411001,50.014101],[14.411099,50.014101],[14.41132,50.01412],[14.411494,50.013573],[14.41155,50.013378],[14.41161,50.013229],[14.412068,50.013261],[14.412081,50.013262],[14.4122,50.013037],[14.411736,50.012968],[14.411753,50.012888],[14.411895,50.012683],[14.411963,50.012562],[14.412003,50.012511],[14.411325,50.012387],[14.411014,50.012348],[14.411024,50.012156],[14.411065,50.01212],[14.411412,50.012177],[14.411481,50.01212],[14.41156,50.011945],[14.411671,50.011755],[14.411511,50.011714],[14.411349,50.011681],[14.411491,50.011413],[14.411505,50.011414],[14.411551,50.011375],[14.411598,50.011323],[14.411988,50.011448],[14.412031,50.011388],[14.412213,50.011132],[14.412377,50.010956],[14.412391,50.010957],[14.412373,50.01091],[14.412357,50.010854],[14.412562,50.010618],[14.412564,50.010609],[14.412641,50.010643],[14.412786,50.010692],[14.412991,50.010457],[14.413005,50.010458],[14.412965,50.010445],[14.412876,50.010401],[14.412675,50.010236],[14.412886,50.010016],[14.413255,50.010144],[14.413257,50.010135],[14.413278,50.010101],[14.413246,50.010053],[14.413248,50.010044],[14.413504,50.009767],[14.413948,50.009271],[14.414692,50.009546],[14.414861,50.009615],[14.414875,50.009616],[14.415086,50.009617],[14.415075,50.009471],[14.415077,50.009262],[14.415105,50.009265],[14.415132,50.009267],[14.415166,50.009043],[14.415229,50.008813],[14.41537,50.008417],[14.415436,50.008241],[14.415643,50.00767],[14.415603,50.007657],[14.415451,50.007643],[14.415328,50.007624],[14.41461,50.00756],[14.414499,50.00755],[14.414168,50.007521],[14.414098,50.007514],[14.413833,50.007436],[14.413452,50.007312],[14.413383,50.007369],[14.413258,50.007494],[14.413207,50.007535],[14.413044,50.007639],[14.412982,50.00786],[14.412965,50.007877],[14.41292,50.007954],[14.412754,50.008139],[14.412752,50.008148],[14.41275,50.008157],[14.412568,50.008355],[14.412297,50.008298],[14.412234,50.008329],[14.412158,50.008359],[14.412065,50.008659],[14.410903,50.008692],[14.410771,50.008717],[14.410693,50.008492],[14.41069,50.008374],[14.410545,50.008393],[14.409635,50.008697],[14.409554,50.009008],[14.409562,50.009036],[14.409553,50.009144],[14.409048,50.009135],[14.408736,50.009144],[14.408605,50.009232],[14.40853,50.00927],[14.40826,50.009329],[14.408097,50.009632],[14.408161,50.009792],[14.408141,50.009953],[14.408415,50.009987],[14.40835,50.010144],[14.408312,50.010245],[14.407782,50.010185],[14.407677,50.010475],[14.407881,50.010511],[14.408224,50.010551],[14.408138,50.010824],[14.407808,50.010786],[14.407767,50.010846],[14.407746,50.01088],[14.40774,50.010907],[14.407707,50.011059],[14.407703,50.011212],[14.407703,50.011276],[14.407924,50.011296],[14.408007,50.011303],[14.407878,50.011645],[14.407859,50.011735],[14.407458,50.011763],[14.407462,50.012008],[14.407466,50.01219],[14.40746,50.012247],[14.407461,50.012344],[14.407452,50.012515],[14.407447,50.012542],[14.407471,50.012626],[14.407465,50.012916],[14.407268,50.01298],[14.40726,50.013115],[14.407771,50.013135],[14.407769,50.013406],[14.407763,50.013445],[14.408199,50.013425],[14.408186,50.013697],[14.408336,50.013783],[14.408713,50.013798],[14.409125,50.01398],[14.408827,50.014253],[14.408778,50.014285],[14.408557,50.014465],[14.408848,50.014618],[14.408949,50.014672],[14.408837,50.014798],[14.409029,50.014888],[14.409235,50.014979],[14.40903,50.015151],[14.409556,50.015389]]]}},{"type":"Feature","properties":{"cislo":12003,"kod":26527,"mestskaCast":"praha-12"},"geometry":{"type":"Polygon","coordinates":[[[14.396231,50.016399],[14.39644,50.016391],[14.395892,50.017668],[14.395871,50.018852],[14.396734,50.018794],[14.396756,50.018792],[14.396768,50.018792],[14.396806,50.018789],[14.396884,50.018784],[14.397494,50.018744],[14.397624,50.018735],[14.397843,50.018718],[14.398013,50.018704],[14.398298,50.01868],[14.398353,50.018673],[14.398429,50.018663],[14.398429,50.018673],[14.398538,50.018668],[14.398761,50.018657],[14.398804,50.018655],[14.398865,50.01865],[14.399456,50.018595],[14.39987,50.018558],[14.399963,50.01855],[14.400072,50.01854],[14.400071,50.018517],[14.40009,50.018515],[14.40009,50.018513],[14.400092,50.018511],[14.400095,50.018511],[14.400227,50.018489],[14.400349,50.01847],[14.401055,50.018363],[14.401672,50.018272],[14.401998,50.018228],[14.402025,50.018225],[14.402131,50.01821],[14.402328,50.018184],[14.402344,50.018182],[14.402379,50.018177],[14.402383,50.018177],[14.402385,50.018185],[14.402476,50.018173],[14.402521,50.018167],[14.402598,50.018157],[14.402735,50.018138],[14.402651,50.017862],[14.402535,50.017453],[14.402657,50.017463],[14.402655,50.017435],[14.402663,50.017352],[14.402711,50.01727],[14.402724,50.017248],[14.402736,50.017236],[14.40277,50.017202],[14.402795,50.017181],[14.402826,50.01716],[14.402887,50.017121],[14.40296,50.017089],[14.403038,50.017068],[14.403076,50.017062],[14.403279,50.017039],[14.403554,50.016987],[14.403814,50.016939],[14.403856,50.016942],[14.404049,50.016902],[14.404085,50.016886],[14.404154,50.016871],[14.404344,50.016816],[14.404371,50.016809],[14.404404,50.016801],[14.40447,50.016783],[14.40452,50.01677],[14.404529,50.016767],[14.404622,50.016742],[14.404668,50.016729],[14.404705,50.01672],[14.404927,50.016673],[14.405219,50.016611],[14.405262,50.016604],[14.405479,50.016562],[14.405648,50.016531],[14.405703,50.016522],[14.405745,50.016513],[14.406014,50.016469],[14.406186,50.016441],[14.406252,50.016431],[14.406537,50.0164],[14.406789,50.016375],[14.407032,50.016358],[14.407075,50.016355],[14.40723,50.016348],[14.407336,50.016343],[14.407604,50.016337],[14.407731,50.01634],[14.407697,50.016365],[14.407952,50.016369],[14.408169,50.016374],[14.408188,50.016376],[14.408193,50.016377],[14.408427,50.016404],[14.40847,50.016409],[14.408689,50.016435],[14.408965,50.01647],[14.409224,50.016504],[14.409475,50.016538],[14.409478,50.016539],[14.40948,50.016535],[14.409678,50.016071],[14.409885,50.015826],[14.409747,50.01575],[14.409689,50.015691],[14.409677,50.015681],[14.409671,50.015644],[14.409665,50.015607],[14.409668,50.015589],[14.409699,50.01551],[14.409602,50.015438],[14.409568,50.015399],[14.409554,50.015398],[14.409556,50.015389],[14.40903,50.015151],[14.409235,50.014979],[14.409029,50.014888],[14.408837,50.014798],[14.408949,50.014672],[14.408848,50.014618],[14.408557,50.014465],[14.408778,50.014285],[14.408827,50.014253],[14.409125,50.01398],[14.408713,50.013798],[14.408336,50.013783],[14.408186,50.013697],[14.408199,50.013425],[14.407763,50.013445],[14.407769,50.013406],[14.407771,50.013135],[14.40726,50.013115],[14.407268,50.01298],[14.407465,50.012916],[14.407471,50.012626],[14.407447,50.012542],[14.407452,50.012515],[14.407461,50.012344],[14.40746,50.012247],[14.407466,50.01219],[14.407462,50.012008],[14.407458,50.011763],[14.407859,50.011735],[14.407878,50.011645],[14.408007,50.011303],[14.407924,50.011296],[14.407703,50.011276],[14.407703,50.011212],[14.407707,50.011059],[14.40774,50.010907],[14.407746,50.01088],[14.407767,50.010846],[14.407808,50.010786],[14.408138,50.010824],[14.408224,50.010551],[14.407881,50.010511],[14.407677,50.010475],[14.407782,50.010185],[14.408312,50.010245],[14.40835,50.010144],[14.408415,50.009987],[14.408141,50.009953],[14.408161,50.009792],[14.408097,50.009632],[14.40826,50.009329],[14.40853,50.00927],[14.408605,50.009232],[14.408736,50.009144],[14.409048,50.009135],[14.409553,50.009144],[14.409562,50.009036],[14.409554,50.009008],[14.409635,50.008697],[14.410545,50.008393],[14.41069,50.008374],[14.410693,50.008492],[14.410771,50.008717],[14.410903,50.008692],[14.412065,50.008659],[14.412158,50.008359],[14.412234,50.008329],[14.412297,50.008298],[14.412568,50.008355],[14.41275,50.008157],[14.412513,50.008118],[14.412289,50.008089],[14.412072,50.008058],[14.411259,50.007939],[14.410947,50.007902],[14.411041,50.00767],[14.410737,50.007621],[14.410269,50.007613],[14.41027,50.007859],[14.409176,50.007859],[14.409175,50.007814],[14.408743,50.007813],[14.408745,50.007609],[14.408596,50.007608],[14.408333,50.007519],[14.408307,50.00781],[14.408011,50.007806],[14.408021,50.007696],[14.40783,50.007679],[14.407907,50.00738],[14.407651,50.007295],[14.407468,50.007239],[14.407127,50.007197],[14.40691,50.007175],[14.406881,50.007409],[14.406302,50.007351],[14.406338,50.007118],[14.4058,50.007056],[14.405859,50.006799],[14.405406,50.006767],[14.405379,50.006932],[14.405683,50.006963],[14.405658,50.007043],[14.405636,50.007118],[14.40553,50.007363],[14.405081,50.007269],[14.40497,50.007499],[14.404753,50.007457],[14.404561,50.007777],[14.40414,50.007651],[14.404026,50.007835],[14.403647,50.007744],[14.403822,50.007377],[14.403648,50.007342],[14.403379,50.007255],[14.403636,50.006783],[14.403581,50.006727],[14.40368,50.006416],[14.403245,50.006356],[14.400808,50.005057],[14.400804,50.005056],[14.400804,50.005056],[14.400345,50.005764],[14.399565,50.007015],[14.399289,50.007457],[14.398801,50.008183],[14.398775,50.008226],[14.39866,50.008414],[14.398367,50.008893],[14.397911,50.01029],[14.397321,50.012206],[14.396816,50.013759],[14.396425,50.015062],[14.396231,50.016399]]]}},{"type":"Feature","properties":{"cislo":12004,"kod":26529,"mestskaCast":"praha-12"},"geometry":{"type":"Polygon","coordinates":[[[14.41275,50.008157],[14.412752,50.008148],[14.412754,50.008139],[14.41292,50.007954],[14.412965,50.007877],[14.412982,50.00786],[14.413044,50.007639],[14.413207,50.007535],[14.413258,50.007494],[14.413383,50.007369],[14.413452,50.007312],[14.413833,50.007436],[14.414098,50.007514],[14.414168,50.007521],[14.414499,50.00755],[14.41461,50.00756],[14.415328,50.007624],[14.415451,50.007643],[14.415603,50.007657],[14.415854,50.006944],[14.413247,50.006359],[14.413954,50.00516],[14.413983,50.005153],[14.414544,50.00523],[14.414822,50.004456],[14.414234,50.004377],[14.414582,50.0038],[14.414611,50.00373],[14.414622,50.003613],[14.414618,50.003567],[14.414598,50.003529],[14.414524,50.003413],[14.41431,50.003295],[14.414211,50.003495],[14.414111,50.003669],[14.41383,50.004041],[14.413476,50.004564],[14.413994,50.004773],[14.413893,50.004918],[14.413763,50.004998],[14.413803,50.00501],[14.413828,50.005022],[14.413785,50.00509],[14.413217,50.004849],[14.412845,50.005207],[14.412742,50.005161],[14.412626,50.005115],[14.412544,50.005234],[14.412232,50.00516],[14.412213,50.004996],[14.412075,50.004941],[14.411983,50.004894],[14.411931,50.004871],[14.412052,50.004701],[14.410822,50.004328],[14.410869,50.004242],[14.410521,50.004156],[14.410476,50.00417],[14.41034,50.004213],[14.409866,50.004125],[14.409664,50.00408],[14.40953,50.00405],[14.409579,50.003819],[14.409599,50.003568],[14.409212,50.003563],[14.40917,50.00336],[14.40779,50.00336],[14.406833,50.003357],[14.406667,50.003342],[14.406602,50.004589],[14.406248,50.004507],[14.40616,50.004198],[14.405857,50.004169],[14.405581,50.004208],[14.405279,50.004235],[14.405045,50.004214],[14.405142,50.00376],[14.404368,50.003691],[14.404154,50.003636],[14.403589,50.003487],[14.401792,50.003363],[14.401792,50.003363],[14.401403,50.004128],[14.400804,50.005056],[14.400804,50.005056],[14.400808,50.005057],[14.403245,50.006356],[14.40368,50.006416],[14.403581,50.006727],[14.403636,50.006783],[14.403379,50.007255],[14.403648,50.007342],[14.403822,50.007377],[14.403647,50.007744],[14.404026,50.007835],[14.40414,50.007651],[14.404561,50.007777],[14.404753,50.007457],[14.40497,50.007499],[14.405081,50.007269],[14.40553,50.007363],[14.405636,50.007118],[14.405658,50.007043],[14.405683,50.006963],[14.405379,50.006932],[14.405406,50.006767],[14.405859,50.006799],[14.4058,50.007056],[14.406338,50.007118],[14.406302,50.007351],[14.406881,50.007409],[14.40691,50.007175],[14.407127,50.007197],[14.407468,50.007239],[14.407651,50.007295],[14.407907,50.00738],[14.40783,50.007679],[14.408021,50.007696],[14.408011,50.007806],[14.408307,50.00781],[14.408333,50.007519],[14.408596,50.007608],[14.408745,50.007609],[14.408743,50.007813],[14.409175,50.007814],[14.409176,50.007859],[14.41027,50.007859],[14.410269,50.007613],[14.410737,50.007621],[14.411041,50.00767],[14.410947,50.007902],[14.411259,50.007939],[14.412072,50.008058],[14.412289,50.008089],[14.412513,50.008118],[14.41275,50.008157]]]}},{"type":"Feature","properties":{"cislo":12005,"kod":26531,"mestskaCast":"praha-12"},"geometry":{"type":"Polygon","coordinates":[[[14.415854,50.006944],[14.416107,50.006222],[14.416186,50.005984],[14.416309,50.005668],[14.416397,50.005458],[14.416498,50.005113],[14.416551,50.005],[14.41677,50.004502],[14.416772,50.004493],[14.4169,50.004223],[14.416907,50.004188],[14.416915,50.004152],[14.416917,50.004143],[14.416926,50.004099],[14.4169,50.004024],[14.41689,50.004005],[14.416882,50.003977],[14.416858,50.003956],[14.416834,50.003936],[14.416809,50.003925],[14.416735,50.003873],[14.416698,50.003851],[14.416643,50.00391],[14.415724,50.003465],[14.4153,50.003274],[14.415274,50.003262],[14.415003,50.003147],[14.414964,50.003135],[14.414663,50.003026],[14.414519,50.002977],[14.414505,50.002976],[14.414188,50.002875],[14.413856,50.002782],[14.413844,50.002772],[14.413617,50.002716],[14.41336,50.002666],[14.413346,50.002664],[14.413145,50.002619],[14.413131,50.002618],[14.412748,50.002566],[14.41272,50.002564],[14.412694,50.002552],[14.412681,50.002551],[14.41257,50.002541],[14.412143,50.002494],[14.412116,50.002492],[14.411881,50.002471],[14.411267,50.002444],[14.410363,50.002391],[14.410349,50.002389],[14.409943,50.00238],[14.40972,50.00237],[14.409712,50.002342],[14.408218,50.002282],[14.408121,50.002273],[14.408054,50.002258],[14.407928,50.002256],[14.407914,50.002318],[14.40776,50.002314],[14.407646,50.002322],[14.406192,50.002274],[14.405702,50.002258],[14.405661,50.002254],[14.405647,50.002253],[14.405576,50.002256],[14.405562,50.002255],[14.405531,50.00227],[14.405501,50.002276],[14.405499,50.002285],[14.405448,50.002526],[14.405442,50.002553],[14.405423,50.002578],[14.405407,50.002586],[14.405351,50.002749],[14.404845,50.002735],[14.404954,50.002943],[14.405256,50.003026],[14.40522,50.003132],[14.405191,50.003265],[14.405189,50.003274],[14.405175,50.003409],[14.405119,50.003404],[14.405013,50.003377],[14.404269,50.003365],[14.404277,50.003393],[14.403598,50.003342],[14.403589,50.003487],[14.404154,50.003636],[14.404368,50.003691],[14.405142,50.00376],[14.405045,50.004214],[14.405279,50.004235],[14.405581,50.004208],[14.405857,50.004169],[14.40616,50.004198],[14.406248,50.004507],[14.406602,50.004589],[14.406667,50.003342],[14.406833,50.003357],[14.40779,50.00336],[14.40917,50.00336],[14.409212,50.003563],[14.409599,50.003568],[14.409579,50.003819],[14.40953,50.00405],[14.409664,50.00408],[14.409866,50.004125],[14.41034,50.004213],[14.410476,50.00417],[14.410521,50.004156],[14.410869,50.004242],[14.410822,50.004328],[14.412052,50.004701],[14.411931,50.004871],[14.411983,50.004894],[14.412075,50.004941],[14.412213,50.004996],[14.412232,50.00516],[14.412544,50.005234],[14.412626,50.005115],[14.412742,50.005161],[14.412845,50.005207],[14.413217,50.004849],[14.413785,50.00509],[14.413828,50.005022],[14.413803,50.00501],[14.413763,50.004998],[14.413893,50.004918],[14.413994,50.004773],[14.413476,50.004564],[14.41383,50.004041],[14.414111,50.003669],[14.414211,50.003495],[14.41431,50.003295],[14.414524,50.003413],[14.414598,50.003529],[14.414618,50.003567],[14.414622,50.003613],[14.414611,50.00373],[14.414582,50.0038],[14.414234,50.004377],[14.414822,50.004456],[14.414544,50.00523],[14.413983,50.005153],[14.413954,50.00516],[14.413247,50.006359],[14.415854,50.006944]]]}},{"type":"Feature","properties":{"cislo":12006,"kod":26533,"mestskaCast":"praha-12"},"geometry":{"type":"Polygon","coordinates":[[[14.401792,50.003363],[14.401792,50.003363],[14.403589,50.003487],[14.403598,50.003342],[14.404277,50.003393],[14.404269,50.003365],[14.405013,50.003377],[14.405119,50.003404],[14.405175,50.003409],[14.405189,50.003274],[14.405191,50.003265],[14.40522,50.003132],[14.405256,50.003026],[14.404954,50.002943],[14.404845,50.002735],[14.405351,50.002749],[14.405407,50.002586],[14.405423,50.002578],[14.405442,50.002553],[14.405448,50.002526],[14.405499,50.002285],[14.405501,50.002276],[14.405531,50.00227],[14.405562,50.002255],[14.405576,50.002256],[14.405647,50.002253],[14.405661,50.002254],[14.405702,50.002258],[14.406192,50.002274],[14.407646,50.002322],[14.40776,50.002314],[14.407914,50.002318],[14.407928,50.002256],[14.408054,50.002258],[14.408121,50.002273],[14.408218,50.002282],[14.409712,50.002342],[14.40972,50.00237],[14.409943,50.00238],[14.410349,50.002389],[14.410363,50.002391],[14.411267,50.002444],[14.411881,50.002471],[14.412116,50.002492],[14.412143,50.002494],[14.41257,50.002541],[14.412681,50.002551],[14.412694,50.002552],[14.41272,50.002564],[14.412748,50.002566],[14.413131,50.002618],[14.413145,50.002619],[14.413346,50.002664],[14.41336,50.002666],[14.413617,50.002716],[14.413844,50.002772],[14.413856,50.002782],[14.414188,50.002875],[14.414505,50.002976],[14.414519,50.002977],[14.414663,50.003026],[14.414964,50.003135],[14.415003,50.003147],[14.415274,50.003262],[14.4153,50.003274],[14.415724,50.003465],[14.416643,50.00391],[14.416698,50.003851],[14.416909,50.003652],[14.41716,50.003402],[14.417226,50.003354],[14.417401,50.003197],[14.417531,50.002918],[14.417533,50.002909],[14.417648,50.002765],[14.417976,50.002086],[14.418034,50.001946],[14.41811,50.001789],[14.418315,50.001354],[14.418389,50.001142],[14.418417,50.001009],[14.418414,50.000891],[14.418384,50.00077],[14.418349,50.000667],[14.418277,50.000543],[14.418134,50.000357],[14.41812,50.000356],[14.418015,50.000256],[14.418003,50.000246],[14.417896,50.000155],[14.417622,49.999985],[14.417247,49.999761],[14.417039,49.999616],[14.416946,49.999526],[14.416932,49.999525],[14.41682,49.999388],[14.416105,49.999769],[14.416103,49.999778],[14.416055,49.999873],[14.415826,50.000089],[14.415254,49.999866],[14.415166,49.999949],[14.415079,50.000023],[14.415036,50.000228],[14.414881,50.00016],[14.414672,50.000413],[14.414385,50.000306],[14.414334,50.000347],[14.414248,50.000421],[14.413993,50.000298],[14.413342,50.000903],[14.41334,50.000912],[14.412794,50.001426],[14.41278,50.001425],[14.412788,50.001453],[14.412824,50.001484],[14.413161,50.001486],[14.413503,50.001535],[14.413355,50.001966],[14.413054,50.001922],[14.412981,50.00187],[14.412926,50.001865],[14.413001,50.001645],[14.412878,50.001625],[14.412564,50.001579],[14.412601,50.001473],[14.41341,50.000719],[14.41378,50.00037],[14.413412,50.000247],[14.413094,50.000618],[14.412455,50.000443],[14.412228,50.000387],[14.411712,50.000296],[14.41137,50.000247],[14.411407,50.000142],[14.411409,50.000133],[14.41119,50.000104],[14.410739,50.000037],[14.41076,49.999934],[14.410424,49.999881],[14.410469,49.999699],[14.408974,49.999585],[14.408972,49.999455],[14.409864,49.999393],[14.409806,49.998221],[14.410224,49.99823],[14.410197,49.998228],[14.410181,49.998172],[14.410167,49.998171],[14.407143,49.998156],[14.4045,49.998067],[14.404362,49.998055],[14.403012,49.998443],[14.402764,49.998484],[14.402763,49.998483],[14.402763,49.998483],[14.402411,49.998536],[14.402397,49.998539],[14.402296,49.99929],[14.402186,50.000637],[14.402134,50.001276],[14.402032,50.002515],[14.401794,50.00336],[14.401792,50.003363]]]}},{"type":"Feature","properties":{"cislo":12007,"kod":26535,"mestskaCast":"praha-12"},"geometry":{"type":"Polygon","coordinates":[[[14.41682,49.999388],[14.416602,49.999023],[14.416633,49.998618],[14.416851,49.998319],[14.416853,49.998311],[14.417045,49.998137],[14.417192,49.998041],[14.417243,49.998],[14.417257,49.998002],[14.417509,49.997879],[14.417692,49.997813],[14.417857,49.997764],[14.418235,49.997707],[14.418564,49.997682],[14.419015,49.995244],[14.415462,49.994539],[14.415125,49.994472],[14.414667,49.994441],[14.414127,49.994329],[14.413958,49.994332],[14.413297,49.994392],[14.413096,49.99441],[14.413083,49.994409],[14.411991,49.994376],[14.411976,49.994383],[14.411893,49.994376],[14.411283,49.994331],[14.410302,49.994307],[14.409087,49.994063],[14.40846,49.994035],[14.407756,49.994099],[14.407045,49.9942],[14.407047,49.994191],[14.406533,49.994378],[14.409495,49.993109],[14.410071,49.992717],[14.410278,49.992484],[14.409477,49.992396],[14.409417,49.99259],[14.408912,49.993037],[14.408644,49.993021],[14.408335,49.993319],[14.407294,49.993531],[14.405926,49.9941],[14.40597,49.994222],[14.40604,49.994292],[14.406086,49.994341],[14.405626,49.994382],[14.405473,49.994505],[14.405407,49.994553],[14.405266,49.994749],[14.405299,49.995188],[14.405879,49.995439],[14.405856,49.995746],[14.405844,49.995799],[14.405849,49.995909],[14.4059,49.996131],[14.405969,49.9964],[14.403919,49.996372],[14.402067,49.996344],[14.402064,49.996344],[14.402064,49.996344],[14.402182,49.996604],[14.402598,49.997666],[14.402769,49.998482],[14.402763,49.998483],[14.402763,49.998483],[14.402764,49.998484],[14.403012,49.998443],[14.404362,49.998055],[14.4045,49.998067],[14.407143,49.998156],[14.410167,49.998171],[14.410181,49.998172],[14.410197,49.998228],[14.410224,49.99823],[14.409806,49.998221],[14.409864,49.999393],[14.408972,49.999455],[14.408974,49.999585],[14.410469,49.999699],[14.410424,49.999881],[14.41076,49.999934],[14.410739,50.000037],[14.41119,50.000104],[14.411409,50.000133],[14.411407,50.000142],[14.41137,50.000247],[14.411712,50.000296],[14.412228,50.000387],[14.412455,50.000443],[14.413094,50.000618],[14.413412,50.000247],[14.41378,50.00037],[14.41341,50.000719],[14.412601,50.001473],[14.412564,50.001579],[14.412878,50.001625],[14.413001,50.001645],[14.412926,50.001865],[14.412981,50.00187],[14.413054,50.001922],[14.413355,50.001966],[14.413503,50.001535],[14.413161,50.001486],[14.412824,50.001484],[14.412788,50.001453],[14.41278,50.001425],[14.412794,50.001426],[14.41334,50.000912],[14.413342,50.000903],[14.413993,50.000298],[14.414248,50.000421],[14.414334,50.000347],[14.414385,50.000306],[14.414672,50.000413],[14.414881,50.00016],[14.415036,50.000228],[14.415079,50.000023],[14.415166,49.999949],[14.415254,49.999866],[14.415826,50.000089],[14.416055,49.999873],[14.416103,49.999778],[14.416105,49.999769],[14.41682,49.999388]]]}},{"type":"Feature","properties":{"cislo":12008,"kod":26537,"mestskaCast":"praha-12"},"geometry":{"type":"Polygon","coordinates":[[[14.424854,50.000472],[14.424773,50.000456],[14.424792,50.000431],[14.424698,50.000413],[14.424565,50.000311],[14.424331,50.000018],[14.424306,50.000006],[14.423639,49.999829],[14.423622,49.999846],[14.423369,49.999778],[14.422969,49.99967],[14.42289,49.999645],[14.422586,49.999554],[14.422481,49.999581],[14.422422,49.999594],[14.422249,49.999615],[14.421826,49.999487],[14.421352,49.999399],[14.420565,49.999257],[14.41967,49.999096],[14.419579,49.999061],[14.420072,49.998469],[14.420345,49.998112],[14.420015,49.99801],[14.419234,49.997778],[14.419101,49.997739],[14.418993,49.99772],[14.418979,49.997719],[14.418829,49.997696],[14.418691,49.997684],[14.418564,49.997682],[14.418235,49.997707],[14.417857,49.997764],[14.417692,49.997813],[14.417509,49.997879],[14.417257,49.998002],[14.417243,49.998],[14.417192,49.998041],[14.417045,49.998137],[14.416853,49.998311],[14.416851,49.998319],[14.416633,49.998618],[14.416602,49.999023],[14.41682,49.999388],[14.416932,49.999525],[14.416946,49.999526],[14.417039,49.999616],[14.417247,49.999761],[14.417622,49.999985],[14.417896,50.000155],[14.418003,50.000246],[14.418015,50.000256],[14.41812,50.000356],[14.418134,50.000357],[14.418277,50.000543],[14.418349,50.000667],[14.418384,50.00077],[14.418414,50.000891],[14.418417,50.001009],[14.418389,50.001142],[14.418315,50.001354],[14.41811,50.001789],[14.418034,50.001946],[14.418133,50.001946],[14.418298,50.00196],[14.418474,50.001994],[14.418812,50.001997],[14.419338,50.001971],[14.420143,50.001961],[14.420875,50.002026],[14.421144,50.002022],[14.421484,50.001943],[14.421532,50.00192],[14.421601,50.00199],[14.421647,50.00204],[14.421961,50.002086],[14.422039,50.001984],[14.42174,50.001803],[14.421944,50.001639],[14.422277,50.00166],[14.42239,50.001661],[14.422631,50.001519],[14.422786,50.001451],[14.422951,50.001602],[14.423305,50.001597],[14.423401,50.001605],[14.423538,50.00149],[14.423515,50.00147],[14.423407,50.001379],[14.423692,50.001168],[14.423842,50.001254],[14.424163,50.001201],[14.42444,50.000962],[14.424471,50.000947],[14.424661,50.000782],[14.424829,50.000525],[14.424833,50.000507],[14.424852,50.000481],[14.424854,50.000472]]]}},{"type":"Feature","properties":{"cislo":12009,"kod":26539,"mestskaCast":"praha-12"},"geometry":{"type":"Polygon","coordinates":[[[14.427103,50.000953],[14.427165,50.000795],[14.427233,50.000674],[14.427424,50.0007],[14.427586,50.000733],[14.427627,50.000609],[14.427757,50.00033],[14.427877,50.000033],[14.428218,50.000017],[14.428517,49.999999],[14.428859,49.999847],[14.429066,49.999739],[14.429305,49.999606],[14.429393,49.999523],[14.42955,49.999319],[14.429563,49.99932],[14.429628,49.999217],[14.42966,49.999129],[14.429701,49.999005],[14.429722,49.998907],[14.429727,49.998817],[14.429728,49.998681],[14.429679,49.99845],[14.429532,49.998146],[14.429418,49.997891],[14.429333,49.997629],[14.429142,49.997204],[14.429085,49.997008],[14.42851,49.996603],[14.428192,49.996176],[14.428135,49.99618],[14.427629,49.995518],[14.427172,49.994824],[14.42707,49.994906],[14.426861,49.99496],[14.426859,49.994969],[14.426086,49.994964],[14.425934,49.995014],[14.425538,49.995024],[14.425306,49.995121],[14.4252,49.995221],[14.424903,49.995294],[14.424501,49.995395],[14.424362,49.995455],[14.424153,49.995446],[14.423194,49.995252],[14.423142,49.995302],[14.42314,49.99531],[14.423045,49.995357],[14.422781,49.995342],[14.422661,49.995377],[14.422617,49.995518],[14.422603,49.995517],[14.42253,49.995529],[14.422275,49.99547],[14.422009,49.995464],[14.421993,49.995472],[14.421991,49.995481],[14.421438,49.995432],[14.420899,49.99552],[14.419504,49.99526],[14.419177,49.995277],[14.419015,49.995244],[14.418564,49.997682],[14.418691,49.997684],[14.418829,49.997696],[14.418979,49.997719],[14.418993,49.99772],[14.419101,49.997739],[14.419234,49.997778],[14.420015,49.99801],[14.420345,49.998112],[14.420072,49.998469],[14.419579,49.999061],[14.41967,49.999096],[14.420565,49.999257],[14.421352,49.999399],[14.421826,49.999487],[14.422249,49.999615],[14.422422,49.999594],[14.422481,49.999581],[14.422586,49.999554],[14.42289,49.999645],[14.422969,49.99967],[14.423369,49.999778],[14.423622,49.999846],[14.423639,49.999829],[14.424306,50.000006],[14.424331,50.000018],[14.424565,50.000311],[14.424698,50.000413],[14.424792,50.000431],[14.424773,50.000456],[14.424854,50.000472],[14.425392,50.000593],[14.425552,50.000634],[14.42605,50.000742],[14.426172,50.000762],[14.426737,50.000884],[14.426751,50.000886],[14.426858,50.000913],[14.426927,50.000919],[14.426941,50.000921],[14.427105,50.000944],[14.427103,50.000953]]]}},{"type":"Feature","properties":{"cislo":12010,"kod":26541,"mestskaCast":"praha-12"},"geometry":{"type":"Polygon","coordinates":[[[14.43567,50.005216],[14.435878,50.005234],[14.436208,50.005272],[14.436373,50.005287],[14.436686,50.005342],[14.437405,50.005533],[14.437982,50.005665],[14.43853,50.005805],[14.439495,50.006035],[14.440446,50.006265],[14.440794,50.00635],[14.441583,50.006547],[14.441531,50.006724],[14.44152,50.006777],[14.441516,50.006795],[14.442212,50.006829],[14.444048,50.006874],[14.444831,50.006898],[14.445259,50.006872],[14.445839,50.006796],[14.449241,50.006288],[14.449241,50.006288],[14.449241,50.006289],[14.44904,50.006308],[14.44884,50.006331],[14.448585,50.006361],[14.448552,50.006365],[14.448428,50.006381],[14.448109,50.006426],[14.447983,50.006442],[14.44773,50.006485],[14.447522,50.006517],[14.447513,50.00652],[14.447377,50.006545],[14.447157,50.006583],[14.446953,50.006616],[14.446865,50.006634],[14.44686,50.006622],[14.447119,50.006573],[14.447475,50.006518],[14.447593,50.0065],[14.447799,50.006469],[14.448193,50.006403],[14.448227,50.006398],[14.448705,50.006309],[14.448814,50.006296],[14.448851,50.006293],[14.44887,50.00629],[14.44908,50.006256],[14.449454,50.006189],[14.449725,50.00614],[14.449709,50.006026],[14.449633,50.005514],[14.449603,50.005289],[14.449588,50.005189],[14.449564,50.005033],[14.449541,50.004877],[14.449496,50.004572],[14.4495,50.004533],[14.449507,50.004457],[14.449517,50.004454],[14.449728,50.004405],[14.449804,50.004398],[14.449968,50.004025],[14.449753,50.003764],[14.449693,50.00369],[14.449667,50.003659],[14.449273,50.003639],[14.449035,50.003566],[14.448919,50.003329],[14.448864,50.003177],[14.448751,50.00287],[14.44884,50.002642],[14.44884,50.002642],[14.448836,50.002642],[14.448733,50.002596],[14.448693,50.002584],[14.448612,50.002567],[14.448412,50.002514],[14.448199,50.002458],[14.448213,50.002323],[14.448185,50.002257],[14.448163,50.002228],[14.448131,50.00218],[14.448111,50.002142],[14.448084,50.00214],[14.447766,50.002111],[14.44784,50.002227],[14.447852,50.002237],[14.447813,50.002288],[14.447811,50.002297],[14.447807,50.002315],[14.447787,50.00234],[14.447725,50.002371],[14.447709,50.002379],[14.447466,50.002394],[14.447409,50.002398],[14.447385,50.002377],[14.447324,50.002336],[14.447298,50.002324],[14.44706,50.002185],[14.447045,50.001993],[14.447,50.001871],[14.446587,50.001826],[14.44656,50.001823],[14.446562,50.001814],[14.44655,50.001804],[14.446542,50.001776],[14.446343,50.00165],[14.446189,50.001582],[14.445945,50.001469],[14.445921,50.001386],[14.445885,50.001292],[14.445849,50.001261],[14.445745,50.001152],[14.445689,50.001084],[14.445644,50.001034],[14.445522,50.000878],[14.445446,50.000772],[14.44539,50.000703],[14.445336,50.000626],[14.445279,50.000566],[14.445146,50.000464],[14.444961,50.000339],[14.444912,50.000307],[14.4449,50.000297],[14.444729,50.000173],[14.444425,49.999946],[14.444217,49.999864],[14.444084,49.999762],[14.444001,49.999691],[14.443625,49.999603],[14.443526,49.99934],[14.443512,49.999212],[14.443497,49.999147],[14.443326,49.99896],[14.443253,49.998772],[14.443157,49.998563],[14.443246,49.998408],[14.442798,49.998132],[14.44257,49.997749],[14.442417,49.997609],[14.441959,49.997314],[14.441953,49.997277],[14.441331,49.997022],[14.441218,49.996958],[14.440947,49.996843],[14.440689,49.99673],[14.440452,49.996654],[14.440261,49.996492],[14.439879,49.996304],[14.439721,49.996254],[14.439485,49.995906],[14.439356,49.995786],[14.439152,49.995686],[14.439083,49.99568],[14.439065,49.995696],[14.439036,49.995703],[14.438896,49.995763],[14.438796,49.995836],[14.439028,49.995938],[14.439052,49.995958],[14.438905,49.996118],[14.438628,49.996429],[14.438569,49.996505],[14.438514,49.996564],[14.438383,49.996716],[14.438241,49.996858],[14.438057,49.997059],[14.437822,49.997302],[14.437771,49.997342],[14.43761,49.997437],[14.437325,49.997257],[14.437025,49.997077],[14.43674,49.996897],[14.436369,49.996655],[14.436371,49.996647],[14.436345,49.996635],[14.436333,49.996625],[14.436307,49.996614],[14.436284,49.996593],[14.43564,49.99611],[14.435317,49.995845],[14.435293,49.995825],[14.435233,49.995774],[14.43508,49.995634],[14.434925,49.995502],[14.434244,49.994933],[14.434063,49.99479],[14.433992,49.99473],[14.433968,49.994709],[14.434538,49.994478],[14.434587,49.994447],[14.434603,49.994439],[14.434634,49.994423],[14.434636,49.994415],[14.434764,49.994344],[14.435549,49.993896],[14.435981,49.993653],[14.435999,49.993637],[14.436002,49.993619],[14.435988,49.993554],[14.43598,49.993526],[14.43597,49.993507],[14.435895,49.993464],[14.435706,49.993357],[14.435556,49.993271],[14.435278,49.993119],[14.434979,49.992938],[14.434779,49.992821],[14.434715,49.992788],[14.434501,49.992669],[14.433889,49.992306],[14.433809,49.992154],[14.433528,49.99202],[14.433261,49.991951],[14.43282,49.991839],[14.432643,49.991878],[14.432436,49.991923],[14.43242,49.991931],[14.432353,49.991916],[14.432326,49.991914],[14.432298,49.991911],[14.432175,49.991891],[14.432134,49.991888],[14.43212,49.991886],[14.432093,49.991884],[14.431775,49.991856],[14.431692,49.991848],[14.431674,49.991801],[14.431662,49.991791],[14.431652,49.991772],[14.431614,49.991687],[14.431532,49.991607],[14.43152,49.991597],[14.431508,49.991587],[14.431363,49.991411],[14.431293,49.991341],[14.431269,49.991321],[14.431257,49.991311],[14.431224,49.991271],[14.431192,49.991287],[14.43119,49.991296],[14.431176,49.991294],[14.431175,49.991303],[14.430909,49.991425],[14.430876,49.991449],[14.430841,49.991483],[14.430825,49.99149],[14.430807,49.991507],[14.430805,49.991516],[14.430772,49.99154],[14.430733,49.991591],[14.430494,49.991788],[14.430461,49.991812],[14.430445,49.99182],[14.430394,49.99186],[14.43029,49.991951],[14.430275,49.992022],[14.430245,49.992228],[14.430361,49.992411],[14.43031,49.992452],[14.430193,49.992541],[14.430159,49.992566],[14.430116,49.992571],[14.430088,49.992568],[14.430073,49.992576],[14.429799,49.992606],[14.429672,49.992604],[14.429631,49.992601],[14.429335,49.992602],[14.429231,49.992629],[14.429217,49.992627],[14.429054,49.992667],[14.428979,49.992688],[14.428949,49.992694],[14.428933,49.992702],[14.428874,49.992715],[14.42879,49.99298],[14.428606,49.993181],[14.428582,49.993361],[14.428356,49.993495],[14.428279,49.993661],[14.428252,49.993849],[14.428266,49.99405],[14.428357,49.994085],[14.42835,49.994248],[14.428113,49.994435],[14.427918,49.994491],[14.427359,49.994541],[14.427186,49.994626],[14.427149,49.994668],[14.427172,49.994824],[14.427629,49.995518],[14.428135,49.99618],[14.428192,49.996176],[14.42851,49.996603],[14.429085,49.997008],[14.429142,49.997204],[14.429333,49.997629],[14.429418,49.997891],[14.429532,49.998146],[14.429679,49.99845],[14.429728,49.998681],[14.429727,49.998817],[14.429722,49.998907],[14.429701,49.999005],[14.42966,49.999129],[14.429628,49.999217],[14.429563,49.99932],[14.42955,49.999319],[14.429393,49.999523],[14.429305,49.999606],[14.429066,49.999739],[14.428859,49.999847],[14.428517,49.999999],[14.428218,50.000017],[14.427877,50.000033],[14.427757,50.00033],[14.427627,50.000609],[14.427586,50.000733],[14.427424,50.0007],[14.427233,50.000674],[14.427165,50.000795],[14.427103,50.000953],[14.427425,50.001027],[14.427953,50.001128],[14.428255,50.001164],[14.428652,50.001218],[14.428692,50.00103],[14.428724,50.000943],[14.428954,50.00099],[14.4292,50.001021],[14.429376,50.001055],[14.429369,50.001154],[14.429295,50.001501],[14.431096,50.001642],[14.43087,50.002104],[14.43121,50.002098],[14.431381,50.002086],[14.431702,50.002032],[14.432023,50.001979],[14.432418,50.001914],[14.432827,50.001842],[14.433015,50.001822],[14.43322,50.001849],[14.433244,50.00187],[14.433336,50.002096],[14.434334,50.002238],[14.435576,50.004999],[14.43567,50.005216]]]}},{"type":"Feature","properties":{"cislo":12011,"kod":26543,"mestskaCast":"praha-12"},"geometry":{"type":"Polygon","coordinates":[[[14.428413,50.004908],[14.428716,50.004944],[14.428988,50.004987],[14.429281,50.005067],[14.4298,50.00514],[14.430019,50.005169],[14.430539,50.005242],[14.430807,50.005239],[14.431287,50.005299],[14.431279,50.005798],[14.431811,50.005618],[14.432793,50.005369],[14.433721,50.005243],[14.433881,50.005221],[14.434165,50.005209],[14.434593,50.005184],[14.434705,50.005185],[14.434847,50.005179],[14.434932,50.005177],[14.435238,50.005196],[14.435601,50.00521],[14.43567,50.005216],[14.435576,50.004999],[14.434334,50.002238],[14.433336,50.002096],[14.433244,50.00187],[14.43322,50.001849],[14.433015,50.001822],[14.432827,50.001842],[14.432418,50.001914],[14.432023,50.001979],[14.431702,50.002032],[14.431381,50.002086],[14.43121,50.002098],[14.43087,50.002104],[14.430606,50.00209],[14.430085,50.002025],[14.429875,50.002016],[14.429588,50.002045],[14.429383,50.002081],[14.429369,50.00208],[14.429166,50.002107],[14.429109,50.002111],[14.428965,50.002126],[14.428488,50.002183],[14.428304,50.002185],[14.427946,50.002217],[14.427733,50.002225],[14.427722,50.002342],[14.427672,50.00251],[14.427627,50.002588],[14.427606,50.002622],[14.427555,50.002663],[14.427508,50.002686],[14.42752,50.00276],[14.427534,50.002825],[14.427564,50.002882],[14.428413,50.004908]]]}},{"type":"Feature","properties":{"cislo":12012,"kod":26545,"mestskaCast":"praha-12"},"geometry":{"type":"Polygon","coordinates":[[[14.42693,50.00671],[14.426976,50.006433],[14.427113,50.005855],[14.427499,50.005762],[14.427649,50.005721],[14.427824,50.005755],[14.427929,50.005465],[14.427905,50.005444],[14.428149,50.005357],[14.428171,50.00525],[14.42839,50.004952],[14.428413,50.004908],[14.427564,50.002882],[14.427534,50.002825],[14.42752,50.00276],[14.427508,50.002686],[14.427555,50.002663],[14.427606,50.002622],[14.427627,50.002588],[14.427672,50.00251],[14.427722,50.002342],[14.427733,50.002225],[14.427946,50.002217],[14.428304,50.002185],[14.428488,50.002183],[14.428965,50.002126],[14.429109,50.002111],[14.429166,50.002107],[14.429369,50.00208],[14.429383,50.002081],[14.429588,50.002045],[14.429875,50.002016],[14.430085,50.002025],[14.430606,50.00209],[14.43087,50.002104],[14.431096,50.001642],[14.429295,50.001501],[14.429369,50.001154],[14.429376,50.001055],[14.4292,50.001021],[14.428954,50.00099],[14.428724,50.000943],[14.428692,50.00103],[14.428652,50.001218],[14.428255,50.001164],[14.427953,50.001128],[14.427425,50.001027],[14.427103,50.000953],[14.427105,50.000944],[14.426941,50.000921],[14.426927,50.000919],[14.426858,50.000913],[14.426751,50.000886],[14.426737,50.000884],[14.426172,50.000762],[14.42605,50.000742],[14.425552,50.000634],[14.425392,50.000593],[14.424854,50.000472],[14.424852,50.000481],[14.424833,50.000507],[14.424829,50.000525],[14.424661,50.000782],[14.424471,50.000947],[14.42444,50.000962],[14.424163,50.001201],[14.423842,50.001254],[14.423692,50.001168],[14.423407,50.001379],[14.423515,50.00147],[14.423538,50.00149],[14.423401,50.001605],[14.423305,50.001597],[14.422951,50.001602],[14.422786,50.001451],[14.422631,50.001519],[14.42239,50.001661],[14.422277,50.00166],[14.421944,50.001639],[14.42174,50.001803],[14.422039,50.001984],[14.421961,50.002086],[14.421647,50.00204],[14.421601,50.00199],[14.421532,50.00192],[14.421484,50.001943],[14.421144,50.002022],[14.420875,50.002026],[14.420143,50.001961],[14.419338,50.001971],[14.418812,50.001997],[14.418474,50.001994],[14.418298,50.00196],[14.418133,50.001946],[14.418034,50.001946],[14.417976,50.002086],[14.417648,50.002765],[14.417533,50.002909],[14.417531,50.002918],[14.417401,50.003197],[14.417226,50.003354],[14.41716,50.003402],[14.416909,50.003652],[14.417268,50.00382],[14.417554,50.003927],[14.417697,50.003985],[14.418008,50.004113],[14.418669,50.00438],[14.419112,50.004547],[14.419296,50.004608],[14.419571,50.004705],[14.420176,50.004904],[14.420584,50.00504],[14.42073,50.00508],[14.42077,50.005093],[14.420902,50.005132],[14.421023,50.005161],[14.421278,50.00522],[14.423251,50.00574],[14.424099,50.005987],[14.424616,50.006142],[14.42474,50.006217],[14.424997,50.006267],[14.426253,50.006587],[14.426616,50.006664],[14.42693,50.00671]]]}},{"type":"Feature","properties":{"cislo":12013,"kod":26547,"mestskaCast":"praha-12"},"geometry":{"type":"Polygon","coordinates":[[[14.400981,49.993864],[14.401469,49.995036],[14.402064,49.996344],[14.402064,49.996344],[14.402067,49.996344],[14.403919,49.996372],[14.405969,49.9964],[14.4059,49.996131],[14.405849,49.995909],[14.405844,49.995799],[14.405856,49.995746],[14.405879,49.995439],[14.405299,49.995188],[14.405266,49.994749],[14.405407,49.994553],[14.405473,49.994505],[14.405626,49.994382],[14.406086,49.994341],[14.40604,49.994292],[14.40597,49.994222],[14.405926,49.9941],[14.407294,49.993531],[14.408335,49.993319],[14.408644,49.993021],[14.408912,49.993037],[14.409417,49.99259],[14.409477,49.992396],[14.410278,49.992484],[14.410071,49.992717],[14.409495,49.993109],[14.406533,49.994378],[14.407047,49.994191],[14.407045,49.9942],[14.407756,49.994099],[14.40846,49.994035],[14.409087,49.994063],[14.410302,49.994307],[14.411283,49.994331],[14.411893,49.994376],[14.411976,49.994383],[14.411991,49.994376],[14.413083,49.994409],[14.413096,49.99441],[14.413297,49.994392],[14.413958,49.994332],[14.414127,49.994329],[14.414667,49.994441],[14.415125,49.994472],[14.415462,49.994539],[14.419015,49.995244],[14.419177,49.995277],[14.419504,49.99526],[14.420899,49.99552],[14.421438,49.995432],[14.421991,49.995481],[14.421993,49.995472],[14.422009,49.995464],[14.422275,49.99547],[14.42253,49.995529],[14.422603,49.995517],[14.422617,49.995518],[14.422661,49.995377],[14.422781,49.995342],[14.423045,49.995357],[14.42314,49.99531],[14.423142,49.995302],[14.423194,49.995252],[14.424153,49.995446],[14.424362,49.995455],[14.424501,49.995395],[14.424903,49.995294],[14.4252,49.995221],[14.425306,49.995121],[14.425538,49.995024],[14.425934,49.995014],[14.426086,49.994964],[14.426859,49.994969],[14.426861,49.99496],[14.42707,49.994906],[14.427172,49.994824],[14.427149,49.994668],[14.427186,49.994626],[14.427359,49.994541],[14.427918,49.994491],[14.428113,49.994435],[14.42835,49.994248],[14.428357,49.994085],[14.428266,49.99405],[14.428252,49.993849],[14.428279,49.993661],[14.428356,49.993495],[14.428582,49.993361],[14.428606,49.993181],[14.42879,49.99298],[14.428697,49.992953],[14.428683,49.992952],[14.428669,49.992951],[14.428657,49.992941],[14.428525,49.992902],[14.428154,49.992597],[14.427649,49.992389],[14.427507,49.992657],[14.426728,49.992216],[14.426395,49.991932],[14.426049,49.992101],[14.426033,49.992109],[14.425726,49.992227],[14.425713,49.992226],[14.425219,49.992364],[14.425205,49.992362],[14.425153,49.99234],[14.424269,49.992062],[14.423629,49.991896],[14.422649,49.991673],[14.421555,49.991521],[14.421417,49.991509],[14.421026,49.991429],[14.420961,49.991532],[14.42096,49.991541],[14.420609,49.991401],[14.420595,49.9914],[14.420055,49.991161],[14.419497,49.990876],[14.419487,49.990857],[14.419467,49.990819],[14.419601,49.990649],[14.419453,49.990554],[14.419487,49.990394],[14.418676,49.990104],[14.418152,49.989922],[14.418098,49.989908],[14.417638,49.989758],[14.417055,49.989588],[14.417814,49.989669],[14.417823,49.989638],[14.417784,49.989602],[14.417749,49.989581],[14.41763,49.989493],[14.417595,49.98947],[14.417569,49.989444],[14.417538,49.989424],[14.417523,49.989406],[14.417476,49.989376],[14.417448,49.989353],[14.417307,49.989263],[14.417295,49.989247],[14.417286,49.989228],[14.4171,49.989048],[14.417102,49.989039],[14.416989,49.988974],[14.41669,49.98912],[14.416629,49.989142],[14.416472,49.989219],[14.41594,49.989271],[14.415839,49.989281],[14.415875,49.989375],[14.415842,49.989399],[14.415698,49.989413],[14.415596,49.989431],[14.41556,49.989401],[14.415562,49.989392],[14.415536,49.989381],[14.415507,49.989387],[14.4152,49.989505],[14.415186,49.989504],[14.415172,49.989503],[14.414989,49.989568],[14.414884,49.989468],[14.414818,49.989381],[14.414525,49.9895],[14.414534,49.989392],[14.414538,49.98931],[14.414067,49.989205],[14.41404,49.989203],[14.413797,49.989217],[14.413501,49.989155],[14.41343,49.988894],[14.413302,49.988901],[14.413296,49.988864],[14.413014,49.988866],[14.412921,49.98884],[14.41264,49.988706],[14.411541,49.988708],[14.411444,49.9887],[14.410697,49.988706],[14.410456,49.988712],[14.410443,49.988711],[14.410429,49.988789],[14.410402,49.989277],[14.412148,49.989128],[14.412431,49.989605],[14.411112,49.989924],[14.410282,49.989996],[14.409875,49.989993],[14.409711,49.989299],[14.409213,49.989327],[14.408241,49.987943],[14.40851,49.98794],[14.40839,49.987775],[14.408684,49.98752],[14.408462,49.987437],[14.408435,49.987434],[14.408437,49.987425],[14.40807,49.987229],[14.408056,49.987228],[14.408011,49.987242],[14.407814,49.987306],[14.407418,49.986727],[14.406933,49.98603],[14.406891,49.985963],[14.406879,49.985953],[14.406538,49.985441],[14.406286,49.985038],[14.406288,49.985029],[14.40607,49.984601],[14.405166,49.982705],[14.404862,49.982088],[14.404864,49.982079],[14.404629,49.981332],[14.404639,49.981288],[14.404641,49.981279],[14.404607,49.98124],[14.404585,49.98121],[14.404523,49.981105],[14.404331,49.980553],[14.404307,49.980206],[14.404285,49.980176],[14.404237,49.980136],[14.404239,49.980127],[14.404109,49.979353],[14.403957,49.97855],[14.403887,49.978153],[14.40364,49.977069],[14.403628,49.977059],[14.403468,49.976755],[14.403471,49.976751],[14.403471,49.976751],[14.403469,49.97675],[14.403428,49.976745],[14.403351,49.976735],[14.403167,49.976712],[14.403043,49.976697],[14.402757,49.976539],[14.40248,49.976426],[14.40192,49.976233],[14.401601,49.976146],[14.4006,49.976237],[14.399646,49.976199],[14.399522,49.976194],[14.399511,49.976015],[14.399497,49.975792],[14.399492,49.975738],[14.399487,49.975686],[14.399485,49.975501],[14.399538,49.975333],[14.399384,49.97532],[14.399315,49.975317],[14.399191,49.97531],[14.398248,49.975259],[14.39823,49.975253],[14.398203,49.975245],[14.397221,49.974931],[14.397329,49.975826],[14.397377,49.976726],[14.397404,49.977628],[14.397361,49.978526],[14.397308,49.979426],[14.39732,49.980325],[14.397411,49.981223],[14.397591,49.982116],[14.397889,49.982994],[14.398313,49.983849],[14.39851,49.984216],[14.398589,49.984363],[14.3986,49.984382],[14.398603,49.984387],[14.398666,49.984506],[14.398771,49.984701],[14.399218,49.985553],[14.39922,49.985557],[14.399578,49.986421],[14.399825,49.987307],[14.399909,49.988202],[14.399891,49.989103],[14.399869,49.990002],[14.400393,49.990255],[14.400416,49.991502],[14.400474,49.991843],[14.400623,49.992751],[14.400981,49.993864]]]}},{"type":"Feature","properties":{"cislo":12014,"kod":26549,"mestskaCast":"praha-12"},"geometry":{"type":"Polygon","coordinates":[[[14.403471,49.976751],[14.403471,49.976751],[14.403468,49.976755],[14.403628,49.977059],[14.40364,49.977069],[14.403887,49.978153],[14.403957,49.97855],[14.404109,49.979353],[14.404239,49.980127],[14.404237,49.980136],[14.404285,49.980176],[14.404307,49.980206],[14.404331,49.980553],[14.404523,49.981105],[14.404585,49.98121],[14.404607,49.98124],[14.404641,49.981279],[14.404639,49.981288],[14.404629,49.981332],[14.404864,49.982079],[14.404862,49.982088],[14.405166,49.982705],[14.40607,49.984601],[14.406288,49.985029],[14.406286,49.985038],[14.406538,49.985441],[14.406879,49.985953],[14.406891,49.985963],[14.406933,49.98603],[14.407418,49.986727],[14.407814,49.987306],[14.408011,49.987242],[14.408056,49.987228],[14.40807,49.987229],[14.408437,49.987425],[14.408435,49.987434],[14.408462,49.987437],[14.408684,49.98752],[14.40839,49.987775],[14.40851,49.98794],[14.408241,49.987943],[14.409213,49.989327],[14.409711,49.989299],[14.409875,49.989993],[14.410282,49.989996],[14.411112,49.989924],[14.412431,49.989605],[14.412148,49.989128],[14.410402,49.989277],[14.410429,49.988789],[14.410443,49.988711],[14.410456,49.988712],[14.410697,49.988706],[14.411444,49.9887],[14.411541,49.988708],[14.41264,49.988706],[14.412921,49.98884],[14.413014,49.988866],[14.413296,49.988864],[14.413302,49.988901],[14.41343,49.988894],[14.413501,49.989155],[14.413797,49.989217],[14.41404,49.989203],[14.414067,49.989205],[14.414538,49.98931],[14.414534,49.989392],[14.414525,49.9895],[14.414818,49.989381],[14.414884,49.989468],[14.414989,49.989568],[14.415172,49.989503],[14.415186,49.989504],[14.4152,49.989505],[14.415507,49.989387],[14.415536,49.989381],[14.415562,49.989392],[14.41556,49.989401],[14.415596,49.989431],[14.415698,49.989413],[14.415842,49.989399],[14.415875,49.989375],[14.415839,49.989281],[14.41594,49.989271],[14.416472,49.989219],[14.416629,49.989142],[14.41669,49.98912],[14.416989,49.988974],[14.41685,49.988898],[14.416725,49.988824],[14.416713,49.988814],[14.416497,49.988704],[14.416369,49.988647],[14.416226,49.988589],[14.415955,49.988474],[14.415852,49.988429],[14.415826,49.988417],[14.415761,49.988393],[14.415763,49.988384],[14.415825,49.988226],[14.415622,49.988054],[14.415624,49.988045],[14.415403,49.987699],[14.415405,49.98769],[14.415517,49.987491],[14.415345,49.98744],[14.415483,49.987125],[14.415603,49.986891],[14.415798,49.986772],[14.415882,49.986707],[14.416035,49.986584],[14.416051,49.986577],[14.416846,49.986148],[14.416848,49.986139],[14.416911,49.985845],[14.4171,49.985816],[14.417102,49.985808],[14.417056,49.985558],[14.417054,49.985504],[14.417013,49.9853],[14.417264,49.985114],[14.417281,49.985097],[14.417912,49.984781],[14.417928,49.984774],[14.418081,49.984651],[14.418082,49.984642],[14.418096,49.984643],[14.418188,49.984543],[14.418237,49.984511],[14.418271,49.984486],[14.418286,49.984479],[14.418298,49.984425],[14.418301,49.984407],[14.418325,49.984164],[14.418329,49.984147],[14.418218,49.983874],[14.41751,49.983629],[14.417499,49.983619],[14.41705,49.98328],[14.417042,49.983252],[14.416912,49.983068],[14.41707,49.982855],[14.417072,49.982846],[14.416932,49.982779],[14.41687,49.982737],[14.416807,49.982705],[14.417206,49.982486],[14.417414,49.982368],[14.417445,49.982353],[14.418117,49.98204],[14.418103,49.982039],[14.417521,49.981733],[14.417509,49.981723],[14.416949,49.981447],[14.415766,49.980788],[14.415438,49.980614],[14.414721,49.980214],[14.414321,49.979979],[14.413597,49.979542],[14.414051,49.979329],[14.414489,49.979122],[14.414538,49.979091],[14.414686,49.978995],[14.414837,49.978881],[14.415091,49.978677],[14.41533,49.978417],[14.415476,49.978194],[14.415407,49.978187],[14.414209,49.978063],[14.41257,49.977563],[14.412559,49.977553],[14.411944,49.977136],[14.411883,49.977094],[14.41125,49.976693],[14.411239,49.976683],[14.410914,49.976554],[14.4109,49.976553],[14.410383,49.976407],[14.410039,49.976304],[14.409537,49.97615],[14.409523,49.976149],[14.409295,49.976029],[14.409283,49.976019],[14.40922,49.975986],[14.409208,49.975976],[14.409,49.97583],[14.408776,49.975692],[14.408778,49.975684],[14.408465,49.975565],[14.408126,49.975508],[14.408112,49.975506],[14.407789,49.975505],[14.40773,49.975518],[14.40723,49.975619],[14.407232,49.97561],[14.407233,49.975601],[14.407286,49.975551],[14.407288,49.975542],[14.407287,49.975539],[14.407015,49.975597],[14.4068,49.975689],[14.406681,49.975833],[14.406571,49.97612],[14.406557,49.976208],[14.406531,49.97629],[14.406573,49.976402],[14.406612,49.976475],[14.406693,49.976549],[14.406848,49.976714],[14.406878,49.976806],[14.406835,49.97687],[14.406618,49.977083],[14.406605,49.977187],[14.406634,49.977252],[14.405837,49.977504],[14.405553,49.977332],[14.405446,49.977435],[14.404441,49.977081],[14.403471,49.976751]]]}},{"type":"Feature","properties":{"cislo":12015,"kod":26551,"mestskaCast":"praha-12"},"geometry":{"type":"Polygon","coordinates":[[[14.418117,49.98204],[14.418153,49.982071],[14.418231,49.982032],[14.418651,49.981779],[14.419055,49.98167],[14.419812,49.981419],[14.420196,49.981335],[14.420227,49.98132],[14.420304,49.981291],[14.42032,49.981283],[14.420365,49.981269],[14.420444,49.98123],[14.420504,49.981208],[14.420536,49.981193],[14.420899,49.981008],[14.421131,49.98091],[14.421194,49.980879],[14.421302,49.980835],[14.421455,49.980712],[14.421625,49.980573],[14.422276,49.980295],[14.422386,49.980241],[14.423977,49.979774],[14.424038,49.979752],[14.424099,49.97973],[14.424092,49.980093],[14.423886,49.980401],[14.423681,49.980637],[14.423517,49.98094],[14.423352,49.981252],[14.423255,49.981643],[14.423181,49.982054],[14.423128,49.982303],[14.42239,49.983454],[14.422322,49.983575],[14.421919,49.983748],[14.421124,49.983914],[14.420465,49.984227],[14.420271,49.984346],[14.420172,49.984483],[14.420076,49.984801],[14.420113,49.985485],[14.420097,49.985756],[14.420296,49.986209],[14.420558,49.986496],[14.420745,49.986675],[14.420918,49.986791],[14.420985,49.986806],[14.421054,49.986812],[14.42135,49.986874],[14.421603,49.986942],[14.422094,49.987149],[14.422165,49.987146],[14.422573,49.987083],[14.423232,49.986896],[14.423425,49.98685],[14.423701,49.986811],[14.424233,49.986758],[14.42674,49.986817],[14.426754,49.986818],[14.426711,49.986887],[14.426693,49.986904],[14.426652,49.986963],[14.426617,49.986997],[14.426598,49.987022],[14.426555,49.987091],[14.426551,49.987109],[14.426543,49.987144],[14.426497,49.987231],[14.426502,49.98734],[14.426501,49.987476],[14.426507,49.987577],[14.426527,49.987615],[14.42736,49.989322],[14.429522,49.989351],[14.429607,49.989213],[14.429756,49.988582],[14.429777,49.988221],[14.429864,49.988011],[14.430049,49.9878],[14.430512,49.987415],[14.430747,49.987236],[14.430847,49.987163],[14.430923,49.98707],[14.431019,49.986951],[14.431036,49.986935],[14.431055,49.986846],[14.431082,49.986721],[14.430964,49.986547],[14.43091,49.98647],[14.43089,49.986432],[14.430903,49.986369],[14.431022,49.986343],[14.431214,49.986297],[14.431394,49.986249],[14.431468,49.986229],[14.432012,49.986186],[14.432334,49.986197],[14.432474,49.9862],[14.432965,49.986207],[14.433121,49.986203],[14.433227,49.986167],[14.433292,49.986127],[14.433373,49.985944],[14.433379,49.985917],[14.433433,49.985858],[14.433486,49.985809],[14.433608,49.985701],[14.433666,49.985561],[14.433683,49.985545],[14.43376,49.985316],[14.433836,49.985159],[14.433897,49.984937],[14.433986,49.984655],[14.433999,49.984592],[14.434074,49.984372],[14.434149,49.984152],[14.434241,49.983852],[14.434267,49.983799],[14.434316,49.983631],[14.434345,49.983561],[14.434407,49.98334],[14.434517,49.983086],[14.434654,49.982772],[14.434673,49.982683],[14.43469,49.982603],[14.434704,49.98254],[14.43477,49.982229],[14.434697,49.981977],[14.434583,49.981722],[14.434559,49.981702],[14.434571,49.981512],[14.43458,49.981404],[14.434616,49.981171],[14.434651,49.981138],[14.435078,49.980849],[14.435394,49.980623],[14.435757,49.980374],[14.436086,49.980149],[14.436502,49.97985],[14.437706,49.979022],[14.438005,49.978803],[14.438466,49.97849],[14.438613,49.978394],[14.439318,49.977994],[14.439432,49.977922],[14.439461,49.977916],[14.439548,49.977905],[14.43965,49.977887],[14.440014,49.977502],[14.440236,49.977249],[14.440471,49.977007],[14.440667,49.976815],[14.440915,49.976574],[14.441205,49.976337],[14.441368,49.976233],[14.441534,49.976112],[14.441754,49.976004],[14.442021,49.975873],[14.442168,49.975778],[14.442396,49.975634],[14.442743,49.975393],[14.44308,49.975132],[14.443219,49.975008],[14.443446,49.974802],[14.443706,49.97457],[14.444014,49.97438],[14.444363,49.974129],[14.444429,49.974081],[14.444544,49.973937],[14.444603,49.973861],[14.444603,49.973861],[14.444595,49.973863],[14.44458,49.973838],[14.444559,49.973804],[14.444102,49.973044],[14.44279,49.970858],[14.442757,49.970825],[14.442672,49.97074],[14.442261,49.970331],[14.441266,49.969337],[14.44096,49.969196],[14.440759,49.969104],[14.440623,49.969041],[14.440427,49.968951],[14.440403,49.96894],[14.440212,49.968852],[14.440051,49.968778],[14.43952,49.968533],[14.439248,49.968408],[14.438972,49.968281],[14.438829,49.968215],[14.438816,49.968209],[14.438621,49.968119],[14.438605,49.968113],[14.438575,49.968102],[14.438519,49.968082],[14.438498,49.968074],[14.438467,49.968063],[14.438441,49.968064],[14.438294,49.968067],[14.438196,49.96807],[14.438078,49.968092],[14.437888,49.968127],[14.437727,49.968157],[14.437575,49.968186],[14.437548,49.968183],[14.437074,49.96813],[14.436616,49.968171],[14.436057,49.96804],[14.435946,49.968006],[14.435909,49.967994],[14.435737,49.967999],[14.435585,49.968004],[14.435472,49.967993],[14.435432,49.967975],[14.434884,49.967739],[14.434419,49.967737],[14.434371,49.967737],[14.434244,49.967712],[14.433818,49.967629],[14.433413,49.96755],[14.433359,49.967536],[14.43304,49.967455],[14.432935,49.967457],[14.43258,49.967465],[14.432575,49.967448],[14.432569,49.967426],[14.432189,49.967287],[14.431949,49.967272],[14.431667,49.967256],[14.431507,49.967193],[14.431175,49.967063],[14.43026,49.966844],[14.430235,49.966838],[14.430144,49.966782],[14.429744,49.966534],[14.429622,49.966427],[14.429251,49.966099],[14.429254,49.966056],[14.429269,49.965862],[14.42924,49.965844],[14.428991,49.96569],[14.428983,49.965686],[14.428938,49.965658],[14.428737,49.965534],[14.428708,49.965487],[14.428333,49.964888],[14.428323,49.964882],[14.428278,49.964851],[14.427799,49.964536],[14.427745,49.964499],[14.426626,49.964346],[14.425459,49.964059],[14.424681,49.963938],[14.424267,49.963888],[14.423107,49.963833],[14.422104,49.963848],[14.421598,49.96384],[14.420308,49.963627],[14.419927,49.963582],[14.41942,49.963563],[14.418986,49.963583],[14.417263,49.963841],[14.416852,49.963905],[14.416503,49.96401],[14.415482,49.964521],[14.415204,49.964748],[14.414824,49.965203],[14.414792,49.965241],[14.414596,49.96539],[14.414576,49.965396],[14.414537,49.965408],[14.414481,49.965425],[14.414306,49.96548],[14.414291,49.965484],[14.414278,49.965489],[14.414119,49.965522],[14.41358,49.965575],[14.411586,49.965793],[14.411262,49.965875],[14.410991,49.965965],[14.410774,49.966083],[14.409642,49.966813],[14.409355,49.967087],[14.408925,49.967643],[14.408622,49.967836],[14.408227,49.967959],[14.40735,49.968107],[14.406776,49.968248],[14.4059,49.968551],[14.405086,49.968835],[14.404542,49.969003],[14.404314,49.96912],[14.403947,49.969381],[14.403385,49.9698],[14.403067,49.970062],[14.402476,49.970563],[14.402147,49.970877],[14.402256,49.971029],[14.402649,49.971575],[14.403013,49.972286],[14.402824,49.972449],[14.402756,49.972509],[14.402776,49.972517],[14.402972,49.972571],[14.403036,49.972611],[14.403115,49.972653],[14.405693,49.972139],[14.40583,49.973774],[14.405831,49.973788],[14.405877,49.974338],[14.40588,49.974366],[14.405898,49.974591],[14.405657,49.974887],[14.405454,49.975105],[14.405444,49.975132],[14.405533,49.975202],[14.405638,49.97524],[14.405659,49.975216],[14.405944,49.975266],[14.405989,49.975274],[14.407134,49.975476],[14.407291,49.975539],[14.407287,49.975539],[14.407288,49.975542],[14.407286,49.975551],[14.407233,49.975601],[14.407232,49.97561],[14.40723,49.975619],[14.40773,49.975518],[14.407789,49.975505],[14.408112,49.975506],[14.408126,49.975508],[14.408465,49.975565],[14.408778,49.975684],[14.408776,49.975692],[14.409,49.97583],[14.409208,49.975976],[14.40922,49.975986],[14.409283,49.976019],[14.409295,49.976029],[14.409523,49.976149],[14.409537,49.97615],[14.410039,49.976304],[14.410383,49.976407],[14.4109,49.976553],[14.410914,49.976554],[14.411239,49.976683],[14.41125,49.976693],[14.411883,49.977094],[14.411944,49.977136],[14.412559,49.977553],[14.41257,49.977563],[14.414209,49.978063],[14.415407,49.978187],[14.415476,49.978194],[14.41533,49.978417],[14.415091,49.978677],[14.414837,49.978881],[14.414686,49.978995],[14.414538,49.979091],[14.414489,49.979122],[14.414051,49.979329],[14.413597,49.979542],[14.414321,49.979979],[14.414721,49.980214],[14.415438,49.980614],[14.415766,49.980788],[14.416949,49.981447],[14.417509,49.981723],[14.417521,49.981733],[14.418103,49.982039],[14.418117,49.98204]]]}},{"type":"Feature","properties":{"cislo":12016,"kod":26553,"mestskaCast":"praha-12"},"geometry":{"type":"Polygon","coordinates":[[[14.453009,50.002552],[14.453012,50.002548],[14.453073,50.002457],[14.45309,50.002458],[14.453086,50.002375],[14.452991,50.002224],[14.45273,50.0021],[14.452366,50.001949],[14.452234,50.001884],[14.45182,50.001783],[14.451558,50.001648],[14.451322,50.001441],[14.451251,50.001357],[14.45137,50.001281],[14.451294,50.001013],[14.451284,50.000754],[14.451243,50.000538],[14.451432,50.000315],[14.451621,50.000196],[14.451911,50.000305],[14.452134,50.000247],[14.452393,50.000121],[14.452591,49.999931],[14.452613,49.999831],[14.452963,49.999616],[14.453391,49.999548],[14.453655,49.999533],[14.453814,49.999577],[14.454163,49.999491],[14.454371,49.999495],[14.454477,49.999399],[14.454934,49.999495],[14.455014,49.999512],[14.455121,49.999489],[14.455233,49.999465],[14.45561,49.999384],[14.455948,49.999326],[14.455949,49.999323],[14.455982,49.99925],[14.455986,49.999243],[14.455882,49.999177],[14.455454,49.999049],[14.455479,49.998983],[14.455498,49.998932],[14.455345,49.998946],[14.45532,49.998948],[14.455256,49.998954],[14.4552,49.998874],[14.455148,49.9988],[14.455156,49.998764],[14.455193,49.998584],[14.455342,49.99851],[14.455427,49.998468],[14.455659,49.998524],[14.455846,49.99851],[14.4559,49.998414],[14.455875,49.998388],[14.455769,49.99828],[14.45604,49.998249],[14.456165,49.998235],[14.456556,49.998196],[14.456787,49.998133],[14.457037,49.997985],[14.457063,49.99797],[14.457094,49.997952],[14.457328,49.997822],[14.457383,49.99779],[14.457437,49.997771],[14.457811,49.997633],[14.458001,49.997559],[14.458098,49.997521],[14.458253,49.99746],[14.458215,49.997436],[14.458187,49.997417],[14.457979,49.997283],[14.457964,49.997273],[14.457849,49.997229],[14.457522,49.997103],[14.457258,49.996975],[14.457348,49.996835],[14.45733,49.99675],[14.457194,49.996695],[14.457123,49.996506],[14.456837,49.996184],[14.457,49.995856],[14.456818,49.995681],[14.457045,49.995367],[14.457032,49.995148],[14.456598,49.994961],[14.456385,49.994964],[14.45618,49.994773],[14.455966,49.994648],[14.455905,49.994512],[14.455627,49.994402],[14.455385,49.994262],[14.454659,49.994049],[14.4545,49.993973],[14.454412,49.993851],[14.454178,49.993705],[14.454186,49.993672],[14.454196,49.993636],[14.45422,49.993545],[14.454748,49.993101],[14.454782,49.993073],[14.455292,49.992755],[14.456314,49.991941],[14.457114,49.991229],[14.457628,49.991382],[14.458168,49.99153],[14.458578,49.991617],[14.45901,49.991715],[14.45914,49.991735],[14.459412,49.991775],[14.459821,49.991849],[14.460221,49.99191],[14.460239,49.991879],[14.460253,49.991854],[14.460597,49.991209],[14.460456,49.991122],[14.460468,49.991104],[14.460493,49.991064],[14.460647,49.990822],[14.460681,49.990775],[14.460985,49.990344],[14.461202,49.990037],[14.461939,49.990264],[14.462783,49.990507],[14.462836,49.990523],[14.462999,49.990569],[14.463588,49.99078],[14.463721,49.990605],[14.463733,49.990585],[14.463832,49.990447],[14.463865,49.990402],[14.463947,49.990223],[14.463866,49.990211],[14.463385,49.990138],[14.463222,49.990113],[14.463002,49.99012],[14.462517,49.990135],[14.462837,49.989647],[14.462983,49.989429],[14.463129,49.989212],[14.463246,49.989038],[14.463358,49.988847],[14.46336,49.988844],[14.462995,49.988718],[14.462719,49.988606],[14.462747,49.988567],[14.462753,49.98856],[14.462905,49.988339],[14.463112,49.988203],[14.464018,49.988194],[14.464044,49.988194],[14.464078,49.988193],[14.464167,49.988193],[14.464572,49.988182],[14.464921,49.988173],[14.465227,49.988165],[14.465369,49.988161],[14.46562,49.98818],[14.465886,49.987901],[14.465954,49.987773],[14.466086,49.987528],[14.4662,49.987311],[14.466245,49.987194],[14.466371,49.986794],[14.46581,49.986761],[14.465494,49.986764],[14.464534,49.986811],[14.463759,49.986791],[14.463739,49.986791],[14.463781,49.986482],[14.463823,49.986203],[14.463824,49.986183],[14.463842,49.985875],[14.463916,49.985606],[14.463898,49.985607],[14.463399,49.985618],[14.463252,49.985619],[14.462851,49.985622],[14.462448,49.985621],[14.46187,49.985618],[14.46185,49.985618],[14.461768,49.985617],[14.461563,49.985454],[14.461562,49.985353],[14.461561,49.985267],[14.461631,49.985074],[14.462117,49.985078],[14.462417,49.985071],[14.46322,49.985052],[14.464167,49.98503],[14.4642,49.985029],[14.464816,49.98501],[14.465626,49.984973],[14.466052,49.98493],[14.466463,49.984911],[14.466817,49.984947],[14.466903,49.984956],[14.466945,49.984939],[14.466947,49.984938],[14.46702,49.984909],[14.467029,49.984906],[14.467035,49.984903],[14.467043,49.9849],[14.467046,49.984899],[14.467074,49.984888],[14.467041,49.984851],[14.466672,49.984439],[14.466631,49.984267],[14.466553,49.98399],[14.466473,49.983715],[14.46647,49.983703],[14.466468,49.983697],[14.466466,49.983688],[14.466461,49.983673],[14.466453,49.983652],[14.466394,49.983481],[14.466367,49.983405],[14.466364,49.983393],[14.466362,49.983386],[14.466355,49.983332],[14.466293,49.983122],[14.466214,49.982842],[14.466211,49.982832],[14.466158,49.982656],[14.466146,49.982616],[14.466125,49.982546],[14.466121,49.982533],[14.466118,49.982521],[14.46607,49.982317],[14.466053,49.982245],[14.466053,49.982233],[14.466048,49.982106],[14.466044,49.981977],[14.466045,49.981972],[14.466048,49.981954],[14.466049,49.981948],[14.466051,49.981938],[14.466054,49.981925],[14.466097,49.981704],[14.466216,49.981399],[14.466305,49.981036],[14.466244,49.980645],[14.466182,49.980374],[14.466125,49.980165],[14.466103,49.980084],[14.466049,49.979855],[14.466036,49.9798],[14.466021,49.979739],[14.466007,49.979681],[14.465995,49.97963],[14.465966,49.97951],[14.465957,49.979473],[14.46595,49.979448],[14.465946,49.979431],[14.46594,49.979406],[14.465922,49.979329],[14.46551,49.977622],[14.465461,49.977422],[14.465063,49.975772],[14.464982,49.97554],[14.464854,49.975176],[14.46461,49.974437],[14.464512,49.974141],[14.464375,49.973724],[14.464306,49.973494],[14.464194,49.973118],[14.464151,49.972901],[14.464123,49.972757],[14.46411,49.97269],[14.463999,49.972696],[14.463983,49.972697],[14.463979,49.972697],[14.463928,49.972699],[14.463658,49.972713],[14.46363,49.972714],[14.46358,49.972716],[14.463491,49.972722],[14.463227,49.972738],[14.463119,49.972436],[14.462521,49.97253],[14.462422,49.972249],[14.462727,49.972205],[14.462507,49.971554],[14.462413,49.971278],[14.462347,49.971081],[14.462241,49.970771],[14.46185,49.970827],[14.461349,49.9709],[14.461303,49.970907],[14.460669,49.971081],[14.460492,49.971143],[14.460122,49.971274],[14.460104,49.97128],[14.459805,49.971381],[14.459611,49.971446],[14.459559,49.971463],[14.459395,49.971519],[14.459081,49.971624],[14.457989,49.971822],[14.457316,49.971883],[14.456937,49.971888],[14.456057,49.971899],[14.455559,49.971891],[14.455489,49.971893],[14.455489,49.971883],[14.454492,49.971865],[14.454265,49.971872],[14.454219,49.971873],[14.454174,49.971874],[14.454031,49.971889],[14.453987,49.971893],[14.453766,49.971871],[14.453757,49.97187],[14.453659,49.97186],[14.453639,49.971858],[14.453622,49.971909],[14.453599,49.971983],[14.45356,49.971991],[14.453242,49.972063],[14.453136,49.972086],[14.452966,49.972144],[14.452773,49.972209],[14.452036,49.972511],[14.451095,49.97296],[14.45066,49.973153],[14.450286,49.973297],[14.449918,49.973426],[14.449647,49.973491],[14.449537,49.973518],[14.449504,49.973526],[14.449412,49.973548],[14.449086,49.973613],[14.448649,49.973701],[14.448505,49.97373],[14.447867,49.973804],[14.447553,49.973841],[14.44738,49.973825],[14.446944,49.973786],[14.446712,49.973766],[14.446521,49.973748],[14.445819,49.973682],[14.44563,49.973693],[14.445106,49.973724],[14.445022,49.973746],[14.444901,49.973779],[14.444803,49.973806],[14.444661,49.973845],[14.444603,49.973861],[14.444603,49.973861],[14.444544,49.973937],[14.444429,49.974081],[14.444363,49.974129],[14.444014,49.97438],[14.443706,49.97457],[14.443446,49.974802],[14.443219,49.975008],[14.44308,49.975132],[14.442743,49.975393],[14.442396,49.975634],[14.442168,49.975778],[14.442021,49.975873],[14.441754,49.976004],[14.441534,49.976112],[14.441368,49.976233],[14.441205,49.976337],[14.440915,49.976574],[14.440667,49.976815],[14.440471,49.977007],[14.440236,49.977249],[14.440014,49.977502],[14.43965,49.977887],[14.439548,49.977905],[14.439461,49.977916],[14.439432,49.977922],[14.439318,49.977994],[14.438613,49.978394],[14.438466,49.97849],[14.438005,49.978803],[14.437706,49.979022],[14.436502,49.97985],[14.436086,49.980149],[14.435757,49.980374],[14.435394,49.980623],[14.435078,49.980849],[14.434651,49.981138],[14.434616,49.981171],[14.43458,49.981404],[14.434571,49.981512],[14.434559,49.981702],[14.434583,49.981722],[14.434697,49.981977],[14.43477,49.982229],[14.434704,49.98254],[14.43469,49.982603],[14.434673,49.982683],[14.434654,49.982772],[14.434517,49.983086],[14.434407,49.98334],[14.434345,49.983561],[14.434316,49.983631],[14.434267,49.983799],[14.434241,49.983852],[14.434149,49.984152],[14.434074,49.984372],[14.433999,49.984592],[14.433986,49.984655],[14.433897,49.984937],[14.433836,49.985159],[14.43376,49.985316],[14.433683,49.985545],[14.433666,49.985561],[14.433608,49.985701],[14.433486,49.985809],[14.433433,49.985858],[14.433379,49.985917],[14.433373,49.985944],[14.433292,49.986127],[14.433227,49.986167],[14.433121,49.986203],[14.432965,49.986207],[14.432474,49.9862],[14.432334,49.986197],[14.432012,49.986186],[14.431468,49.986229],[14.431394,49.986249],[14.431214,49.986297],[14.431022,49.986343],[14.430903,49.986369],[14.43089,49.986432],[14.43091,49.98647],[14.430964,49.986547],[14.431082,49.986721],[14.431055,49.986846],[14.431036,49.986935],[14.431019,49.986951],[14.430923,49.98707],[14.430847,49.987163],[14.430747,49.987236],[14.430512,49.987415],[14.430049,49.9878],[14.429864,49.988011],[14.429777,49.988221],[14.429756,49.988582],[14.429607,49.989213],[14.429522,49.989351],[14.42736,49.989322],[14.426527,49.987615],[14.426507,49.987577],[14.426501,49.987476],[14.426502,49.98734],[14.426497,49.987231],[14.426543,49.987144],[14.426551,49.987109],[14.426555,49.987091],[14.426598,49.987022],[14.426617,49.986997],[14.426652,49.986963],[14.426693,49.986904],[14.426711,49.986887],[14.426754,49.986818],[14.42674,49.986817],[14.424233,49.986758],[14.423701,49.986811],[14.423425,49.98685],[14.423232,49.986896],[14.422573,49.987083],[14.422165,49.987146],[14.422094,49.987149],[14.421603,49.986942],[14.42135,49.986874],[14.421054,49.986812],[14.420985,49.986806],[14.420918,49.986791],[14.420745,49.986675],[14.420558,49.986496],[14.420296,49.986209],[14.420097,49.985756],[14.420113,49.985485],[14.420076,49.984801],[14.420172,49.984483],[14.420271,49.984346],[14.420465,49.984227],[14.421124,49.983914],[14.421919,49.983748],[14.422322,49.983575],[14.42239,49.983454],[14.423128,49.982303],[14.423181,49.982054],[14.423255,49.981643],[14.423352,49.981252],[14.423517,49.98094],[14.423681,49.980637],[14.423886,49.980401],[14.424092,49.980093],[14.424099,49.97973],[14.424038,49.979752],[14.423977,49.979774],[14.422386,49.980241],[14.422276,49.980295],[14.421625,49.980573],[14.421455,49.980712],[14.421302,49.980835],[14.421194,49.980879],[14.421131,49.98091],[14.420899,49.981008],[14.420536,49.981193],[14.420504,49.981208],[14.420444,49.98123],[14.420365,49.981269],[14.42032,49.981283],[14.420304,49.981291],[14.420227,49.98132],[14.420196,49.981335],[14.419812,49.981419],[14.419055,49.98167],[14.418651,49.981779],[14.418231,49.982032],[14.418153,49.982071],[14.418117,49.98204],[14.417445,49.982353],[14.417414,49.982368],[14.417206,49.982486],[14.416807,49.982705],[14.41687,49.982737],[14.416932,49.982779],[14.417072,49.982846],[14.41707,49.982855],[14.416912,49.983068],[14.417042,49.983252],[14.41705,49.98328],[14.417499,49.983619],[14.41751,49.983629],[14.418218,49.983874],[14.418329,49.984147],[14.418325,49.984164],[14.418301,49.984407],[14.418298,49.984425],[14.418286,49.984479],[14.418271,49.984486],[14.418237,49.984511],[14.418188,49.984543],[14.418096,49.984643],[14.418082,49.984642],[14.418081,49.984651],[14.417928,49.984774],[14.417912,49.984781],[14.417281,49.985097],[14.417264,49.985114],[14.417013,49.9853],[14.417054,49.985504],[14.417056,49.985558],[14.417102,49.985808],[14.4171,49.985816],[14.416911,49.985845],[14.416848,49.986139],[14.416846,49.986148],[14.416051,49.986577],[14.416035,49.986584],[14.415882,49.986707],[14.415798,49.986772],[14.415603,49.986891],[14.415483,49.987125],[14.415345,49.98744],[14.415517,49.987491],[14.415405,49.98769],[14.415403,49.987699],[14.415624,49.988045],[14.415622,49.988054],[14.415825,49.988226],[14.415763,49.988384],[14.415761,49.988393],[14.415826,49.988417],[14.415852,49.988429],[14.415955,49.988474],[14.416226,49.988589],[14.416369,49.988647],[14.416497,49.988704],[14.416713,49.988814],[14.416725,49.988824],[14.41685,49.988898],[14.416989,49.988974],[14.417102,49.989039],[14.4171,49.989048],[14.417286,49.989228],[14.417295,49.989247],[14.417307,49.989263],[14.417448,49.989353],[14.417476,49.989376],[14.417523,49.989406],[14.417538,49.989424],[14.417569,49.989444],[14.417595,49.98947],[14.41763,49.989493],[14.417749,49.989581],[14.417784,49.989602],[14.417823,49.989638],[14.417814,49.989669],[14.417055,49.989588],[14.417638,49.989758],[14.418098,49.989908],[14.418152,49.989922],[14.418676,49.990104],[14.419487,49.990394],[14.419453,49.990554],[14.419601,49.990649],[14.419467,49.990819],[14.419487,49.990857],[14.419497,49.990876],[14.420055,49.991161],[14.420595,49.9914],[14.420609,49.991401],[14.42096,49.991541],[14.420961,49.991532],[14.421026,49.991429],[14.421417,49.991509],[14.421555,49.991521],[14.422649,49.991673],[14.423629,49.991896],[14.424269,49.992062],[14.425153,49.99234],[14.425205,49.992362],[14.425219,49.992364],[14.425713,49.992226],[14.425726,49.992227],[14.426033,49.992109],[14.426049,49.992101],[14.426395,49.991932],[14.426728,49.992216],[14.427507,49.992657],[14.427649,49.992389],[14.428154,49.992597],[14.428525,49.992902],[14.428657,49.992941],[14.428669,49.992951],[14.428683,49.992952],[14.428697,49.992953],[14.42879,49.99298],[14.428874,49.992715],[14.428933,49.992702],[14.428949,49.992694],[14.428979,49.992688],[14.429054,49.992667],[14.429217,49.992627],[14.429231,49.992629],[14.429335,49.992602],[14.429631,49.992601],[14.429672,49.992604],[14.429799,49.992606],[14.430073,49.992576],[14.430088,49.992568],[14.430116,49.992571],[14.430159,49.992566],[14.430193,49.992541],[14.43031,49.992452],[14.430361,49.992411],[14.430245,49.992228],[14.430275,49.992022],[14.43029,49.991951],[14.430394,49.99186],[14.430445,49.99182],[14.430461,49.991812],[14.430494,49.991788],[14.430733,49.991591],[14.430772,49.99154],[14.430805,49.991516],[14.430807,49.991507],[14.430825,49.99149],[14.430841,49.991483],[14.430876,49.991449],[14.430909,49.991425],[14.431175,49.991303],[14.431176,49.991294],[14.43119,49.991296],[14.431192,49.991287],[14.431224,49.991271],[14.431257,49.991311],[14.431269,49.991321],[14.431293,49.991341],[14.431363,49.991411],[14.431508,49.991587],[14.43152,49.991597],[14.431532,49.991607],[14.431614,49.991687],[14.431652,49.991772],[14.431662,49.991791],[14.431674,49.991801],[14.431692,49.991848],[14.431775,49.991856],[14.432093,49.991884],[14.43212,49.991886],[14.432134,49.991888],[14.432175,49.991891],[14.432298,49.991911],[14.432326,49.991914],[14.432353,49.991916],[14.43242,49.991931],[14.432436,49.991923],[14.432643,49.991878],[14.43282,49.991839],[14.433261,49.991951],[14.433528,49.99202],[14.433809,49.992154],[14.433889,49.992306],[14.434501,49.992669],[14.434715,49.992788],[14.434779,49.992821],[14.434979,49.992938],[14.435278,49.993119],[14.435556,49.993271],[14.435706,49.993357],[14.435895,49.993464],[14.43597,49.993507],[14.43598,49.993526],[14.435988,49.993554],[14.436002,49.993619],[14.435999,49.993637],[14.435981,49.993653],[14.435549,49.993896],[14.434764,49.994344],[14.434636,49.994415],[14.434634,49.994423],[14.434603,49.994439],[14.434587,49.994447],[14.434538,49.994478],[14.433968,49.994709],[14.433992,49.99473],[14.434063,49.99479],[14.434244,49.994933],[14.434925,49.995502],[14.43508,49.995634],[14.435233,49.995774],[14.435293,49.995825],[14.435317,49.995845],[14.43564,49.99611],[14.436284,49.996593],[14.436307,49.996614],[14.436333,49.996625],[14.436345,49.996635],[14.436371,49.996647],[14.436369,49.996655],[14.43674,49.996897],[14.437025,49.997077],[14.437325,49.997257],[14.43761,49.997437],[14.437771,49.997342],[14.437822,49.997302],[14.438057,49.997059],[14.438241,49.996858],[14.438383,49.996716],[14.438514,49.996564],[14.438569,49.996505],[14.438628,49.996429],[14.438905,49.996118],[14.439052,49.995958],[14.439028,49.995938],[14.438796,49.995836],[14.438896,49.995763],[14.439036,49.995703],[14.439065,49.995696],[14.439083,49.99568],[14.439152,49.995686],[14.439356,49.995786],[14.439485,49.995906],[14.439721,49.996254],[14.439879,49.996304],[14.440261,49.996492],[14.440452,49.996654],[14.440689,49.99673],[14.440947,49.996843],[14.441218,49.996958],[14.441331,49.997022],[14.441953,49.997277],[14.441959,49.997314],[14.442417,49.997609],[14.44257,49.997749],[14.442798,49.998132],[14.443246,49.998408],[14.443157,49.998563],[14.443253,49.998772],[14.443326,49.99896],[14.443497,49.999147],[14.443512,49.999212],[14.443526,49.99934],[14.443625,49.999603],[14.444001,49.999691],[14.444084,49.999762],[14.444217,49.999864],[14.444425,49.999946],[14.444729,50.000173],[14.4449,50.000297],[14.444912,50.000307],[14.444961,50.000339],[14.445146,50.000464],[14.445279,50.000566],[14.445336,50.000626],[14.44539,50.000703],[14.445446,50.000772],[14.445522,50.000878],[14.445644,50.001034],[14.445689,50.001084],[14.445745,50.001152],[14.445849,50.001261],[14.445885,50.001292],[14.445921,50.001386],[14.445945,50.001469],[14.446189,50.001582],[14.446343,50.00165],[14.446542,50.001776],[14.44655,50.001804],[14.446562,50.001814],[14.44656,50.001823],[14.446587,50.001826],[14.447,50.001871],[14.447045,50.001993],[14.44706,50.002185],[14.447298,50.002324],[14.447324,50.002336],[14.447385,50.002377],[14.447409,50.002398],[14.447466,50.002394],[14.447709,50.002379],[14.447725,50.002371],[14.447787,50.00234],[14.447807,50.002315],[14.447811,50.002297],[14.447813,50.002288],[14.447852,50.002237],[14.44784,50.002227],[14.447766,50.002111],[14.448084,50.00214],[14.448111,50.002142],[14.448131,50.00218],[14.448163,50.002228],[14.448185,50.002257],[14.448213,50.002323],[14.448199,50.002458],[14.448412,50.002514],[14.448612,50.002567],[14.448693,50.002584],[14.448733,50.002596],[14.448836,50.002642],[14.44884,50.002642],[14.44884,50.002642],[14.44884,50.002641],[14.448926,50.002581],[14.448939,50.002572],[14.448968,50.002552],[14.448993,50.002535],[14.449008,50.002524],[14.44928,50.00255],[14.449287,50.002551],[14.449311,50.002554],[14.449328,50.002554],[14.449801,50.002553],[14.449933,50.002553],[14.449986,50.002553],[14.449996,50.002553],[14.450323,50.002516],[14.450448,50.002501],[14.45111,50.002447],[14.451174,50.002442],[14.451325,50.002429],[14.451549,50.002485],[14.451773,50.002542],[14.452212,50.002654],[14.452506,50.002617],[14.452579,50.002607],[14.45274,50.002587],[14.453009,50.002552]]]}},{"type":"Feature","properties":{"cislo":12017,"kod":26555,"mestskaCast":"praha-12"},"geometry":{"type":"Polygon","coordinates":[[[14.439651,50.008608],[14.439702,50.008631],[14.440414,50.008531],[14.440832,50.008286],[14.440861,50.008216],[14.441516,50.006795],[14.44152,50.006777],[14.441531,50.006724],[14.441583,50.006547],[14.440794,50.00635],[14.440446,50.006265],[14.439495,50.006035],[14.43853,50.005805],[14.437982,50.005665],[14.437405,50.005533],[14.436686,50.005342],[14.436373,50.005287],[14.436208,50.005272],[14.435878,50.005234],[14.43567,50.005216],[14.435601,50.00521],[14.435238,50.005196],[14.434932,50.005177],[14.434847,50.005179],[14.434705,50.005185],[14.434593,50.005184],[14.434165,50.005209],[14.433881,50.005221],[14.433721,50.005243],[14.43344,50.006035],[14.433472,50.006083],[14.433559,50.006136],[14.434665,50.006297],[14.434754,50.006278],[14.435123,50.006329],[14.435075,50.006488],[14.435109,50.006527],[14.435098,50.006581],[14.43497,50.006914],[14.434967,50.006996],[14.434999,50.007044],[14.435047,50.007084],[14.435424,50.007163],[14.435669,50.007203],[14.435938,50.007263],[14.435846,50.007364],[14.435744,50.007446],[14.435644,50.007519],[14.435562,50.007575],[14.435348,50.007719],[14.43522,50.00779],[14.435061,50.007812],[14.439651,50.008608]]]}},{"type":"Feature","properties":{"cislo":12018,"kod":26557,"mestskaCast":"praha-12"},"geometry":{"type":"Polygon","coordinates":[[[14.435061,50.007812],[14.43522,50.00779],[14.435348,50.007719],[14.435562,50.007575],[14.435644,50.007519],[14.435744,50.007446],[14.435846,50.007364],[14.435938,50.007263],[14.435669,50.007203],[14.435424,50.007163],[14.435047,50.007084],[14.434999,50.007044],[14.434967,50.006996],[14.43497,50.006914],[14.435098,50.006581],[14.435109,50.006527],[14.435075,50.006488],[14.435123,50.006329],[14.434754,50.006278],[14.434665,50.006297],[14.433559,50.006136],[14.433472,50.006083],[14.43344,50.006035],[14.433721,50.005243],[14.432793,50.005369],[14.431811,50.005618],[14.431279,50.005798],[14.431409,50.005918],[14.43149,50.005998],[14.431558,50.006077],[14.431628,50.006146],[14.431737,50.006229],[14.431692,50.006306],[14.431638,50.006429],[14.43165,50.006502],[14.431641,50.006547],[14.431723,50.00669],[14.433131,50.006888],[14.433449,50.006916],[14.433375,50.007063],[14.433333,50.007196],[14.4333,50.007284],[14.433219,50.007531],[14.433516,50.007593],[14.433885,50.007644],[14.434403,50.007726],[14.434908,50.007798],[14.435061,50.007812]]]}},{"type":"Feature","properties":{"cislo":12019,"kod":26559,"mestskaCast":"praha-12"},"geometry":{"type":"Polygon","coordinates":[[[14.433219,50.007531],[14.4333,50.007284],[14.433333,50.007196],[14.433375,50.007063],[14.433449,50.006916],[14.433131,50.006888],[14.431723,50.00669],[14.431641,50.006547],[14.43165,50.006502],[14.431638,50.006429],[14.431692,50.006306],[14.431737,50.006229],[14.431628,50.006146],[14.431558,50.006077],[14.43149,50.005998],[14.431409,50.005918],[14.431279,50.005798],[14.431287,50.005299],[14.430807,50.005239],[14.430539,50.005242],[14.430019,50.005169],[14.4298,50.00514],[14.429281,50.005067],[14.428988,50.004987],[14.428716,50.004944],[14.428413,50.004908],[14.42839,50.004952],[14.428171,50.00525],[14.428149,50.005357],[14.427905,50.005444],[14.427929,50.005465],[14.427824,50.005755],[14.427649,50.005721],[14.427499,50.005762],[14.427113,50.005855],[14.426976,50.006433],[14.42693,50.00671],[14.427069,50.006722],[14.427233,50.006746],[14.427523,50.006772],[14.427622,50.006771],[14.427568,50.006957],[14.427339,50.007636],[14.42729,50.007731],[14.427462,50.007783],[14.427681,50.007811],[14.428541,50.007942],[14.428829,50.007977],[14.429923,50.008128],[14.429796,50.008262],[14.429712,50.008327],[14.431342,50.008608],[14.431509,50.008486],[14.43164,50.008398],[14.431642,50.008389],[14.431877,50.00821],[14.431975,50.008147],[14.432093,50.008057],[14.432376,50.007855],[14.432474,50.007791],[14.432676,50.007637],[14.432823,50.007541],[14.433053,50.007516],[14.433136,50.007523],[14.43315,50.007525],[14.433219,50.007531]]]}},{"type":"Feature","properties":{"cislo":12020,"kod":26561,"mestskaCast":"praha-12"},"geometry":{"type":"Polygon","coordinates":[[[14.428923,50.012287],[14.429376,50.012345],[14.429567,50.012371],[14.430541,50.012494],[14.432718,50.01206],[14.432732,50.012062],[14.433539,50.011906],[14.43511,50.011147],[14.434773,50.010945],[14.434646,50.010879],[14.434021,50.010506],[14.434243,50.01039],[14.434491,50.010284],[14.4347,50.01023],[14.435378,50.010218],[14.435678,50.010199],[14.436094,50.010163],[14.436611,50.010118],[14.437163,50.01004],[14.437357,50.009985],[14.437751,50.009856],[14.438226,50.009544],[14.438759,50.009355],[14.439163,50.009046],[14.439443,50.00879],[14.439651,50.008608],[14.435061,50.007812],[14.434908,50.007798],[14.434403,50.007726],[14.433885,50.007644],[14.433516,50.007593],[14.433219,50.007531],[14.43315,50.007525],[14.433136,50.007523],[14.433053,50.007516],[14.432823,50.007541],[14.432676,50.007637],[14.432474,50.007791],[14.432376,50.007855],[14.432093,50.008057],[14.431975,50.008147],[14.431877,50.00821],[14.431642,50.008389],[14.43164,50.008398],[14.431509,50.008486],[14.431342,50.008608],[14.429712,50.008327],[14.429796,50.008262],[14.429923,50.008128],[14.428829,50.007977],[14.428541,50.007942],[14.427681,50.007811],[14.427462,50.007783],[14.42729,50.007731],[14.427265,50.007847],[14.427206,50.00806],[14.427123,50.008252],[14.426978,50.008666],[14.426907,50.008868],[14.426893,50.008931],[14.426953,50.008981],[14.426723,50.009596],[14.428499,50.009853],[14.428799,50.009898],[14.428664,50.010267],[14.428484,50.010977],[14.429346,50.011163],[14.43004,50.011279],[14.429836,50.011506],[14.428923,50.012287]]]}},{"type":"Feature","properties":{"cislo":12021,"kod":26563,"mestskaCast":"praha-12"},"geometry":{"type":"Polygon","coordinates":[[[14.424279,50.008245],[14.424806,50.008419],[14.425667,50.00854],[14.425478,50.009096],[14.425391,50.009306],[14.426347,50.009445],[14.426361,50.009446],[14.426614,50.009577],[14.426723,50.009596],[14.426953,50.008981],[14.426893,50.008931],[14.426907,50.008868],[14.426978,50.008666],[14.427123,50.008252],[14.427206,50.00806],[14.427265,50.007847],[14.42729,50.007731],[14.427339,50.007636],[14.427568,50.006957],[14.427622,50.006771],[14.427523,50.006772],[14.427233,50.006746],[14.427069,50.006722],[14.42693,50.00671],[14.426616,50.006664],[14.426253,50.006587],[14.424997,50.006267],[14.42474,50.006217],[14.424616,50.006142],[14.424099,50.005987],[14.423251,50.00574],[14.421278,50.00522],[14.421023,50.005161],[14.420902,50.005132],[14.42077,50.005093],[14.42073,50.00508],[14.420629,50.005226],[14.42052,50.005407],[14.420434,50.005608],[14.42041,50.005787],[14.42097,50.005937],[14.421209,50.006003],[14.42113,50.006178],[14.42105,50.006352],[14.421129,50.006377],[14.421169,50.00639],[14.422155,50.00665],[14.422236,50.006666],[14.42233,50.006493],[14.422474,50.006342],[14.422994,50.006479],[14.423008,50.00648],[14.42338,50.006586],[14.423234,50.006809],[14.423047,50.007092],[14.422856,50.007393],[14.422772,50.007521],[14.422688,50.00765],[14.422492,50.008041],[14.423164,50.008128],[14.423205,50.008132],[14.423694,50.008084],[14.423923,50.008068],[14.424203,50.008138],[14.424279,50.008245]]]}},{"type":"Feature","properties":{"cislo":12022,"kod":26565,"mestskaCast":"praha-12"},"geometry":{"type":"Polygon","coordinates":[[[14.424757,50.011155],[14.424995,50.011095],[14.4252,50.011058],[14.425931,50.010996],[14.426588,50.010955],[14.426872,50.010944],[14.4269,50.010946],[14.426914,50.010947],[14.426915,50.010938],[14.427016,50.010929],[14.427405,50.010954],[14.427537,50.010993],[14.427551,50.010995],[14.428471,50.010976],[14.428484,50.010977],[14.428664,50.010267],[14.428799,50.009898],[14.428499,50.009853],[14.426723,50.009596],[14.426614,50.009577],[14.426361,50.009446],[14.426347,50.009445],[14.425391,50.009306],[14.425478,50.009096],[14.425667,50.00854],[14.424806,50.008419],[14.424279,50.008245],[14.424,50.008892],[14.423989,50.008945],[14.42343,50.008859],[14.423427,50.008941],[14.423386,50.009001],[14.422866,50.008927],[14.422827,50.008915],[14.422418,50.008851],[14.422224,50.008834],[14.422171,50.00882],[14.421774,50.008767],[14.421511,50.008744],[14.421393,50.00877],[14.421189,50.008869],[14.421138,50.00891],[14.421062,50.009067],[14.421021,50.00919],[14.420891,50.009605],[14.420826,50.009709],[14.420539,50.010001],[14.420466,50.010076],[14.420431,50.010109],[14.42036,50.010176],[14.420304,50.010243],[14.42005,50.010575],[14.420129,50.0106],[14.420568,50.01072],[14.42058,50.010731],[14.420752,50.010782],[14.421149,50.010899],[14.421448,50.011016],[14.42181,50.011103],[14.421824,50.011104],[14.422008,50.011166],[14.422725,50.011238],[14.42292,50.011247],[14.423047,50.011249],[14.42306,50.01125],[14.423477,50.011278],[14.424291,50.011223],[14.424623,50.011189],[14.424757,50.011155]]]}},{"type":"Feature","properties":{"cislo":12023,"kod":26567,"mestskaCast":"praha-12"},"geometry":{"type":"Polygon","coordinates":[[[14.421021,50.00919],[14.421062,50.009067],[14.421138,50.00891],[14.421189,50.008869],[14.421393,50.00877],[14.421511,50.008744],[14.421774,50.008767],[14.422171,50.00882],[14.422224,50.008834],[14.422418,50.008851],[14.422827,50.008915],[14.422866,50.008927],[14.423386,50.009001],[14.423427,50.008941],[14.42343,50.008859],[14.423989,50.008945],[14.424,50.008892],[14.424279,50.008245],[14.424203,50.008138],[14.423923,50.008068],[14.423694,50.008084],[14.423205,50.008132],[14.423164,50.008128],[14.422492,50.008041],[14.422688,50.00765],[14.422592,50.007705],[14.422486,50.007741],[14.422318,50.007735],[14.421143,50.007568],[14.42054,50.007487],[14.420254,50.007443],[14.420023,50.007405],[14.419582,50.00762],[14.419446,50.007599],[14.419203,50.00755],[14.419136,50.007535],[14.418962,50.007492],[14.418841,50.007463],[14.418802,50.007451],[14.418697,50.007414],[14.41862,50.00738],[14.418554,50.007356],[14.418392,50.007324],[14.417754,50.007212],[14.417727,50.007337],[14.41772,50.007373],[14.417513,50.007944],[14.417488,50.007997],[14.417717,50.008044],[14.417855,50.008056],[14.418061,50.008084],[14.418201,50.008087],[14.418317,50.00807],[14.418569,50.008011],[14.418676,50.007975],[14.418891,50.007958],[14.420338,50.008168],[14.420309,50.008238],[14.420201,50.008546],[14.420063,50.008997],[14.420213,50.009019],[14.420551,50.009085],[14.421021,50.00919]]]}},{"type":"Feature","properties":{"cislo":12024,"kod":26569,"mestskaCast":"praha-12"},"geometry":{"type":"Polygon","coordinates":[[[14.422688,50.00765],[14.422772,50.007521],[14.422856,50.007393],[14.423047,50.007092],[14.423234,50.006809],[14.42338,50.006586],[14.423008,50.00648],[14.422994,50.006479],[14.422474,50.006342],[14.42233,50.006493],[14.422236,50.006666],[14.422155,50.00665],[14.421169,50.00639],[14.421129,50.006377],[14.42105,50.006352],[14.42113,50.006178],[14.421209,50.006003],[14.42097,50.005937],[14.42041,50.005787],[14.420372,50.005902],[14.420192,50.006412],[14.420117,50.006632],[14.420013,50.006923],[14.419949,50.00709],[14.419897,50.007266],[14.419925,50.007332],[14.420023,50.007405],[14.420254,50.007443],[14.42054,50.007487],[14.421143,50.007568],[14.422318,50.007735],[14.422486,50.007741],[14.422592,50.007705],[14.422688,50.00765]]]}},{"type":"Feature","properties":{"cislo":12025,"kod":26571,"mestskaCast":"praha-12"},"geometry":{"type":"Polygon","coordinates":[[[14.42005,50.010575],[14.420304,50.010243],[14.42036,50.010176],[14.420431,50.010109],[14.420466,50.010076],[14.420539,50.010001],[14.420826,50.009709],[14.420891,50.009605],[14.421021,50.00919],[14.420551,50.009085],[14.420213,50.009019],[14.420063,50.008997],[14.420201,50.008546],[14.420309,50.008238],[14.420338,50.008168],[14.418891,50.007958],[14.41878,50.008148],[14.41855,50.008762],[14.418394,50.00903],[14.417447,50.008783],[14.416692,50.008625],[14.416475,50.008587],[14.415645,50.00845],[14.41537,50.008417],[14.415229,50.008813],[14.415166,50.009043],[14.415132,50.009267],[14.415411,50.009283],[14.415703,50.0093],[14.415857,50.009304],[14.415995,50.009316],[14.416036,50.00932],[14.416159,50.00934],[14.416173,50.009341],[14.416323,50.009364],[14.416349,50.009375],[14.416499,50.009397],[14.416837,50.009464],[14.416918,50.00948],[14.416931,50.009481],[14.417024,50.009508],[14.417527,50.009661],[14.417618,50.009696],[14.417645,50.009699],[14.417657,50.009709],[14.417828,50.009769],[14.417841,50.009771],[14.417944,50.009816],[14.418035,50.009851],[14.418047,50.009862],[14.418164,50.009908],[14.418279,50.009964],[14.418721,50.010203],[14.418877,50.010262],[14.419075,50.010325],[14.419585,50.010443],[14.42005,50.010575]]]}},{"type":"Feature","properties":{"cislo":12026,"kod":26573,"mestskaCast":"praha-12"},"geometry":{"type":"Polygon","coordinates":[[[14.418891,50.007958],[14.418676,50.007975],[14.418569,50.008011],[14.418317,50.00807],[14.418201,50.008087],[14.418061,50.008084],[14.417855,50.008056],[14.417717,50.008044],[14.417488,50.007997],[14.417513,50.007944],[14.41772,50.007373],[14.417727,50.007337],[14.417754,50.007212],[14.418392,50.007324],[14.418554,50.007356],[14.41862,50.00738],[14.418697,50.007414],[14.418802,50.007451],[14.418841,50.007463],[14.418962,50.007492],[14.419136,50.007535],[14.419203,50.00755],[14.419446,50.007599],[14.419582,50.00762],[14.420023,50.007405],[14.419925,50.007332],[14.419897,50.007266],[14.419949,50.00709],[14.420013,50.006923],[14.420117,50.006632],[14.420192,50.006412],[14.420372,50.005902],[14.42041,50.005787],[14.420434,50.005608],[14.42052,50.005407],[14.420629,50.005226],[14.42073,50.00508],[14.420584,50.00504],[14.420176,50.004904],[14.419571,50.004705],[14.419296,50.004608],[14.419112,50.004547],[14.418669,50.00438],[14.418008,50.004113],[14.417697,50.003985],[14.417554,50.003927],[14.417268,50.00382],[14.416909,50.003652],[14.416698,50.003851],[14.416735,50.003873],[14.416809,50.003925],[14.416834,50.003936],[14.416858,50.003956],[14.416882,50.003977],[14.41689,50.004005],[14.4169,50.004024],[14.416926,50.004099],[14.416917,50.004143],[14.416915,50.004152],[14.416907,50.004188],[14.4169,50.004223],[14.416772,50.004493],[14.41677,50.004502],[14.416551,50.005],[14.416498,50.005113],[14.416397,50.005458],[14.416309,50.005668],[14.416186,50.005984],[14.416107,50.006222],[14.415854,50.006944],[14.415603,50.007657],[14.415643,50.00767],[14.415436,50.008241],[14.41537,50.008417],[14.415645,50.00845],[14.416475,50.008587],[14.416692,50.008625],[14.417447,50.008783],[14.418394,50.00903],[14.41855,50.008762],[14.41878,50.008148],[14.418891,50.007958]]]}},{"type":"Feature","properties":{"cislo":12027,"kod":26575,"mestskaCast":"praha-12"},"geometry":{"type":"Polygon","coordinates":[[[14.424605,50.011995],[14.424753,50.011963],[14.425163,50.011827],[14.425111,50.01174],[14.425092,50.011693],[14.42507,50.011601],[14.425019,50.011378],[14.424757,50.011155],[14.424623,50.011189],[14.424291,50.011223],[14.423477,50.011278],[14.42306,50.01125],[14.423047,50.011249],[14.42292,50.011247],[14.422725,50.011238],[14.422008,50.011166],[14.421824,50.011104],[14.42181,50.011103],[14.421448,50.011016],[14.421149,50.010899],[14.420752,50.010782],[14.42058,50.010731],[14.420568,50.01072],[14.420129,50.0106],[14.42005,50.010575],[14.419585,50.010443],[14.419075,50.010325],[14.418877,50.010262],[14.418721,50.010203],[14.418279,50.009964],[14.418164,50.009908],[14.418047,50.009862],[14.418035,50.009851],[14.417944,50.009816],[14.417841,50.009771],[14.417828,50.009769],[14.417657,50.009709],[14.417645,50.009699],[14.417618,50.009696],[14.417527,50.009661],[14.417024,50.009508],[14.416931,50.009481],[14.416918,50.00948],[14.416837,50.009464],[14.416499,50.009397],[14.416349,50.009375],[14.416323,50.009364],[14.416173,50.009341],[14.416159,50.00934],[14.416036,50.00932],[14.415995,50.009316],[14.415857,50.009304],[14.415703,50.0093],[14.415411,50.009283],[14.415132,50.009267],[14.415105,50.009265],[14.415077,50.009262],[14.415075,50.009471],[14.415086,50.009617],[14.415107,50.009782],[14.415147,50.009922],[14.415228,50.010201],[14.415335,50.010429],[14.415582,50.010786],[14.415721,50.010926],[14.415915,50.011143],[14.415928,50.011144],[14.416211,50.011405],[14.41635,50.011544],[14.416833,50.011524],[14.416971,50.011472],[14.416985,50.011474],[14.417335,50.01135],[14.417443,50.011305],[14.417597,50.011246],[14.417598,50.011238],[14.417719,50.011203],[14.41775,50.011251],[14.417772,50.01128],[14.417866,50.01137],[14.417904,50.011392],[14.417969,50.011416],[14.417967,50.011425],[14.417981,50.011489],[14.417979,50.011498],[14.419027,50.011673],[14.419167,50.01174],[14.419236,50.011746],[14.41925,50.011747],[14.419623,50.01178],[14.419919,50.011979],[14.420278,50.012011],[14.420787,50.012001],[14.421053,50.01188],[14.421454,50.011716],[14.421671,50.011753],[14.421886,50.011672],[14.423045,50.011584],[14.423278,50.011614],[14.423418,50.011618],[14.423856,50.011611],[14.424082,50.011676],[14.424417,50.011824],[14.42449,50.011876],[14.424488,50.011885],[14.424605,50.011995]]]}},{"type":"Feature","properties":{"cislo":12028,"kod":26577,"mestskaCast":"praha-12"},"geometry":{"type":"Polygon","coordinates":[[[14.417291,50.013997],[14.41736,50.014066],[14.417483,50.014086],[14.417607,50.014097],[14.41772,50.014098],[14.417818,50.014098],[14.417962,50.014083],[14.417976,50.014085],[14.41812,50.01407],[14.418134,50.014071],[14.418499,50.014013],[14.418601,50.013995],[14.418944,50.013907],[14.419408,50.013776],[14.419542,50.013743],[14.419572,50.013736],[14.41981,50.013676],[14.420133,50.013613],[14.420177,50.013608],[14.420148,50.013479],[14.420087,50.013301],[14.41984,50.01327],[14.419495,50.013239],[14.419011,50.013196],[14.418997,50.013195],[14.418918,50.01317],[14.41888,50.013148],[14.418803,50.013114],[14.418745,50.013055],[14.418715,50.012998],[14.418713,50.012879],[14.418737,50.012764],[14.418754,50.012683],[14.418879,50.012694],[14.419015,50.012716],[14.419181,50.01273],[14.419319,50.012743],[14.419449,50.0122],[14.419467,50.012184],[14.419539,50.012045],[14.419542,50.012027],[14.419587,50.011949],[14.419618,50.011871],[14.419623,50.01178],[14.41925,50.011747],[14.419236,50.011746],[14.419167,50.01174],[14.419027,50.011673],[14.417979,50.011498],[14.417981,50.011489],[14.417967,50.011425],[14.417969,50.011416],[14.417904,50.011392],[14.417866,50.01137],[14.417772,50.01128],[14.41775,50.011251],[14.417719,50.011203],[14.417598,50.011238],[14.417597,50.011246],[14.417443,50.011305],[14.417335,50.01135],[14.416985,50.011474],[14.416971,50.011472],[14.416833,50.011524],[14.41635,50.011544],[14.416479,50.011665],[14.416493,50.011666],[14.416638,50.011842],[14.416822,50.012167],[14.416842,50.012205],[14.416979,50.01249],[14.416993,50.012491],[14.417049,50.012623],[14.417082,50.012798],[14.41708,50.012807],[14.417095,50.012999],[14.417081,50.013197],[14.417017,50.013627],[14.416985,50.013779],[14.416983,50.013788],[14.416928,50.013983],[14.417123,50.013991],[14.417291,50.013997]]]}},{"type":"Feature","properties":{"cislo":12029,"kod":26579,"mestskaCast":"praha-12"},"geometry":{"type":"Polygon","coordinates":[[[14.421744,50.013656],[14.421677,50.013641],[14.421513,50.013618],[14.421378,50.013588],[14.421141,50.013576],[14.420695,50.013554],[14.420567,50.013561],[14.420263,50.013598],[14.42019,50.013609],[14.420177,50.013608],[14.420133,50.013613],[14.41981,50.013676],[14.419572,50.013736],[14.419542,50.013743],[14.419408,50.013776],[14.418944,50.013907],[14.418601,50.013995],[14.418499,50.014013],[14.418134,50.014071],[14.41812,50.01407],[14.417976,50.014085],[14.417962,50.014083],[14.417818,50.014098],[14.41772,50.014098],[14.417607,50.014097],[14.417483,50.014086],[14.41736,50.014066],[14.417291,50.013997],[14.417182,50.014441],[14.417094,50.014587],[14.417092,50.014596],[14.417104,50.014606],[14.417053,50.014847],[14.416955,50.015237],[14.416953,50.015246],[14.416911,50.015442],[14.417168,50.015492],[14.41827,50.015744],[14.418437,50.01575],[14.420603,50.015897],[14.420645,50.015901],[14.420714,50.015907],[14.421893,50.015993],[14.422586,50.016045],[14.423309,50.016155],[14.423323,50.016156],[14.423423,50.016147],[14.423563,50.016087],[14.423803,50.016017],[14.423647,50.015958],[14.423633,50.015957],[14.423289,50.015854],[14.423294,50.015827],[14.422976,50.015735],[14.422974,50.015744],[14.42185,50.015399],[14.422036,50.015125],[14.420906,50.014807],[14.421497,50.013952],[14.421744,50.013656]]]}},{"type":"Feature","properties":{"cislo":12030,"kod":26581,"mestskaCast":"praha-12"},"geometry":{"type":"Polygon","coordinates":[[[14.421744,50.013656],[14.422001,50.013706],[14.422014,50.013708],[14.42228,50.013786],[14.422412,50.013825],[14.422487,50.013541],[14.423282,50.013511],[14.42327,50.013302],[14.423257,50.013164],[14.423251,50.013064],[14.423507,50.01305],[14.423594,50.01304],[14.424629,50.013005],[14.424714,50.013003],[14.424806,50.012839],[14.424915,50.012658],[14.424918,50.012576],[14.424889,50.012184],[14.42469,50.012193],[14.424687,50.012138],[14.424605,50.011995],[14.424488,50.011885],[14.42449,50.011876],[14.424417,50.011824],[14.424082,50.011676],[14.423856,50.011611],[14.423418,50.011618],[14.423278,50.011614],[14.423045,50.011584],[14.421886,50.011672],[14.421671,50.011753],[14.421454,50.011716],[14.421053,50.01188],[14.420787,50.012001],[14.420278,50.012011],[14.419919,50.011979],[14.419623,50.01178],[14.419618,50.011871],[14.419587,50.011949],[14.419542,50.012027],[14.419539,50.012045],[14.419467,50.012184],[14.419449,50.0122],[14.419319,50.012743],[14.419181,50.01273],[14.419015,50.012716],[14.418879,50.012694],[14.418754,50.012683],[14.418737,50.012764],[14.418713,50.012879],[14.418715,50.012998],[14.418745,50.013055],[14.418803,50.013114],[14.41888,50.013148],[14.418918,50.01317],[14.418997,50.013195],[14.419011,50.013196],[14.419495,50.013239],[14.41984,50.01327],[14.420087,50.013301],[14.420148,50.013479],[14.420177,50.013608],[14.42019,50.013609],[14.420263,50.013598],[14.420567,50.013561],[14.420695,50.013554],[14.421141,50.013576],[14.421378,50.013588],[14.421513,50.013618],[14.421677,50.013641],[14.421744,50.013656]]]}},{"type":"Feature","properties":{"cislo":12031,"kod":26583,"mestskaCast":"praha-12"},"geometry":{"type":"Polygon","coordinates":[[[14.423282,50.013511],[14.424574,50.013463],[14.425126,50.013448],[14.426055,50.013385],[14.426367,50.013376],[14.427008,50.013343],[14.426984,50.013123],[14.426685,50.012942],[14.426372,50.01276],[14.426352,50.012458],[14.425114,50.012648],[14.424915,50.012658],[14.424806,50.012839],[14.424714,50.013003],[14.424629,50.013005],[14.423594,50.01304],[14.423507,50.01305],[14.423251,50.013064],[14.423257,50.013164],[14.42327,50.013302],[14.423282,50.013511]]]}},{"type":"Feature","properties":{"cislo":12032,"kod":26585,"mestskaCast":"praha-12"},"geometry":{"type":"Polygon","coordinates":[[[14.427061,50.019522],[14.427126,50.019514],[14.427562,50.019468],[14.427887,50.019469],[14.428173,50.01952],[14.428434,50.019635],[14.428477,50.01965],[14.428653,50.019401],[14.428701,50.019379],[14.429299,50.019521],[14.429422,50.019505],[14.429592,50.019443],[14.429685,50.019447],[14.430324,50.019154],[14.430645,50.019075],[14.430645,50.019075],[14.430644,50.019074],[14.430549,50.018993],[14.430172,50.018778],[14.429734,50.018521],[14.429512,50.018375],[14.42851,50.017723],[14.428486,50.017703],[14.428462,50.017683],[14.428103,50.017451],[14.426807,50.016592],[14.426626,50.016649],[14.426534,50.016686],[14.425545,50.017224],[14.425528,50.017241],[14.425099,50.017466],[14.424994,50.017566],[14.424953,50.017689],[14.424949,50.017843],[14.424457,50.017636],[14.424601,50.017558],[14.42446,50.017428],[14.424448,50.017418],[14.424438,50.017399],[14.424281,50.017276],[14.4243,50.01725],[14.424418,50.017161],[14.424355,50.017128],[14.424254,50.017074],[14.42418,50.017022],[14.424059,50.016929],[14.424013,50.01688],[14.423969,50.016822],[14.423949,50.016783],[14.423927,50.016691],[14.423935,50.016655],[14.423942,50.016619],[14.423794,50.016588],[14.423866,50.016513],[14.423924,50.016373],[14.424042,50.016283],[14.425151,50.015973],[14.425286,50.015931],[14.425061,50.015666],[14.425077,50.015658],[14.425815,50.01537],[14.426167,50.015237],[14.426147,50.015],[14.426129,50.014953],[14.426149,50.014927],[14.426297,50.014759],[14.426299,50.01475],[14.426391,50.014649],[14.42645,50.014573],[14.426451,50.014564],[14.426526,50.01448],[14.426659,50.014319],[14.426713,50.01426],[14.426735,50.014226],[14.426954,50.013991],[14.42723,50.013689],[14.427455,50.013427],[14.427599,50.013277],[14.427652,50.013227],[14.428288,50.012757],[14.428672,50.012474],[14.42879,50.012384],[14.428792,50.012375],[14.428923,50.012287],[14.429836,50.011506],[14.43004,50.011279],[14.429346,50.011163],[14.428484,50.010977],[14.428471,50.010976],[14.427551,50.010995],[14.427537,50.010993],[14.427405,50.010954],[14.427016,50.010929],[14.426915,50.010938],[14.426914,50.010947],[14.4269,50.010946],[14.426872,50.010944],[14.426588,50.010955],[14.425931,50.010996],[14.4252,50.011058],[14.424995,50.011095],[14.424757,50.011155],[14.425019,50.011378],[14.42507,50.011601],[14.425092,50.011693],[14.425111,50.01174],[14.425163,50.011827],[14.424753,50.011963],[14.424605,50.011995],[14.424687,50.012138],[14.42469,50.012193],[14.424889,50.012184],[14.424918,50.012576],[14.424915,50.012658],[14.425114,50.012648],[14.426352,50.012458],[14.426372,50.01276],[14.426685,50.012942],[14.426984,50.013123],[14.427008,50.013343],[14.426367,50.013376],[14.426055,50.013385],[14.425126,50.013448],[14.424574,50.013463],[14.423282,50.013511],[14.422487,50.013541],[14.422412,50.013825],[14.42228,50.013786],[14.422014,50.013708],[14.422001,50.013706],[14.421744,50.013656],[14.421497,50.013952],[14.420906,50.014807],[14.422036,50.015125],[14.42185,50.015399],[14.422974,50.015744],[14.422976,50.015735],[14.423294,50.015827],[14.423289,50.015854],[14.423633,50.015957],[14.423647,50.015958],[14.423803,50.016017],[14.423563,50.016087],[14.423423,50.016147],[14.423323,50.016156],[14.423309,50.016155],[14.422586,50.016045],[14.421893,50.015993],[14.420714,50.015907],[14.420645,50.015901],[14.420603,50.015897],[14.418437,50.01575],[14.41827,50.015744],[14.417168,50.015492],[14.416911,50.015442],[14.416898,50.015441],[14.416894,50.015459],[14.416902,50.015487],[14.416941,50.015499],[14.41694,50.015508],[14.41692,50.015534],[14.416877,50.015539],[14.416859,50.015556],[14.416851,50.015591],[14.416824,50.015652],[14.416786,50.015767],[14.416784,50.015776],[14.416673,50.015966],[14.416538,50.016135],[14.416464,50.016219],[14.416446,50.016236],[14.416466,50.016274],[14.41645,50.016282],[14.416433,50.016298],[14.41635,50.016291],[14.41615,50.016437],[14.416006,50.016515],[14.415896,50.016568],[14.415688,50.016686],[14.415674,50.016685],[14.415414,50.01678],[14.4154,50.016779],[14.41515,50.016829],[14.415135,50.016837],[14.414904,50.016862],[14.414888,50.016869],[14.414791,50.016861],[14.414748,50.016866],[14.414557,50.016903],[14.414123,50.016956],[14.414109,50.016955],[14.41411,50.016957],[14.41411,50.016957],[14.414113,50.016957],[14.414098,50.017112],[14.414034,50.017245],[14.414133,50.017312],[14.414158,50.017329],[14.414224,50.017377],[14.414283,50.017419],[14.414296,50.017456],[14.414646,50.017519],[14.41478,50.01754],[14.41493,50.017563],[14.415146,50.017591],[14.415616,50.017688],[14.416195,50.017873],[14.416232,50.017883],[14.416266,50.017893],[14.416294,50.017901],[14.416416,50.017938],[14.41716,50.018155],[14.417294,50.018206],[14.417527,50.018295],[14.41806,50.018498],[14.418539,50.01865],[14.41905,50.018775],[14.419548,50.018858],[14.420037,50.018986],[14.420304,50.019024],[14.420654,50.01903],[14.420965,50.018974],[14.421055,50.018953],[14.421153,50.018927],[14.421316,50.018885],[14.421627,50.01882],[14.421829,50.018804],[14.422059,50.018807],[14.422829,50.018846],[14.422978,50.018869],[14.423253,50.018961],[14.423387,50.019043],[14.423546,50.019086],[14.423854,50.019117],[14.425034,50.019238],[14.425371,50.019288],[14.425537,50.019321],[14.426013,50.019416],[14.42621,50.019455],[14.42648,50.019503],[14.426531,50.019512],[14.42685,50.019529],[14.427028,50.019526],[14.427061,50.019522]]]}},{"type":"Feature","properties":{"cislo":12033,"kod":26587,"mestskaCast":"praha-12"},"geometry":{"type":"Polygon","coordinates":[[[14.426807,50.016592],[14.426821,50.016593],[14.42703,50.016539],[14.427059,50.016533],[14.428239,50.01622],[14.42827,50.016204],[14.428613,50.016117],[14.428644,50.016101],[14.428738,50.015992],[14.428758,50.015966],[14.428809,50.015925],[14.428893,50.01586],[14.428967,50.015776],[14.428971,50.015758],[14.428987,50.015751],[14.429069,50.015631],[14.429116,50.015544],[14.429215,50.015408],[14.429357,50.015203],[14.429537,50.014955],[14.429539,50.014946],[14.429619,50.014835],[14.429706,50.014689],[14.429829,50.014509],[14.430015,50.014299],[14.430557,50.013539],[14.430312,50.013236],[14.430298,50.013235],[14.430285,50.013234],[14.430271,50.013232],[14.430257,50.013231],[14.429741,50.013076],[14.429646,50.013059],[14.428288,50.012757],[14.427652,50.013227],[14.427599,50.013277],[14.427455,50.013427],[14.42723,50.013689],[14.426954,50.013991],[14.426735,50.014226],[14.426713,50.01426],[14.426659,50.014319],[14.426526,50.01448],[14.426451,50.014564],[14.42645,50.014573],[14.426391,50.014649],[14.426299,50.01475],[14.426297,50.014759],[14.426149,50.014927],[14.426129,50.014953],[14.426147,50.015],[14.426167,50.015237],[14.425815,50.01537],[14.425077,50.015658],[14.425061,50.015666],[14.425286,50.015931],[14.425151,50.015973],[14.424042,50.016283],[14.423924,50.016373],[14.423866,50.016513],[14.423794,50.016588],[14.423942,50.016619],[14.423935,50.016655],[14.423927,50.016691],[14.423949,50.016783],[14.423969,50.016822],[14.424013,50.01688],[14.424059,50.016929],[14.42418,50.017022],[14.424254,50.017074],[14.424355,50.017128],[14.424418,50.017161],[14.4243,50.01725],[14.424281,50.017276],[14.424438,50.017399],[14.424448,50.017418],[14.42446,50.017428],[14.424601,50.017558],[14.424457,50.017636],[14.424949,50.017843],[14.424953,50.017689],[14.424994,50.017566],[14.425099,50.017466],[14.425528,50.017241],[14.425545,50.017224],[14.426534,50.016686],[14.426626,50.016649],[14.426807,50.016592]]]}},{"type":"Feature","properties":{"cislo":12034,"kod":26589,"mestskaCast":"praha-12"},"geometry":{"type":"Polygon","coordinates":[[[14.432013,50.015565],[14.432734,50.014558],[14.433304,50.0142],[14.433706,50.013963],[14.434126,50.013383],[14.436409,50.013177],[14.436662,50.012918],[14.436664,50.012909],[14.436693,50.012903],[14.436029,50.012517],[14.435866,50.012421],[14.435803,50.012388],[14.43525,50.012076],[14.435447,50.011812],[14.435738,50.011502],[14.43511,50.011147],[14.433539,50.011906],[14.432732,50.012062],[14.432718,50.01206],[14.430541,50.012494],[14.429567,50.012371],[14.429376,50.012345],[14.428923,50.012287],[14.428792,50.012375],[14.42879,50.012384],[14.428672,50.012474],[14.428288,50.012757],[14.429646,50.013059],[14.429741,50.013076],[14.430257,50.013231],[14.430271,50.013232],[14.430285,50.013234],[14.430298,50.013235],[14.430312,50.013236],[14.430557,50.013539],[14.430015,50.014299],[14.429829,50.014509],[14.429706,50.014689],[14.430894,50.015066],[14.431012,50.015104],[14.431078,50.015128],[14.431222,50.015177],[14.431557,50.015325],[14.431709,50.015402],[14.432013,50.015565]]]}},{"type":"Feature","properties":{"cislo":12035,"kod":26591,"mestskaCast":"praha-12"},"geometry":{"type":"Polygon","coordinates":[[[14.435408,50.015823],[14.435617,50.015703],[14.435857,50.015569],[14.436034,50.015467],[14.436293,50.015309],[14.436637,50.015412],[14.436718,50.015428],[14.436825,50.015456],[14.437021,50.015591],[14.437414,50.015798],[14.43793,50.01549],[14.438393,50.015431],[14.438454,50.015346],[14.438608,50.015087],[14.438605,50.015032],[14.438646,50.014972],[14.439441,50.014217],[14.436675,50.012919],[14.436662,50.012918],[14.436409,50.013177],[14.434126,50.013383],[14.433706,50.013963],[14.435653,50.014544],[14.435797,50.014593],[14.435795,50.014602],[14.435409,50.015158],[14.435368,50.015218],[14.435288,50.015329],[14.435016,50.015705],[14.435408,50.015823]]]}},{"type":"Feature","properties":{"cislo":12036,"kod":26593,"mestskaCast":"praha-12"},"geometry":{"type":"Polygon","coordinates":[[[14.432013,50.015565],[14.432036,50.015585],[14.43206,50.015605],[14.431964,50.01566],[14.431698,50.015982],[14.431278,50.016498],[14.431492,50.016553],[14.431624,50.016592],[14.433312,50.01708],[14.433765,50.016755],[14.435408,50.015823],[14.435016,50.015705],[14.435288,50.015329],[14.435368,50.015218],[14.435409,50.015158],[14.435795,50.014602],[14.435797,50.014593],[14.435653,50.014544],[14.433706,50.013963],[14.433304,50.0142],[14.432734,50.014558],[14.432013,50.015565]]]}},{"type":"Feature","properties":{"cislo":12037,"kod":26595,"mestskaCast":"praha-12"},"geometry":{"type":"Polygon","coordinates":[[[14.430645,50.019075],[14.430923,50.019006],[14.431562,50.018904],[14.432012,50.018865],[14.432288,50.018808],[14.432327,50.018799],[14.432315,50.018996],[14.432341,50.018995],[14.432418,50.01899],[14.432683,50.018975],[14.433028,50.018956],[14.433361,50.018937],[14.433462,50.018931],[14.433561,50.018826],[14.433993,50.018371],[14.434019,50.018387],[14.43406,50.018411],[14.434233,50.018521],[14.434265,50.018537],[14.434346,50.018593],[14.434363,50.018605],[14.434423,50.018573],[14.434444,50.018561],[14.434456,50.018553],[14.434689,50.01842],[14.434983,50.018253],[14.435246,50.018104],[14.435304,50.018072],[14.435306,50.018074],[14.435309,50.018071],[14.435458,50.017966],[14.435543,50.017901],[14.435186,50.017725],[14.434954,50.017622],[14.434721,50.017529],[14.434701,50.017355],[14.437286,50.015868],[14.437414,50.015798],[14.437021,50.015591],[14.436825,50.015456],[14.436718,50.015428],[14.436637,50.015412],[14.436293,50.015309],[14.436034,50.015467],[14.435857,50.015569],[14.435617,50.015703],[14.435408,50.015823],[14.433765,50.016755],[14.433312,50.01708],[14.431624,50.016592],[14.431492,50.016553],[14.431278,50.016498],[14.431698,50.015982],[14.431964,50.01566],[14.43206,50.015605],[14.432036,50.015585],[14.432013,50.015565],[14.431709,50.015402],[14.431557,50.015325],[14.431222,50.015177],[14.431078,50.015128],[14.431012,50.015104],[14.430894,50.015066],[14.429706,50.014689],[14.429619,50.014835],[14.429539,50.014946],[14.429537,50.014955],[14.429357,50.015203],[14.429215,50.015408],[14.429116,50.015544],[14.429069,50.015631],[14.428987,50.015751],[14.428971,50.015758],[14.428967,50.015776],[14.428893,50.01586],[14.428809,50.015925],[14.428758,50.015966],[14.428738,50.015992],[14.428644,50.016101],[14.428613,50.016117],[14.42827,50.016204],[14.428239,50.01622],[14.427059,50.016533],[14.42703,50.016539],[14.426821,50.016593],[14.426807,50.016592],[14.428103,50.017451],[14.428462,50.017683],[14.428486,50.017703],[14.42851,50.017723],[14.429512,50.018375],[14.429734,50.018521],[14.430172,50.018778],[14.430549,50.018993],[14.430644,50.019074],[14.430645,50.019075],[14.430645,50.019075]]]}},{"type":"Feature","properties":{"cislo":12038,"kod":26597,"mestskaCast":"praha-12"},"geometry":{"type":"Polygon","coordinates":[[[14.437414,50.015798],[14.437286,50.015868],[14.434701,50.017355],[14.434721,50.017529],[14.434954,50.017622],[14.435186,50.017725],[14.435543,50.017901],[14.435609,50.017853],[14.435643,50.017829],[14.435898,50.017688],[14.436395,50.017405],[14.436561,50.01722],[14.436626,50.01718],[14.436628,50.017172],[14.436885,50.017022],[14.437321,50.017024],[14.437647,50.016817],[14.437673,50.016828],[14.437985,50.01662],[14.438331,50.016451],[14.438643,50.016243],[14.438669,50.016254],[14.438981,50.016046],[14.439224,50.015632],[14.438662,50.015491],[14.438514,50.01546],[14.438393,50.015431],[14.43793,50.01549],[14.437414,50.015798]]]}},{"type":"Feature","properties":{"cislo":12039,"kod":26599,"mestskaCast":"praha-12"},"geometry":{"type":"Polygon","coordinates":[[[14.43605,50.018594],[14.436057,50.018591],[14.436368,50.018455],[14.436415,50.018432],[14.43672,50.018323],[14.436966,50.01849],[14.43698,50.018491],[14.436539,50.018643],[14.436685,50.018819],[14.437446,50.019014],[14.437663,50.018661],[14.437704,50.018664],[14.437918,50.01832],[14.437865,50.018307],[14.438009,50.018092],[14.438157,50.017861],[14.438386,50.017908],[14.438799,50.017228],[14.438883,50.017099],[14.439037,50.01684],[14.43905,50.016841],[14.440213,50.017135],[14.440211,50.017144],[14.440003,50.017461],[14.439933,50.017591],[14.439931,50.0176],[14.440212,50.01767],[14.440044,50.017928],[14.44222,50.018492],[14.442411,50.018192],[14.442344,50.018177],[14.442563,50.017742],[14.442565,50.017733],[14.442551,50.017732],[14.443139,50.016822],[14.443231,50.016658],[14.439424,50.015686],[14.439224,50.015632],[14.438981,50.016046],[14.438669,50.016254],[14.438643,50.016243],[14.438331,50.016451],[14.437985,50.01662],[14.437673,50.016828],[14.437647,50.016817],[14.437321,50.017024],[14.436885,50.017022],[14.436628,50.017172],[14.436626,50.01718],[14.436561,50.01722],[14.436395,50.017405],[14.435898,50.017688],[14.435643,50.017829],[14.435609,50.017853],[14.435543,50.017901],[14.435458,50.017966],[14.435309,50.018071],[14.435306,50.018074],[14.435503,50.018197],[14.435634,50.018278],[14.435641,50.018282],[14.435834,50.01842],[14.43605,50.018594],[14.43605,50.018594]]]}},{"type":"Feature","properties":{"cislo":12040,"kod":26601,"mestskaCast":"praha-12"},"geometry":{"type":"Polygon","coordinates":[[[14.442382,50.018525],[14.442425,50.018456],[14.442514,50.018301],[14.442528,50.018302],[14.442943,50.018402],[14.443245,50.017911],[14.442565,50.017733],[14.442563,50.017742],[14.442344,50.018177],[14.442411,50.018192],[14.44222,50.018492],[14.440044,50.017928],[14.440212,50.01767],[14.439931,50.0176],[14.439933,50.017591],[14.440003,50.017461],[14.440211,50.017144],[14.440213,50.017135],[14.43905,50.016841],[14.439037,50.01684],[14.438883,50.017099],[14.438799,50.017228],[14.438386,50.017908],[14.438157,50.017861],[14.438009,50.018092],[14.437865,50.018307],[14.437918,50.01832],[14.437704,50.018664],[14.437663,50.018661],[14.437446,50.019014],[14.436685,50.018819],[14.436539,50.018643],[14.43698,50.018491],[14.436966,50.01849],[14.43672,50.018323],[14.436415,50.018432],[14.436368,50.018455],[14.436057,50.018591],[14.43605,50.018594],[14.43622,50.018758],[14.436388,50.018927],[14.436433,50.018971],[14.436663,50.019197],[14.436812,50.019373],[14.437012,50.019604],[14.437101,50.019704],[14.437225,50.019846],[14.437393,50.020039],[14.437554,50.020205],[14.437604,50.020229],[14.437618,50.020249],[14.437815,50.020471],[14.43795,50.020629],[14.43806,50.020757],[14.438126,50.020832],[14.438149,50.020875],[14.438127,50.020911],[14.438032,50.020956],[14.437912,50.021013],[14.4381,50.021178],[14.438275,50.021332],[14.43833,50.021334],[14.439066,50.021997],[14.439115,50.022054],[14.439137,50.022074],[14.439988,50.021762],[14.440017,50.021755],[14.440045,50.021758],[14.440226,50.021964],[14.440533,50.021846],[14.44056,50.021785],[14.440576,50.021778],[14.440729,50.021718],[14.440983,50.02165],[14.440985,50.021641],[14.441336,50.021518],[14.441766,50.020821],[14.441733,50.020709],[14.441747,50.02071],[14.442014,50.020253],[14.441946,50.020238],[14.441798,50.020207],[14.4418,50.020198],[14.441869,50.02014],[14.441871,50.020131],[14.442301,50.019434],[14.441886,50.019334],[14.442382,50.018525]]]}},{"type":"Feature","properties":{"cislo":12041,"kod":26603,"mestskaCast":"praha-12"},"geometry":{"type":"Polygon","coordinates":[[[14.441373,50.022599],[14.44146,50.022568],[14.441561,50.02253],[14.441685,50.022479],[14.441737,50.022457],[14.442131,50.022272],[14.442146,50.022264],[14.442181,50.022248],[14.44248,50.022108],[14.442722,50.021993],[14.442948,50.021888],[14.443181,50.021779],[14.44326,50.021742],[14.443439,50.021657],[14.443675,50.021548],[14.443709,50.021533],[14.443743,50.021514],[14.444093,50.02135],[14.444284,50.021261],[14.444312,50.021248],[14.444309,50.021246],[14.444174,50.021088],[14.443957,50.020851],[14.443943,50.02085],[14.443701,50.020665],[14.443586,50.02061],[14.443469,50.020563],[14.443299,50.020503],[14.443365,50.020391],[14.443406,50.020331],[14.443585,50.02002],[14.443715,50.019804],[14.444089,50.019901],[14.444541,50.01917],[14.44451,50.019113],[14.444514,50.019095],[14.444504,50.019076],[14.442382,50.018525],[14.441886,50.019334],[14.442301,50.019434],[14.441871,50.020131],[14.441869,50.02014],[14.4418,50.020198],[14.441798,50.020207],[14.441946,50.020238],[14.442014,50.020253],[14.441747,50.02071],[14.441733,50.020709],[14.441766,50.020821],[14.441336,50.021518],[14.440985,50.021641],[14.440983,50.02165],[14.440729,50.021718],[14.440576,50.021778],[14.44056,50.021785],[14.440533,50.021846],[14.440226,50.021964],[14.440045,50.021758],[14.440017,50.021755],[14.439988,50.021762],[14.439137,50.022074],[14.439269,50.022197],[14.43951,50.022435],[14.439832,50.022808],[14.439881,50.022798],[14.439897,50.022795],[14.439939,50.022787],[14.44021,50.022735],[14.440237,50.022763],[14.440288,50.022816],[14.440432,50.022964],[14.440442,50.023007],[14.440466,50.022987],[14.440549,50.022918],[14.440537,50.022905],[14.440717,50.022839],[14.440768,50.022821],[14.44095,50.022754],[14.440988,50.02274],[14.441132,50.022687],[14.441337,50.022612],[14.441373,50.022599]]]}},{"type":"Feature","properties":{"cislo":12042,"kod":26605,"mestskaCast":"praha-12"},"geometry":{"type":"Polygon","coordinates":[[[14.442382,50.018525],[14.444504,50.019076],[14.444514,50.019095],[14.44451,50.019113],[14.444541,50.01917],[14.444089,50.019901],[14.443715,50.019804],[14.443585,50.02002],[14.443406,50.020331],[14.443365,50.020391],[14.443299,50.020503],[14.443469,50.020563],[14.443586,50.02061],[14.443701,50.020665],[14.443943,50.02085],[14.443957,50.020851],[14.444174,50.021088],[14.444309,50.021246],[14.444312,50.021248],[14.44447,50.021177],[14.444603,50.021115],[14.444669,50.021085],[14.444893,50.020983],[14.444982,50.020942],[14.445167,50.020859],[14.445512,50.020701],[14.445537,50.020683],[14.44558,50.020652],[14.445664,50.020593],[14.445736,50.020542],[14.445962,50.020382],[14.446022,50.02034],[14.446095,50.020289],[14.446155,50.020246],[14.446333,50.02012],[14.446474,50.02002],[14.44651,50.019995],[14.446565,50.019957],[14.446606,50.019928],[14.44676,50.019819],[14.446924,50.019696],[14.447086,50.019573],[14.447249,50.019449],[14.447451,50.019296],[14.447618,50.019168],[14.447808,50.019023],[14.447836,50.019001],[14.447867,50.018978],[14.447971,50.018899],[14.448133,50.018776],[14.448294,50.018653],[14.448498,50.018498],[14.448511,50.018489],[14.448539,50.018471],[14.448575,50.018451],[14.448611,50.018433],[14.448629,50.018423],[14.448855,50.018298],[14.448862,50.018295],[14.44892,50.018259],[14.448941,50.018246],[14.4491,50.01813],[14.4491,50.01813],[14.448801,50.017949],[14.446851,50.01745],[14.446823,50.017447],[14.446048,50.017252],[14.445531,50.018023],[14.445381,50.018264],[14.445251,50.018416],[14.443245,50.017911],[14.442943,50.018402],[14.442528,50.018302],[14.442514,50.018301],[14.442425,50.018456],[14.442382,50.018525]]]}},{"type":"Feature","properties":{"cislo":12043,"kod":26607,"mestskaCast":"praha-12"},"geometry":{"type":"Polygon","coordinates":[[[14.4491,50.01813],[14.449362,50.017937],[14.449364,50.017936],[14.449381,50.017915],[14.449382,50.017914],[14.449428,50.017855],[14.449709,50.017493],[14.449783,50.017397],[14.449831,50.017337],[14.449825,50.017336],[14.449925,50.017215],[14.449945,50.017191],[14.449978,50.017151],[14.450183,50.016904],[14.450237,50.016839],[14.450277,50.016791],[14.450422,50.016615],[14.450584,50.01642],[14.450859,50.016089],[14.450874,50.01607],[14.451195,50.01568],[14.451265,50.015611],[14.4513,50.015577],[14.451479,50.015403],[14.45155,50.015334],[14.451785,50.014969],[14.451914,50.014806],[14.4523,50.014344],[14.45231,50.014332],[14.452326,50.014314],[14.452372,50.014259],[14.452403,50.014223],[14.452455,50.014161],[14.452664,50.013909],[14.452956,50.013552],[14.4531,50.01338],[14.453191,50.013265],[14.453096,50.013233],[14.452967,50.01319],[14.452918,50.013174],[14.452786,50.01313],[14.452725,50.01311],[14.452708,50.013104],[14.452651,50.013172],[14.452554,50.013292],[14.452458,50.013411],[14.452264,50.01365],[14.452118,50.013831],[14.452015,50.013949],[14.451727,50.014277],[14.45172,50.014285],[14.451687,50.014325],[14.451673,50.014341],[14.451478,50.014577],[14.451411,50.014658],[14.451371,50.014707],[14.451297,50.014684],[14.451027,50.014601],[14.45091,50.014565],[14.450895,50.01456],[14.450883,50.014556],[14.450736,50.014511],[14.450632,50.014527],[14.450436,50.014561],[14.450318,50.014582],[14.450197,50.014603],[14.45008,50.014623],[14.449925,50.01465],[14.44979,50.014677],[14.449723,50.014688],[14.449517,50.014725],[14.449245,50.014773],[14.448975,50.014821],[14.44885,50.014843],[14.448788,50.014854],[14.448773,50.014856],[14.448748,50.014858],[14.44872,50.014852],[14.448699,50.01484],[14.448687,50.014825],[14.448598,50.014617],[14.448584,50.014583],[14.448571,50.014553],[14.448524,50.014444],[14.44844,50.014272],[14.448345,50.014103],[14.448244,50.013935],[14.448134,50.013771],[14.448075,50.013688],[14.447988,50.013567],[14.447945,50.013518],[14.447846,50.013554],[14.447753,50.013589],[14.447561,50.013659],[14.447359,50.013519],[14.447316,50.013493],[14.447216,50.013423],[14.447215,50.013422],[14.447137,50.013398],[14.447137,50.013398],[14.447136,50.0134],[14.44705,50.013538],[14.446901,50.013842],[14.446833,50.013963],[14.446759,50.014111],[14.446396,50.014823],[14.446007,50.01546],[14.445997,50.015505],[14.445791,50.01555],[14.445438,50.016082],[14.444811,50.015917],[14.4447,50.016107],[14.444405,50.016235],[14.443871,50.016097],[14.443677,50.016416],[14.442901,50.01622],[14.443328,50.015541],[14.443497,50.015275],[14.443583,50.015137],[14.443569,50.015136],[14.442956,50.014973],[14.443063,50.014801],[14.443413,50.014214],[14.44281,50.014007],[14.442756,50.013993],[14.442404,50.013862],[14.442257,50.013758],[14.442146,50.013685],[14.442132,50.013684],[14.441635,50.013503],[14.440622,50.014358],[14.439455,50.014218],[14.439441,50.014217],[14.438646,50.014972],[14.438605,50.015032],[14.438608,50.015087],[14.438454,50.015346],[14.438393,50.015431],[14.438514,50.01546],[14.438662,50.015491],[14.439224,50.015632],[14.439424,50.015686],[14.443231,50.016658],[14.443139,50.016822],[14.442551,50.017732],[14.442565,50.017733],[14.443245,50.017911],[14.445251,50.018416],[14.445381,50.018264],[14.445531,50.018023],[14.446048,50.017252],[14.446823,50.017447],[14.446851,50.01745],[14.448801,50.017949],[14.4491,50.01813],[14.4491,50.01813]]]}},{"type":"Feature","properties":{"cislo":12044,"kod":26609,"mestskaCast":"praha-12"},"geometry":{"type":"Polygon","coordinates":[[[14.444811,50.015917],[14.445058,50.015549],[14.445344,50.015066],[14.444332,50.014795],[14.444318,50.014794],[14.443932,50.014687],[14.444146,50.014343],[14.443933,50.014288],[14.443709,50.014213],[14.443741,50.014198],[14.443756,50.01419],[14.443897,50.013531],[14.443943,50.013445],[14.44359,50.013123],[14.443576,50.013122],[14.442529,50.012748],[14.441635,50.013503],[14.442132,50.013684],[14.442146,50.013685],[14.442257,50.013758],[14.442404,50.013862],[14.442756,50.013993],[14.44281,50.014007],[14.443413,50.014214],[14.443063,50.014801],[14.442956,50.014973],[14.443569,50.015136],[14.443583,50.015137],[14.443497,50.015275],[14.443328,50.015541],[14.442901,50.01622],[14.443677,50.016416],[14.443871,50.016097],[14.444405,50.016235],[14.4447,50.016107],[14.444811,50.015917]]]}},{"type":"Feature","properties":{"cislo":12045,"kod":26611,"mestskaCast":"praha-12"},"geometry":{"type":"Polygon","coordinates":[[[14.445344,50.015066],[14.445457,50.014867],[14.4456,50.014662],[14.445993,50.014007],[14.444496,50.01363],[14.444679,50.013364],[14.444902,50.012976],[14.444961,50.012899],[14.44506,50.012758],[14.44506,50.012758],[14.444761,50.012655],[14.444673,50.012622],[14.444649,50.012613],[14.444502,50.01256],[14.444267,50.012475],[14.444192,50.01245],[14.443918,50.012357],[14.443745,50.012299],[14.443562,50.012231],[14.443351,50.012157],[14.443313,50.012143],[14.443272,50.012127],[14.442977,50.012019],[14.442885,50.011986],[14.442763,50.011941],[14.442969,50.011825],[14.44304,50.011789],[14.443124,50.011746],[14.443161,50.011728],[14.443161,50.011726],[14.443155,50.011711],[14.443207,50.011685],[14.44329,50.011649],[14.443368,50.011619],[14.443502,50.011575],[14.443585,50.011549],[14.443667,50.011524],[14.443723,50.011508],[14.443807,50.011485],[14.443836,50.011477],[14.443977,50.011439],[14.444232,50.011368],[14.444278,50.011322],[14.444342,50.011312],[14.4444,50.011316],[14.444521,50.011288],[14.444601,50.011284],[14.444655,50.011272],[14.444685,50.011267],[14.444804,50.011245],[14.444903,50.011226],[14.445033,50.011207],[14.445242,50.011186],[14.445427,50.011175],[14.445511,50.011168],[14.445556,50.011164],[14.445556,50.011175],[14.445653,50.011172],[14.445763,50.011174],[14.44581,50.011176],[14.445866,50.011177],[14.445888,50.011237],[14.445897,50.011262],[14.445935,50.01135],[14.445957,50.011296],[14.446289,50.011325],[14.446586,50.011328],[14.447267,50.011315],[14.447587,50.011339],[14.447528,50.01103],[14.44755,50.010859],[14.446366,50.0108],[14.445795,50.010768],[14.445699,50.010759],[14.445685,50.010758],[14.445434,50.010681],[14.445443,50.010637],[14.444588,50.010289],[14.444548,50.010276],[14.444453,50.010259],[14.444235,50.010094],[14.444138,50.010022],[14.444056,50.009942],[14.443984,50.009881],[14.443986,50.009873],[14.443837,50.009714],[14.443763,50.009599],[14.443749,50.009597],[14.443535,50.009279],[14.443537,50.00927],[14.443483,50.009193],[14.443469,50.009191],[14.443356,50.009063],[14.443358,50.009055],[14.443222,50.008897],[14.443196,50.008822],[14.442151,50.008639],[14.441477,50.008498],[14.441465,50.008488],[14.440832,50.008286],[14.440414,50.008531],[14.439702,50.008631],[14.439651,50.008608],[14.439443,50.00879],[14.439163,50.009046],[14.438759,50.009355],[14.438226,50.009544],[14.437751,50.009856],[14.437357,50.009985],[14.437163,50.01004],[14.436611,50.010118],[14.436094,50.010163],[14.435678,50.010199],[14.435378,50.010218],[14.4347,50.01023],[14.434491,50.010284],[14.434243,50.01039],[14.434021,50.010506],[14.434646,50.010879],[14.434773,50.010945],[14.43511,50.011147],[14.435738,50.011502],[14.435447,50.011812],[14.43525,50.012076],[14.435803,50.012388],[14.435866,50.012421],[14.436029,50.012517],[14.436693,50.012903],[14.436664,50.012909],[14.436662,50.012918],[14.436675,50.012919],[14.439441,50.014217],[14.439455,50.014218],[14.440622,50.014358],[14.441635,50.013503],[14.442529,50.012748],[14.443576,50.013122],[14.44359,50.013123],[14.443943,50.013445],[14.443897,50.013531],[14.443756,50.01419],[14.443741,50.014198],[14.443709,50.014213],[14.443933,50.014288],[14.444146,50.014343],[14.443932,50.014687],[14.444318,50.014794],[14.444332,50.014795],[14.445344,50.015066]]]}},{"type":"Feature","properties":{"cislo":12046,"kod":26613,"mestskaCast":"praha-12"},"geometry":{"type":"Polygon","coordinates":[[[14.447137,50.013398],[14.447132,50.013397],[14.447038,50.01337],[14.446935,50.013339],[14.44678,50.013294],[14.446764,50.013289],[14.446533,50.013219],[14.446285,50.013147],[14.446202,50.013123],[14.446038,50.013074],[14.445753,50.012988],[14.445744,50.012985],[14.44571,50.012975],[14.445684,50.012966],[14.445654,50.012956],[14.445418,50.012879],[14.445385,50.012867],[14.445348,50.012855],[14.445181,50.0128],[14.44515,50.012789],[14.44506,50.012758],[14.44506,50.012758],[14.444961,50.012899],[14.444902,50.012976],[14.444679,50.013364],[14.444496,50.01363],[14.445993,50.014007],[14.4456,50.014662],[14.445457,50.014867],[14.445344,50.015066],[14.445058,50.015549],[14.444811,50.015917],[14.445438,50.016082],[14.445791,50.01555],[14.445997,50.015505],[14.446007,50.01546],[14.446396,50.014823],[14.446759,50.014111],[14.446833,50.013963],[14.446901,50.013842],[14.44705,50.013538],[14.447136,50.0134],[14.447137,50.013398],[14.447137,50.013398]]]}},{"type":"Feature","properties":{"cislo":12047,"kod":26615,"mestskaCast":"praha-12"},"geometry":{"type":"Polygon","coordinates":[[[14.447587,50.011339],[14.447598,50.01134],[14.447661,50.011356],[14.447675,50.011344],[14.44772,50.011308],[14.447772,50.011267],[14.447852,50.011203],[14.448256,50.011147],[14.448689,50.011169],[14.449532,50.011255],[14.449775,50.011257],[14.450075,50.01126],[14.450457,50.011265],[14.450602,50.011275],[14.450602,50.011275],[14.450635,50.011187],[14.450677,50.010991],[14.450712,50.010958],[14.450888,50.010792],[14.450902,50.010793],[14.451219,50.010494],[14.451037,50.010424],[14.451061,50.009718],[14.451071,50.009338],[14.450929,50.009343],[14.450677,50.009339],[14.450336,50.009418],[14.450251,50.009419],[14.449156,50.009404],[14.44841,50.009402],[14.448373,50.010433],[14.448372,50.010905],[14.44755,50.010859],[14.447528,50.01103],[14.447587,50.011339]]]}},{"type":"Feature","properties":{"cislo":12048,"kod":26617,"mestskaCast":"praha-12"},"geometry":{"type":"Polygon","coordinates":[[[14.452821,50.011841],[14.452933,50.011707],[14.453116,50.011442],[14.453354,50.011118],[14.453593,50.010985],[14.454011,50.010414],[14.454385,50.009912],[14.454111,50.009742],[14.451609,50.009721],[14.451343,50.009715],[14.451061,50.009718],[14.451037,50.010424],[14.451219,50.010494],[14.450902,50.010793],[14.450888,50.010792],[14.450712,50.010958],[14.450677,50.010991],[14.450635,50.011187],[14.450602,50.011275],[14.450602,50.011275],[14.450739,50.011284],[14.450978,50.011305],[14.451087,50.011314],[14.451153,50.011325],[14.451215,50.011342],[14.45131,50.011368],[14.451469,50.011412],[14.451612,50.011451],[14.451643,50.011462],[14.451888,50.011541],[14.452137,50.011621],[14.452222,50.011649],[14.452388,50.011702],[14.452638,50.011782],[14.452805,50.011836],[14.452813,50.011839],[14.452821,50.011841]]]}},{"type":"Feature","properties":{"cislo":12049,"kod":26619,"mestskaCast":"praha-12"},"geometry":{"type":"Polygon","coordinates":[[[14.452821,50.011841],[14.452888,50.011863],[14.453131,50.011948],[14.453472,50.01206],[14.453544,50.012088],[14.45359,50.012103],[14.453605,50.012108],[14.453644,50.012121],[14.45394,50.01222],[14.453976,50.012232],[14.454032,50.01225],[14.45408,50.01219],[14.454096,50.012172],[14.454224,50.012017],[14.454356,50.011856],[14.454496,50.01169],[14.454526,50.011654],[14.454541,50.011636],[14.454551,50.011623],[14.454925,50.011149],[14.455038,50.010989],[14.455161,50.010813],[14.455374,50.01047],[14.455468,50.010293],[14.455477,50.010277],[14.455486,50.010259],[14.45556,50.01012],[14.45562,50.009988],[14.455769,50.009659],[14.455772,50.009599],[14.455908,50.009209],[14.456011,50.00883],[14.456016,50.008804],[14.456016,50.008801],[14.456012,50.0088],[14.456019,50.008784],[14.456107,50.008574],[14.456173,50.008419],[14.456168,50.008418],[14.455559,50.008364],[14.455473,50.008374],[14.455252,50.008355],[14.454932,50.008336],[14.454746,50.008346],[14.454533,50.008355],[14.454168,50.00835],[14.454154,50.008349],[14.453734,50.008339],[14.453523,50.008338],[14.453315,50.008209],[14.453057,50.008201],[14.453045,50.008532],[14.451721,50.008669],[14.451365,50.008683],[14.451352,50.008682],[14.451151,50.0087],[14.450912,50.008697],[14.450348,50.008765],[14.45035,50.008956],[14.450344,50.008983],[14.450336,50.009418],[14.450677,50.009339],[14.450929,50.009343],[14.451071,50.009338],[14.451061,50.009718],[14.451343,50.009715],[14.451609,50.009721],[14.454111,50.009742],[14.454385,50.009912],[14.454011,50.010414],[14.453593,50.010985],[14.453354,50.011118],[14.453116,50.011442],[14.452933,50.011707],[14.452821,50.011841]]]}},{"type":"Feature","properties":{"cislo":12050,"kod":26621,"mestskaCast":"praha-12"},"geometry":{"type":"Polygon","coordinates":[[[14.440832,50.008286],[14.441465,50.008488],[14.441477,50.008498],[14.442151,50.008639],[14.443196,50.008822],[14.443222,50.008897],[14.443358,50.009055],[14.443356,50.009063],[14.443469,50.009191],[14.443483,50.009193],[14.443537,50.00927],[14.443535,50.009279],[14.443749,50.009597],[14.443763,50.009599],[14.443837,50.009714],[14.443986,50.009873],[14.443984,50.009881],[14.444056,50.009942],[14.444138,50.010022],[14.444235,50.010094],[14.444453,50.010259],[14.444548,50.010276],[14.444588,50.010289],[14.445443,50.010637],[14.445434,50.010681],[14.445685,50.010758],[14.445699,50.010759],[14.445795,50.010768],[14.446366,50.0108],[14.44755,50.010859],[14.448372,50.010905],[14.448373,50.010433],[14.44841,50.009402],[14.449156,50.009404],[14.450251,50.009419],[14.450336,50.009418],[14.450344,50.008983],[14.45035,50.008956],[14.450348,50.008765],[14.450912,50.008697],[14.451151,50.0087],[14.451352,50.008682],[14.451365,50.008683],[14.451721,50.008669],[14.453045,50.008532],[14.453057,50.008201],[14.453315,50.008209],[14.453523,50.008338],[14.453734,50.008339],[14.454154,50.008349],[14.454168,50.00835],[14.454533,50.008355],[14.454746,50.008346],[14.454932,50.008336],[14.455252,50.008355],[14.455473,50.008374],[14.455559,50.008364],[14.456168,50.008418],[14.456173,50.008419],[14.456199,50.008359],[14.456297,50.008125],[14.456277,50.007987],[14.456228,50.007655],[14.456203,50.007481],[14.456172,50.007269],[14.456164,50.007211],[14.456148,50.007104],[14.456141,50.007054],[14.456118,50.006901],[14.456092,50.006722],[14.456065,50.006543],[14.456036,50.006341],[14.456021,50.006251],[14.456072,50.006194],[14.456143,50.006159],[14.456231,50.006134],[14.456563,50.00612],[14.456594,50.006118],[14.456593,50.00609],[14.456594,50.006069],[14.456567,50.006051],[14.456552,50.006047],[14.456394,50.005988],[14.45636,50.005977],[14.456304,50.005968],[14.456011,50.005871],[14.455968,50.005873],[14.455828,50.00588],[14.455391,50.005901],[14.455358,50.005921],[14.455359,50.005945],[14.455081,50.005957],[14.454803,50.00597],[14.454525,50.005995],[14.45431,50.006015],[14.454246,50.006013],[14.454108,50.006009],[14.454107,50.005991],[14.453968,50.005998],[14.45383,50.006004],[14.453405,50.006023],[14.453337,50.006027],[14.45316,50.006047],[14.453166,50.006065],[14.45299,50.006086],[14.452859,50.006092],[14.452585,50.006107],[14.452301,50.006119],[14.452022,50.006131],[14.451744,50.006144],[14.451467,50.006157],[14.451189,50.00617],[14.45091,50.006183],[14.450631,50.006196],[14.450352,50.006209],[14.450073,50.006224],[14.449796,50.006241],[14.449682,50.00625],[14.449625,50.006255],[14.449447,50.006269],[14.449241,50.006288],[14.449241,50.006288],[14.445839,50.006796],[14.445259,50.006872],[14.444831,50.006898],[14.444048,50.006874],[14.442212,50.006829],[14.441516,50.006795],[14.440861,50.008216],[14.440832,50.008286]]]}}]}
