{"type":"FeatureCollection","features":[{"type":"Feature","properties":{"cislo":13001,"kod":27193,"mestskaCast":"praha-13"},"geometry":{"type":"Polygon","coordinates":[[[14.330183,50.046621],[14.332869,50.046453],[14.333035,50.046468],[14.333064,50.046334],[14.333133,50.045687],[14.333244,50.04517],[14.333012,50.04455],[14.33268,50.044521],[14.331492,50.045729],[14.330615,50.044354],[14.330402,50.044299],[14.330143,50.044258],[14.329888,50.044198],[14.329455,50.044114],[14.329095,50.044082],[14.3287,50.04402],[14.32823,50.043978],[14.327896,50.043957],[14.327649,50.043926],[14.327647,50.043935],[14.327481,50.04392],[14.327287,50.043902],[14.327108,50.043886],[14.327013,50.043869],[14.326971,50.043865],[14.326973,50.043856],[14.326957,50.043864],[14.326863,50.043846],[14.326742,50.043817],[14.326637,50.043781],[14.326611,50.043769],[14.326676,50.044383],[14.326572,50.044737],[14.326453,50.044962],[14.326171,50.045355],[14.326083,50.045501],[14.326205,50.045521],[14.326207,50.045512],[14.327367,50.045625],[14.328305,50.045718],[14.328701,50.046171],[14.328883,50.046242],[14.329419,50.046308],[14.329818,50.044782],[14.330275,50.044823],[14.330606,50.044853],[14.330661,50.044994],[14.330599,50.045279],[14.330553,50.045492],[14.330507,50.045706],[14.330447,50.045855],[14.330363,50.046111],[14.330176,50.046194],[14.330183,50.046621]]]}},{"type":"Feature","properties":{"cislo":13002,"kod":27195,"mestskaCast":"praha-13"},"geometry":{"type":"Polygon","coordinates":[[[14.322352,50.04711],[14.323055,50.047118],[14.324914,50.04713],[14.324927,50.047132],[14.326865,50.046906],[14.327821,50.046855],[14.330291,50.04684],[14.332568,50.046934],[14.332706,50.046947],[14.337139,50.04718],[14.338619,50.046722],[14.338236,50.046406],[14.33821,50.046395],[14.33802,50.046232],[14.33778,50.046039],[14.337706,50.045987],[14.337655,50.045964],[14.337621,50.045925],[14.337585,50.045894],[14.337563,50.045865],[14.337529,50.045826],[14.337496,50.045786],[14.337462,50.045747],[14.337398,50.045714],[14.337351,50.045673],[14.337285,50.045649],[14.33721,50.045606],[14.337142,50.045528],[14.336674,50.045477],[14.33634,50.045329],[14.335655,50.045495],[14.335033,50.045376],[14.334583,50.045172],[14.334585,50.045163],[14.334524,50.045121],[14.334335,50.045014],[14.334106,50.044902],[14.333848,50.044789],[14.333585,50.044701],[14.333346,50.044635],[14.333025,50.044552],[14.333012,50.04455],[14.333244,50.04517],[14.333133,50.045687],[14.333064,50.046334],[14.333035,50.046468],[14.332869,50.046453],[14.330183,50.046621],[14.329683,50.046649],[14.325414,50.04664],[14.325234,50.046943],[14.324651,50.047073],[14.323042,50.046464],[14.322475,50.046413],[14.322364,50.047057],[14.322352,50.04711]]]}},{"type":"Feature","properties":{"cislo":13003,"kod":27197,"mestskaCast":"praha-13"},"geometry":{"type":"Polygon","coordinates":[[[14.334585,50.045163],[14.334583,50.045172],[14.335033,50.045376],[14.335655,50.045495],[14.33634,50.045329],[14.336674,50.045477],[14.337142,50.045528],[14.33721,50.045606],[14.337285,50.045649],[14.337351,50.045673],[14.337398,50.045714],[14.337462,50.045747],[14.337496,50.045786],[14.337529,50.045826],[14.337563,50.045865],[14.337585,50.045894],[14.337621,50.045925],[14.337655,50.045964],[14.337706,50.045987],[14.33778,50.046039],[14.33802,50.046232],[14.33821,50.046395],[14.338338,50.046324],[14.338352,50.046262],[14.338375,50.046155],[14.338401,50.045967],[14.338754,50.045182],[14.33814,50.044691],[14.337743,50.044374],[14.337732,50.044364],[14.337297,50.043962],[14.336709,50.043483],[14.336693,50.043491],[14.336179,50.043717],[14.336715,50.044173],[14.335865,50.044588],[14.335863,50.044596],[14.335625,50.04472],[14.335169,50.04468],[14.335001,50.044737],[14.334891,50.044791],[14.334585,50.045163]]]}},{"type":"Feature","properties":{"cislo":13004,"kod":27199,"mestskaCast":"praha-13"},"geometry":{"type":"Polygon","coordinates":[[[14.333025,50.044552],[14.333346,50.044635],[14.333585,50.044701],[14.333848,50.044789],[14.334106,50.044902],[14.334335,50.045014],[14.334524,50.045121],[14.334585,50.045163],[14.334891,50.044791],[14.335001,50.044737],[14.335169,50.04468],[14.335625,50.04472],[14.335863,50.044596],[14.335865,50.044588],[14.336715,50.044173],[14.336179,50.043717],[14.336693,50.043491],[14.336709,50.043483],[14.335485,50.042493],[14.334395,50.042904],[14.333397,50.043414],[14.333234,50.043781],[14.333063,50.043856],[14.332809,50.043988],[14.332821,50.043998],[14.332918,50.04407],[14.332942,50.04409],[14.333025,50.044552]]]}},{"type":"Feature","properties":{"cislo":13005,"kod":27201,"mestskaCast":"praha-13"},"geometry":{"type":"Polygon","coordinates":[[[14.332809,50.043988],[14.333063,50.043856],[14.333234,50.043781],[14.333397,50.043414],[14.334395,50.042904],[14.335485,50.042493],[14.334427,50.041645],[14.333865,50.04144],[14.331875,50.040736],[14.331636,50.041187],[14.331541,50.041369],[14.331368,50.041907],[14.331229,50.041967],[14.331227,50.041976],[14.331101,50.042038],[14.33093,50.042894],[14.330926,50.042912],[14.330922,50.042929],[14.331229,50.042948],[14.33131,50.042964],[14.331393,50.042971],[14.332611,50.043071],[14.332529,50.043717],[14.332594,50.043805],[14.332725,50.043917],[14.332809,50.043988]]]}},{"type":"Feature","properties":{"cislo":13006,"kod":27203,"mestskaCast":"praha-13"},"geometry":{"type":"Polygon","coordinates":[[[14.327649,50.043926],[14.327896,50.043957],[14.32823,50.043978],[14.3287,50.04402],[14.329095,50.044082],[14.329455,50.044114],[14.329888,50.044198],[14.330143,50.044258],[14.330402,50.044299],[14.330615,50.044354],[14.331492,50.045729],[14.33268,50.044521],[14.333012,50.04455],[14.333025,50.044552],[14.332942,50.04409],[14.332918,50.04407],[14.332821,50.043998],[14.332809,50.043988],[14.332725,50.043917],[14.332594,50.043805],[14.332529,50.043717],[14.332611,50.043071],[14.331393,50.042971],[14.331381,50.043025],[14.331356,50.043077],[14.331315,50.043137],[14.331216,50.043201],[14.331073,50.043279],[14.330441,50.043594],[14.330301,50.043654],[14.330208,50.043692],[14.329978,50.043716],[14.32981,50.04371],[14.329614,50.043702],[14.329349,50.043687],[14.32931,50.043675],[14.328696,50.043647],[14.328112,50.043413],[14.327983,50.043293],[14.328044,50.043008],[14.328771,50.042646],[14.329047,50.042671],[14.329106,50.042658],[14.329135,50.042524],[14.329307,50.042513],[14.329506,50.042503],[14.329715,50.042513],[14.329909,50.04253],[14.330128,50.042559],[14.330348,50.042587],[14.330482,50.042618],[14.330569,50.042671],[14.33069,50.042763],[14.33079,50.042827],[14.330821,50.042875],[14.330911,50.042919],[14.330922,50.042929],[14.330926,50.042912],[14.33093,50.042894],[14.331101,50.042038],[14.331227,50.041976],[14.331229,50.041967],[14.331368,50.041907],[14.331541,50.041369],[14.331636,50.041187],[14.330489,50.041084],[14.329286,50.04104],[14.328891,50.041105],[14.328947,50.041436],[14.330069,50.041528],[14.329913,50.042186],[14.328625,50.042079],[14.327609,50.042606],[14.327455,50.043255],[14.327513,50.043314],[14.327527,50.043316],[14.327793,50.043648],[14.327764,50.043782],[14.327649,50.043926]]]}},{"type":"Feature","properties":{"cislo":13007,"kod":27205,"mestskaCast":"praha-13"},"geometry":{"type":"Polygon","coordinates":[[[14.331393,50.042971],[14.33131,50.042964],[14.331229,50.042948],[14.330922,50.042929],[14.330911,50.042919],[14.330821,50.042875],[14.33079,50.042827],[14.33069,50.042763],[14.330569,50.042671],[14.330482,50.042618],[14.330348,50.042587],[14.330128,50.042559],[14.329909,50.04253],[14.329715,50.042513],[14.329506,50.042503],[14.329307,50.042513],[14.329135,50.042524],[14.329106,50.042658],[14.329047,50.042671],[14.328771,50.042646],[14.328044,50.043008],[14.327983,50.043293],[14.328112,50.043413],[14.328696,50.043647],[14.32931,50.043675],[14.329349,50.043687],[14.329614,50.043702],[14.32981,50.04371],[14.329978,50.043716],[14.330208,50.043692],[14.330301,50.043654],[14.330441,50.043594],[14.331073,50.043279],[14.331216,50.043201],[14.331315,50.043137],[14.331356,50.043077],[14.331381,50.043025],[14.331393,50.042971]]]}},{"type":"Feature","properties":{"cislo":13008,"kod":27207,"mestskaCast":"praha-13"},"geometry":{"type":"Polygon","coordinates":[[[14.327649,50.043926],[14.327764,50.043782],[14.327793,50.043648],[14.327527,50.043316],[14.327513,50.043314],[14.327455,50.043255],[14.327609,50.042606],[14.328625,50.042079],[14.329913,50.042186],[14.330069,50.041528],[14.328947,50.041436],[14.328891,50.041105],[14.329286,50.04104],[14.330489,50.041084],[14.331636,50.041187],[14.331875,50.040736],[14.331716,50.040622],[14.331533,50.040488],[14.331246,50.040317],[14.330953,50.040173],[14.33064,50.040054],[14.33035,50.039964],[14.330055,50.039893],[14.329818,50.039817],[14.329804,50.039816],[14.329347,50.039711],[14.328906,50.039536],[14.327372,50.038935],[14.327061,50.038808],[14.326139,50.038444],[14.325755,50.038328],[14.325753,50.038327],[14.325753,50.038327],[14.325684,50.038377],[14.325662,50.038393],[14.325655,50.038397],[14.325648,50.038403],[14.324079,50.039582],[14.323745,50.039835],[14.323739,50.039835],[14.323739,50.039835],[14.323739,50.039836],[14.323699,50.04015],[14.323583,50.040557],[14.324353,50.040644],[14.327093,50.040426],[14.327155,50.040922],[14.327251,50.041521],[14.32729,50.041797],[14.327198,50.041834],[14.327052,50.041921],[14.326891,50.042015],[14.32669,50.042161],[14.326596,50.04227],[14.326498,50.042398],[14.326407,50.042562],[14.326346,50.042711],[14.326314,50.042862],[14.326265,50.043021],[14.326223,50.043154],[14.32616,50.043248],[14.326109,50.043352],[14.3261,50.043397],[14.32609,50.043441],[14.326134,50.0435],[14.326245,50.043573],[14.326344,50.043636],[14.326417,50.043688],[14.326534,50.043735],[14.326611,50.043769],[14.326637,50.043781],[14.326742,50.043817],[14.326863,50.043846],[14.326957,50.043864],[14.326973,50.043856],[14.326971,50.043865],[14.327013,50.043869],[14.327108,50.043886],[14.327287,50.043902],[14.327481,50.04392],[14.327647,50.043935],[14.327649,50.043926]]]}},{"type":"Feature","properties":{"cislo":13009,"kod":27209,"mestskaCast":"praha-13"},"geometry":{"type":"Polygon","coordinates":[[[14.31786,50.047563],[14.317869,50.047779],[14.318378,50.047626],[14.319675,50.04717],[14.319671,50.047124],[14.319611,50.04701],[14.319383,50.046826],[14.319818,50.046638],[14.31995,50.046614],[14.320024,50.046466],[14.320044,50.046377],[14.320138,50.046331],[14.32017,50.046316],[14.320668,50.046161],[14.322029,50.046255],[14.322112,50.046263],[14.322373,50.046295],[14.322475,50.046413],[14.322568,50.045855],[14.323419,50.045431],[14.322664,50.044687],[14.322353,50.044369],[14.32162,50.04423],[14.320577,50.044818],[14.32011,50.045233],[14.319505,50.045767],[14.318305,50.046124],[14.31788,50.046009],[14.317627,50.045951],[14.31752,50.045774],[14.317182,50.045498],[14.317084,50.045427],[14.316992,50.045352],[14.316909,50.045284],[14.316809,50.045209],[14.316844,50.045109],[14.316917,50.04485],[14.316979,50.044772],[14.317063,50.044716],[14.317162,50.04469],[14.317261,50.044667],[14.317364,50.044671],[14.318358,50.044783],[14.318364,50.044756],[14.318437,50.044545],[14.318501,50.044251],[14.318427,50.044135],[14.318088,50.043814],[14.318109,50.043716],[14.318143,50.043556],[14.318161,50.043476],[14.318147,50.043475],[14.318135,50.043465],[14.317927,50.043446],[14.316738,50.04334],[14.315857,50.043261],[14.315857,50.043261],[14.315597,50.043403],[14.315385,50.043497],[14.315138,50.043596],[14.314887,50.043691],[14.314876,50.043695],[14.314869,50.043697],[14.314869,50.043697],[14.314871,50.0437],[14.315378,50.04448],[14.3154,50.044509],[14.315476,50.044679],[14.315648,50.045058],[14.31566,50.045068],[14.315711,50.04529],[14.315793,50.045497],[14.315911,50.045671],[14.316091,50.045814],[14.316297,50.045905],[14.316542,50.046009],[14.316845,50.046109],[14.317104,50.046214],[14.317247,50.046272],[14.317399,50.046349],[14.317532,50.046452],[14.317659,50.046581],[14.317763,50.04669],[14.317819,50.046886],[14.317832,50.047087],[14.317858,50.047475],[14.31786,50.047563]]]}},{"type":"Feature","properties":{"cislo":13010,"kod":27211,"mestskaCast":"praha-13"},"geometry":{"type":"Polygon","coordinates":[[[14.318358,50.044783],[14.317364,50.044671],[14.317261,50.044667],[14.317162,50.04469],[14.317063,50.044716],[14.316979,50.044772],[14.316917,50.04485],[14.316844,50.045109],[14.316809,50.045209],[14.316909,50.045284],[14.316992,50.045352],[14.317084,50.045427],[14.317182,50.045498],[14.31752,50.045774],[14.317627,50.045951],[14.31788,50.046009],[14.318305,50.046124],[14.319505,50.045767],[14.32011,50.045233],[14.320577,50.044818],[14.320513,50.044685],[14.320458,50.044644],[14.320411,50.044613],[14.320232,50.044604],[14.319951,50.044616],[14.31974,50.044597],[14.319545,50.044699],[14.319228,50.044721],[14.318511,50.044772],[14.318401,50.04478],[14.318358,50.044783]]]}},{"type":"Feature","properties":{"cislo":13011,"kod":27213,"mestskaCast":"praha-13"},"geometry":{"type":"Polygon","coordinates":[[[14.322664,50.044687],[14.322666,50.044678],[14.322786,50.044643],[14.323005,50.044545],[14.323245,50.044476],[14.323487,50.044398],[14.32373,50.044319],[14.323984,50.044251],[14.324209,50.04419],[14.324517,50.044136],[14.324578,50.044114],[14.324394,50.043852],[14.324283,50.043715],[14.32413,50.043575],[14.32395,50.043431],[14.323952,50.043422],[14.323797,50.043291],[14.322617,50.043857],[14.321967,50.043799],[14.32161,50.043757],[14.321487,50.043674],[14.321356,50.043562],[14.321215,50.043432],[14.32085,50.043616],[14.3209,50.043701],[14.32162,50.04423],[14.322353,50.044369],[14.322664,50.044687]]]}},{"type":"Feature","properties":{"cislo":13012,"kod":27215,"mestskaCast":"praha-13"},"geometry":{"type":"Polygon","coordinates":[[[14.321167,50.043391],[14.321783,50.043083],[14.321898,50.043012],[14.321964,50.0429],[14.322102,50.042785],[14.322371,50.042646],[14.322611,50.042513],[14.322806,50.042458],[14.322942,50.042415],[14.323251,50.042425],[14.323776,50.042472],[14.324055,50.042488],[14.324276,50.042507],[14.32441,50.042538],[14.324622,50.042602],[14.324711,50.042646],[14.324767,50.042715],[14.325054,50.042822],[14.325247,50.042839],[14.325455,50.042858],[14.325704,50.04288],[14.325757,50.042567],[14.325524,50.042537],[14.325261,50.042514],[14.325184,50.04248],[14.324799,50.042109],[14.324682,50.042063],[14.324407,50.042024],[14.324451,50.041833],[14.324716,50.041839],[14.324763,50.041689],[14.324762,50.041561],[14.32467,50.041462],[14.324575,50.041381],[14.324431,50.041332],[14.324253,50.041307],[14.324255,50.041298],[14.32402,50.041277],[14.323714,50.041259],[14.323382,50.041229],[14.323064,50.041201],[14.32291,50.041196],[14.322764,50.041219],[14.322517,50.041315],[14.321797,50.04165],[14.321529,50.04178],[14.321129,50.041999],[14.321075,50.042121],[14.320873,50.043056],[14.320777,50.043111],[14.32079,50.043112],[14.320852,50.043154],[14.321167,50.043391]]]}},{"type":"Feature","properties":{"cislo":13013,"kod":27217,"mestskaCast":"praha-13"},"geometry":{"type":"Polygon","coordinates":[[[14.321215,50.043432],[14.321356,50.043562],[14.321487,50.043674],[14.32161,50.043757],[14.321967,50.043799],[14.322617,50.043857],[14.323797,50.043291],[14.323952,50.043422],[14.32395,50.043431],[14.32413,50.043575],[14.324283,50.043715],[14.324394,50.043852],[14.324578,50.044114],[14.324682,50.044087],[14.324846,50.044047],[14.32507,50.043985],[14.325264,50.043939],[14.325461,50.043875],[14.32564,50.043764],[14.325775,50.043658],[14.325927,50.043545],[14.3261,50.043397],[14.326109,50.043352],[14.32616,50.043248],[14.326223,50.043154],[14.326265,50.043021],[14.326314,50.042862],[14.326346,50.042711],[14.326407,50.042562],[14.326498,50.042398],[14.326596,50.04227],[14.32669,50.042161],[14.326891,50.042015],[14.327052,50.041921],[14.327198,50.041834],[14.32729,50.041797],[14.327251,50.041521],[14.32479,50.041364],[14.324863,50.040962],[14.324353,50.040908],[14.324314,50.041022],[14.324312,50.041031],[14.324239,50.041242],[14.324255,50.041298],[14.324253,50.041307],[14.324431,50.041332],[14.324575,50.041381],[14.32467,50.041462],[14.324762,50.041561],[14.324763,50.041689],[14.324716,50.041839],[14.324451,50.041833],[14.324407,50.042024],[14.324682,50.042063],[14.324799,50.042109],[14.325184,50.04248],[14.325261,50.042514],[14.325524,50.042537],[14.325757,50.042567],[14.325704,50.04288],[14.325455,50.042858],[14.325247,50.042839],[14.325054,50.042822],[14.324767,50.042715],[14.324711,50.042646],[14.324622,50.042602],[14.32441,50.042538],[14.324276,50.042507],[14.324055,50.042488],[14.323776,50.042472],[14.323251,50.042425],[14.322942,50.042415],[14.322806,50.042458],[14.322611,50.042513],[14.322371,50.042646],[14.322102,50.042785],[14.321964,50.0429],[14.321898,50.043012],[14.321783,50.043083],[14.321167,50.043391],[14.321215,50.043432]]]}},{"type":"Feature","properties":{"cislo":13014,"kod":27219,"mestskaCast":"praha-13"},"geometry":{"type":"Polygon","coordinates":[[[14.338163,50.039219],[14.338127,50.039389],[14.33823,50.039434],[14.338242,50.039444],[14.338281,50.039457],[14.339787,50.0396],[14.339789,50.039592],[14.340577,50.039662],[14.34095,50.039695],[14.341088,50.039708],[14.342003,50.039717],[14.342409,50.039662],[14.342436,50.039601],[14.342561,50.039349],[14.342712,50.038645],[14.34281,50.038191],[14.342868,50.037924],[14.342656,50.037796],[14.3426,50.037791],[14.34231,50.037765],[14.342227,50.037758],[14.341729,50.037713],[14.341643,50.038114],[14.342127,50.038157],[14.342176,50.038126],[14.342231,50.03813],[14.342466,50.038151],[14.342577,50.038161],[14.342518,50.038437],[14.342516,50.038446],[14.34238,50.038879],[14.342357,50.038986],[14.342095,50.038962],[14.342053,50.038959],[14.342039,50.038958],[14.342025,50.038956],[14.341996,50.038963],[14.341954,50.038959],[14.341952,50.038968],[14.341922,50.038911],[14.34148,50.038871],[14.341449,50.039014],[14.341426,50.039057],[14.341406,50.039083],[14.341373,50.039107],[14.341328,50.039121],[14.341282,50.039135],[14.341251,50.03915],[14.34122,50.039293],[14.341164,50.039488],[14.340722,50.039448],[14.340514,50.039429],[14.340503,50.039483],[14.340226,50.039458],[14.339701,50.039411],[14.339639,50.039369],[14.339718,50.039004],[14.33951,50.038986],[14.339331,50.03897],[14.339178,50.038956],[14.33911,50.03934],[14.338584,50.039293],[14.338551,50.039254],[14.338481,50.039248],[14.338288,50.039231],[14.338177,50.039221],[14.338163,50.039219]]]}},{"type":"Feature","properties":{"cislo":13015,"kod":27221,"mestskaCast":"praha-13"},"geometry":{"type":"Polygon","coordinates":[[[14.352365,50.048538],[14.352378,50.048496],[14.352409,50.04839],[14.352425,50.048337],[14.352434,50.048304],[14.352499,50.048084],[14.352527,50.047989],[14.352581,50.047807],[14.352856,50.046875],[14.352823,50.046805],[14.352789,50.046758],[14.352579,50.046309],[14.352512,50.045896],[14.352868,50.045449],[14.353482,50.044883],[14.35383,50.044553],[14.353617,50.0443],[14.353356,50.043785],[14.353195,50.043481],[14.353116,50.043319],[14.353119,50.043156],[14.353178,50.042958],[14.353288,50.042823],[14.353439,50.042721],[14.353753,50.042691],[14.354194,50.042673],[14.354657,50.042627],[14.355021,50.042592],[14.355303,50.042559],[14.355393,50.042519],[14.355439,50.042456],[14.355419,50.042396],[14.355297,50.042288],[14.35497,50.042076],[14.354614,50.041851],[14.354237,50.041644],[14.353705,50.041336],[14.353386,50.041163],[14.353194,50.041001],[14.35299,50.040819],[14.352878,50.040664],[14.352728,50.04038],[14.352638,50.040276],[14.35261,50.040177],[14.352556,50.039825],[14.352466,50.039643],[14.352211,50.039475],[14.351997,50.039417],[14.35181,50.039382],[14.351757,50.039329],[14.351789,50.039254],[14.351908,50.039226],[14.352077,50.039193],[14.35226,50.039094],[14.352436,50.038955],[14.352594,50.038824],[14.352763,50.038714],[14.352833,50.038614],[14.352851,50.038529],[14.352772,50.038445],[14.352568,50.03834],[14.352341,50.038194],[14.352202,50.038085],[14.352195,50.037968],[14.352283,50.03786],[14.352408,50.037804],[14.352705,50.037705],[14.35295,50.037621],[14.353214,50.037519],[14.353368,50.037407],[14.35341,50.037286],[14.353364,50.037127],[14.353134,50.036991],[14.352747,50.036908],[14.352399,50.036793],[14.352942,50.035517],[14.352597,50.035488],[14.352597,50.035488],[14.352127,50.035427],[14.352082,50.035421],[14.352064,50.035412],[14.351887,50.035325],[14.351556,50.035301],[14.350571,50.034829],[14.350513,50.034775],[14.350476,50.034741],[14.350429,50.034697],[14.350145,50.034447],[14.349775,50.034343],[14.34951,50.03434],[14.3494,50.034339],[14.348738,50.034292],[14.348266,50.034129],[14.348265,50.034131],[14.34815,50.034665],[14.347828,50.034981],[14.34759,50.035432],[14.346901,50.036342],[14.346261,50.037156],[14.346218,50.037288],[14.346065,50.037474],[14.34592,50.037561],[14.345436,50.037518],[14.345021,50.037481],[14.344772,50.037459],[14.344509,50.037435],[14.343842,50.037131],[14.343911,50.03681],[14.343233,50.036749],[14.343186,50.036709],[14.343118,50.03663],[14.342987,50.036255],[14.342979,50.036228],[14.342987,50.036192],[14.343039,50.036015],[14.34295,50.035907],[14.342827,50.035824],[14.342536,50.035798],[14.342218,50.035769],[14.34082,50.035653],[14.339743,50.035548],[14.339694,50.03558],[14.339654,50.035767],[14.340124,50.035809],[14.340371,50.03584],[14.340689,50.035869],[14.340979,50.035895],[14.340964,50.035966],[14.341254,50.035992],[14.341503,50.036014],[14.34207,50.036065],[14.341987,50.036384],[14.341928,50.03666],[14.342536,50.036714],[14.34255,50.036716],[14.342773,50.036727],[14.343006,50.036756],[14.342816,50.037575],[14.342609,50.037556],[14.342595,50.037555],[14.34236,50.037534],[14.342277,50.037526],[14.341779,50.037482],[14.341729,50.037713],[14.342227,50.037758],[14.34231,50.037765],[14.3426,50.037791],[14.342656,50.037796],[14.342868,50.037924],[14.34281,50.038191],[14.342712,50.038645],[14.342561,50.039349],[14.342436,50.039601],[14.342409,50.039662],[14.342003,50.039717],[14.341088,50.039708],[14.34095,50.039695],[14.340577,50.039662],[14.339789,50.039592],[14.339787,50.0396],[14.338281,50.039457],[14.338242,50.039444],[14.33823,50.039434],[14.338127,50.039389],[14.338163,50.039219],[14.337723,50.039171],[14.337707,50.039179],[14.337513,50.039161],[14.337411,50.039179],[14.336457,50.039094],[14.336378,50.039069],[14.336269,50.03905],[14.336255,50.039049],[14.336061,50.039032],[14.335951,50.039022],[14.335888,50.039316],[14.336619,50.039517],[14.338154,50.039654],[14.339938,50.039814],[14.340408,50.039856],[14.34139,50.039943],[14.342051,50.039884],[14.342349,50.039875],[14.342876,50.039586],[14.342921,50.039381],[14.343404,50.039297],[14.343597,50.039315],[14.343989,50.039195],[14.344432,50.039235],[14.344501,50.038914],[14.344605,50.038887],[14.345444,50.039116],[14.346861,50.03967],[14.346862,50.039672],[14.346867,50.039681],[14.346988,50.039921],[14.347662,50.041268],[14.347958,50.041851],[14.347772,50.042333],[14.346019,50.042362],[14.345048,50.042375],[14.344564,50.042388],[14.344234,50.04238],[14.34344,50.042342],[14.343593,50.042865],[14.343707,50.043157],[14.343697,50.043318],[14.343454,50.043728],[14.343438,50.04393],[14.343452,50.04412],[14.343487,50.044291],[14.343484,50.04449],[14.343412,50.044635],[14.34497,50.044917],[14.344887,50.046026],[14.345089,50.046039],[14.345147,50.046043],[14.34529,50.046056],[14.345414,50.046061],[14.345484,50.046064],[14.345581,50.046073],[14.34618,50.046108],[14.346751,50.046141],[14.347298,50.046153],[14.347312,50.046155],[14.347339,50.046157],[14.34749,50.04618],[14.347845,50.046229],[14.348399,50.046342],[14.348844,50.046437],[14.349388,50.046594],[14.349467,50.046619],[14.349493,50.046631],[14.349988,50.04682],[14.35,50.04683],[14.350566,50.047144],[14.351014,50.04742],[14.351209,50.047564],[14.351544,50.047839],[14.351864,50.048122],[14.352079,50.048305],[14.352365,50.048538],[14.352365,50.048538]]]}},{"type":"Feature","properties":{"cislo":13016,"kod":27223,"mestskaCast":"praha-13"},"geometry":{"type":"Polygon","coordinates":[[[14.340849,50.045532],[14.341409,50.045682],[14.341867,50.045777],[14.342346,50.045847],[14.342634,50.045882],[14.34294,50.0459],[14.343245,50.045928],[14.343509,50.045942],[14.343802,50.045959],[14.344081,50.045975],[14.344887,50.046026],[14.34497,50.044917],[14.343412,50.044635],[14.343484,50.04449],[14.343487,50.044291],[14.343452,50.04412],[14.343438,50.04393],[14.343454,50.043728],[14.343697,50.043318],[14.343707,50.043157],[14.343593,50.042865],[14.34344,50.042342],[14.344234,50.04238],[14.344564,50.042388],[14.345048,50.042375],[14.346019,50.042362],[14.347772,50.042333],[14.347958,50.041851],[14.347662,50.041268],[14.346988,50.039921],[14.346867,50.039681],[14.346862,50.039672],[14.346861,50.03967],[14.343151,50.040273],[14.34264,50.040291],[14.342171,50.040376],[14.340567,50.040297],[14.33539,50.039886],[14.33605,50.041411],[14.335818,50.041882],[14.334565,50.041206],[14.334798,50.039336],[14.335188,50.0376],[14.334987,50.037563],[14.334756,50.037907],[14.33417,50.037754],[14.334246,50.037644],[14.334307,50.037559],[14.334385,50.037393],[14.334381,50.037347],[14.334314,50.037332],[14.334177,50.037311],[14.334098,50.037286],[14.334047,50.037263],[14.334025,50.037234],[14.334032,50.037198],[14.334044,50.037145],[14.333965,50.037119],[14.333684,50.037049],[14.333535,50.037281],[14.333187,50.037195],[14.333064,50.037375],[14.332725,50.037835],[14.332607,50.03786],[14.330637,50.037975],[14.330154,50.039039],[14.329673,50.038956],[14.329347,50.039711],[14.329804,50.039816],[14.329818,50.039817],[14.330055,50.039893],[14.33035,50.039964],[14.33064,50.040054],[14.330953,50.040173],[14.331246,50.040317],[14.331533,50.040488],[14.331716,50.040622],[14.331875,50.040736],[14.333865,50.04144],[14.334427,50.041645],[14.335485,50.042493],[14.336709,50.043483],[14.337297,50.043962],[14.337732,50.044364],[14.337743,50.044374],[14.33814,50.044691],[14.338754,50.045182],[14.340495,50.045736],[14.340849,50.045532]]]}},{"type":"Feature","properties":{"cislo":13017,"kod":27225,"mestskaCast":"praha-13"},"geometry":{"type":"Polygon","coordinates":[[[14.341643,50.038114],[14.341076,50.038064],[14.341031,50.038078],[14.341029,50.038087],[14.340821,50.038068],[14.340823,50.038059],[14.340519,50.038032],[14.340402,50.038512],[14.340125,50.038487],[14.339641,50.038444],[14.339448,50.038426],[14.339335,50.038489],[14.339303,50.03864],[14.339291,50.038694],[14.339775,50.038737],[14.339771,50.038755],[14.339827,50.03876],[14.340062,50.038781],[14.340352,50.038807],[14.340656,50.038834],[14.34085,50.038851],[14.340892,50.038855],[14.34089,50.038864],[14.340982,50.038827],[14.34148,50.038871],[14.341922,50.038911],[14.341952,50.038968],[14.341954,50.038959],[14.341996,50.038963],[14.342025,50.038956],[14.342039,50.038958],[14.342053,50.038959],[14.342095,50.038962],[14.342357,50.038986],[14.34238,50.038879],[14.342516,50.038446],[14.342518,50.038437],[14.342577,50.038161],[14.342466,50.038151],[14.342231,50.03813],[14.342176,50.038126],[14.342127,50.038157],[14.341643,50.038114]]]}},{"type":"Feature","properties":{"cislo":13018,"kod":27227,"mestskaCast":"praha-13"},"geometry":{"type":"MultiPolygon","coordinates":[[[[14.340352,50.038807],[14.340301,50.039111],[14.340226,50.039458],[14.340503,50.039483],[14.340514,50.039429],[14.340722,50.039448],[14.341164,50.039488],[14.34122,50.039293],[14.341251,50.03915],[14.341282,50.039135],[14.341328,50.039121],[14.341373,50.039107],[14.341406,50.039083],[14.341426,50.039057],[14.341449,50.039014],[14.34148,50.038871],[14.340982,50.038827],[14.34089,50.038864],[14.340892,50.038855],[14.34085,50.038851],[14.340656,50.038834],[14.340352,50.038807]]],[[[14.341643,50.038114],[14.341729,50.037713],[14.341779,50.037482],[14.341183,50.037438],[14.340948,50.037417],[14.340675,50.037374],[14.340531,50.037979],[14.340519,50.038032],[14.340823,50.038059],[14.340821,50.038068],[14.341029,50.038087],[14.341031,50.038078],[14.341076,50.038064],[14.341643,50.038114]]],[[[14.339759,50.036457],[14.340354,50.03651],[14.340547,50.036528],[14.340667,50.036429],[14.340901,50.03626],[14.340964,50.035966],[14.340979,50.035895],[14.340689,50.035869],[14.340371,50.03584],[14.340124,50.035809],[14.339654,50.035767],[14.339694,50.03558],[14.339743,50.035548],[14.339011,50.035483],[14.338594,50.035454],[14.337709,50.035375],[14.337432,50.035351],[14.337142,50.035325],[14.336755,50.03529],[14.336734,50.035515],[14.337013,50.035531],[14.337082,50.035537],[14.337386,50.035564],[14.337469,50.035572],[14.337472,50.035626],[14.337624,50.03564],[14.338149,50.035687],[14.338167,50.03567],[14.338267,50.035661],[14.338309,50.035665],[14.338542,50.035695],[14.338959,50.035723],[14.339028,50.035793],[14.339263,50.035814],[14.339908,50.036225],[14.339919,50.036236],[14.339916,50.036253],[14.339924,50.036281],[14.339934,50.0363],[14.339928,50.036327],[14.339924,50.036345],[14.339904,50.03637],[14.339901,50.036388],[14.339869,50.036404],[14.339852,50.03642],[14.339834,50.036437],[14.339804,50.036443],[14.339789,50.036451],[14.339759,50.036457]]]]}},{"type":"Feature","properties":{"cislo":13019,"kod":27229,"mestskaCast":"praha-13"},"geometry":{"type":"MultiPolygon","coordinates":[[[[14.337824,50.037129],[14.337671,50.037905],[14.33768,50.037996],[14.337652,50.038257],[14.337632,50.038546],[14.338256,50.038592],[14.338298,50.038596],[14.339005,50.03865],[14.339291,50.038694],[14.339303,50.03864],[14.339335,50.038489],[14.339448,50.038426],[14.339641,50.038444],[14.340125,50.038487],[14.340402,50.038512],[14.340519,50.038032],[14.340531,50.037979],[14.340254,50.037954],[14.34024,50.037953],[14.340047,50.037935],[14.339932,50.03788],[14.340068,50.037311],[14.339045,50.037219],[14.338931,50.037227],[14.338917,50.037226],[14.338723,50.037209],[14.338709,50.037208],[14.338433,50.037183],[14.338494,50.036898],[14.338274,50.036636],[14.337744,50.036589],[14.337949,50.03714],[14.337824,50.037129]]],[[[14.337624,50.03564],[14.337491,50.036255],[14.338127,50.036311],[14.338321,50.036329],[14.338902,50.036381],[14.339095,50.036398],[14.339759,50.036457],[14.339789,50.036451],[14.339804,50.036443],[14.339834,50.036437],[14.339852,50.03642],[14.339869,50.036404],[14.339901,50.036388],[14.339904,50.03637],[14.339924,50.036345],[14.339928,50.036327],[14.339934,50.0363],[14.339924,50.036281],[14.339916,50.036253],[14.339919,50.036236],[14.339908,50.036225],[14.339263,50.035814],[14.339028,50.035793],[14.338959,50.035723],[14.338542,50.035695],[14.338309,50.035665],[14.338267,50.035661],[14.338167,50.03567],[14.338149,50.035687],[14.337624,50.03564]]]]}},{"type":"Feature","properties":{"cislo":13020,"kod":27231,"mestskaCast":"praha-13"},"geometry":{"type":"Polygon","coordinates":[[[14.341779,50.037482],[14.342277,50.037526],[14.34236,50.037534],[14.342595,50.037555],[14.342609,50.037556],[14.342816,50.037575],[14.343006,50.036756],[14.342773,50.036727],[14.34255,50.036716],[14.342536,50.036714],[14.341928,50.03666],[14.34147,50.036611],[14.341128,50.03658],[14.341064,50.036874],[14.340435,50.037063],[14.339303,50.036961],[14.338785,50.036915],[14.338494,50.036898],[14.338433,50.037183],[14.338709,50.037208],[14.338723,50.037209],[14.338917,50.037226],[14.338931,50.037227],[14.339045,50.037219],[14.340068,50.037311],[14.340635,50.037362],[14.340675,50.037374],[14.340948,50.037417],[14.341183,50.037438],[14.341779,50.037482]]]}},{"type":"Feature","properties":{"cislo":13021,"kod":27233,"mestskaCast":"praha-13"},"geometry":{"type":"Polygon","coordinates":[[[14.335888,50.039316],[14.335951,50.039022],[14.336061,50.039032],[14.336255,50.039049],[14.336269,50.03905],[14.336378,50.039069],[14.336457,50.039094],[14.337411,50.039179],[14.337513,50.039161],[14.337707,50.039179],[14.337723,50.039171],[14.338163,50.039219],[14.338177,50.039221],[14.338288,50.039231],[14.338481,50.039248],[14.338551,50.039254],[14.338584,50.039293],[14.33911,50.03934],[14.339178,50.038956],[14.339097,50.03894],[14.339034,50.038907],[14.339,50.038868],[14.338998,50.038813],[14.339007,50.038768],[14.338994,50.038767],[14.339005,50.03865],[14.338298,50.038596],[14.338256,50.038592],[14.337632,50.038546],[14.337652,50.038257],[14.33768,50.037996],[14.337671,50.037905],[14.337824,50.037129],[14.337674,50.037106],[14.33754,50.037149],[14.336556,50.037625],[14.335574,50.037436],[14.33548,50.037872],[14.335352,50.03866],[14.3352,50.0393],[14.335408,50.039318],[14.335491,50.039326],[14.335888,50.039316]]]}},{"type":"Feature","properties":{"cislo":13022,"kod":27235,"mestskaCast":"praha-13"},"geometry":{"type":"Polygon","coordinates":[[[14.337491,50.036255],[14.336869,50.036199],[14.336675,50.036182],[14.336553,50.036225],[14.336502,50.036466],[14.336446,50.036724],[14.3364,50.036938],[14.336495,50.037019],[14.33673,50.03704],[14.336556,50.037625],[14.33754,50.037149],[14.337674,50.037106],[14.337824,50.037129],[14.337949,50.03714],[14.337744,50.036589],[14.338274,50.036636],[14.338494,50.036898],[14.338785,50.036915],[14.339303,50.036961],[14.340435,50.037063],[14.341064,50.036874],[14.341128,50.03658],[14.34147,50.036611],[14.341928,50.03666],[14.341987,50.036384],[14.34207,50.036065],[14.341503,50.036014],[14.341254,50.035992],[14.340964,50.035966],[14.340901,50.03626],[14.340667,50.036429],[14.340547,50.036528],[14.340354,50.03651],[14.339759,50.036457],[14.339095,50.036398],[14.338902,50.036381],[14.338321,50.036329],[14.338127,50.036311],[14.337491,50.036255]]]}},{"type":"Feature","properties":{"cislo":13023,"kod":27237,"mestskaCast":"praha-13"},"geometry":{"type":"Polygon","coordinates":[[[14.349069,50.049779],[14.349084,50.049708],[14.349117,50.049556],[14.349125,50.049521],[14.349232,50.049085],[14.348153,50.048009],[14.347712,50.047833],[14.346988,50.047723],[14.347078,50.047241],[14.347103,50.047125],[14.346824,50.04711],[14.3467,50.047098],[14.346575,50.047087],[14.346451,50.047076],[14.346326,50.047065],[14.346202,50.047054],[14.346077,50.047043],[14.345953,50.047032],[14.345828,50.047021],[14.34582,50.046866],[14.345581,50.046073],[14.345484,50.046064],[14.345414,50.046061],[14.34529,50.046056],[14.345147,50.046043],[14.345089,50.046039],[14.344887,50.046026],[14.344081,50.045975],[14.343802,50.045959],[14.343279,50.046357],[14.342585,50.047158],[14.342668,50.047428],[14.342826,50.047806],[14.342848,50.047898],[14.343005,50.048284],[14.343114,50.048303],[14.343328,50.048486],[14.343769,50.048534],[14.343824,50.048539],[14.343768,50.048797],[14.343738,50.04894],[14.343726,50.048993],[14.344044,50.049022],[14.344163,50.048996],[14.344233,50.048603],[14.345255,50.048703],[14.345353,50.048313],[14.345517,50.048273],[14.345534,50.048193],[14.345562,50.047995],[14.345579,50.047915],[14.345593,50.047853],[14.345636,50.047784],[14.345677,50.047788],[14.345708,50.047645],[14.345633,50.047403],[14.345493,50.047399],[14.345426,50.047384],[14.345246,50.047368],[14.344859,50.047333],[14.344695,50.04731],[14.344499,50.047301],[14.344444,50.047296],[14.344015,50.047258],[14.343751,50.047244],[14.343659,50.047145],[14.343688,50.047011],[14.343711,50.046904],[14.343784,50.046893],[14.343857,50.046881],[14.343983,50.046883],[14.344112,50.046876],[14.344238,50.046879],[14.344394,50.046874],[14.344493,50.046874],[14.344579,50.046864],[14.344637,50.04686],[14.344698,50.046838],[14.344773,50.046817],[14.344851,50.046779],[14.344928,50.04675],[14.344932,50.046795],[14.344875,50.047063],[14.34497,50.04708],[14.346877,50.047259],[14.346557,50.04881],[14.346698,50.048941],[14.346841,50.049063],[14.346808,50.049214],[14.346822,50.049216],[14.346718,50.049569],[14.349069,50.049779]]]}},{"type":"Feature","properties":{"cislo":13024,"kod":27239,"mestskaCast":"praha-13"},"geometry":{"type":"Polygon","coordinates":[[[14.352975,50.049064],[14.352887,50.048987],[14.352712,50.048835],[14.352673,50.048802],[14.352534,50.048685],[14.352374,50.048548],[14.352365,50.04854],[14.352365,50.048538],[14.352365,50.048538],[14.352079,50.048305],[14.351864,50.048122],[14.351544,50.047839],[14.351209,50.047564],[14.351014,50.04742],[14.350566,50.047144],[14.35,50.04683],[14.349988,50.04682],[14.349493,50.046631],[14.349467,50.046619],[14.349388,50.046594],[14.348844,50.046437],[14.348399,50.046342],[14.347845,50.046229],[14.34749,50.04618],[14.347339,50.046157],[14.347312,50.046155],[14.347298,50.046153],[14.346751,50.046141],[14.34618,50.046108],[14.345581,50.046073],[14.34582,50.046866],[14.345828,50.047021],[14.345953,50.047032],[14.346077,50.047043],[14.346202,50.047054],[14.346326,50.047065],[14.346451,50.047076],[14.346575,50.047087],[14.3467,50.047098],[14.346824,50.04711],[14.347103,50.047125],[14.347078,50.047241],[14.346988,50.047723],[14.347712,50.047833],[14.348153,50.048009],[14.349232,50.049085],[14.349125,50.049521],[14.349117,50.049556],[14.349084,50.049708],[14.349069,50.049779],[14.349048,50.049877],[14.34903,50.050172],[14.349139,50.050181],[14.349257,50.050187],[14.350017,50.050279],[14.350748,50.050228],[14.350997,50.050187],[14.351346,50.050136],[14.351579,50.050103],[14.351684,50.050076],[14.351719,50.050043],[14.351744,50.04999],[14.351791,50.049904],[14.351834,50.049771],[14.351886,50.049658],[14.351888,50.049649],[14.351933,50.049571],[14.352007,50.049487],[14.352112,50.049397],[14.352243,50.049309],[14.352385,50.04924],[14.352509,50.049187],[14.352688,50.04914],[14.352972,50.049065],[14.352975,50.049064]]]}},{"type":"Feature","properties":{"cislo":13025,"kod":27241,"mestskaCast":"praha-13"},"geometry":{"type":"Polygon","coordinates":[[[14.346557,50.04881],[14.346877,50.047259],[14.34497,50.04708],[14.344875,50.047063],[14.344932,50.046795],[14.344928,50.04675],[14.344851,50.046779],[14.344773,50.046817],[14.344698,50.046838],[14.344637,50.04686],[14.344579,50.046864],[14.344493,50.046874],[14.344394,50.046874],[14.344238,50.046879],[14.344112,50.046876],[14.343983,50.046883],[14.343857,50.046881],[14.343784,50.046893],[14.343711,50.046904],[14.343688,50.047011],[14.343659,50.047145],[14.343751,50.047244],[14.344015,50.047258],[14.344444,50.047296],[14.344499,50.047301],[14.344695,50.04731],[14.344859,50.047333],[14.345246,50.047368],[14.345426,50.047384],[14.345493,50.047399],[14.345633,50.047403],[14.345708,50.047645],[14.345677,50.047788],[14.345636,50.047784],[14.345593,50.047853],[14.345579,50.047915],[14.345562,50.047995],[14.345534,50.048193],[14.345517,50.048273],[14.345353,50.048313],[14.345255,50.048703],[14.344233,50.048603],[14.344163,50.048996],[14.344044,50.049022],[14.343726,50.048993],[14.342385,50.048874],[14.342396,50.04882],[14.342412,50.048812],[14.342427,50.048678],[14.342344,50.04867],[14.342298,50.048621],[14.342094,50.048457],[14.341986,50.048366],[14.341832,50.048234],[14.341679,50.048093],[14.341462,50.048183],[14.341525,50.048543],[14.34173,50.048706],[14.342013,50.048895],[14.342386,50.049064],[14.343966,50.049187],[14.344229,50.049211],[14.345073,50.049286],[14.345345,50.049265],[14.345595,50.049151],[14.345633,50.049109],[14.345663,50.048967],[14.345684,50.048869],[14.345723,50.048754],[14.346557,50.04881]]]}},{"type":"Feature","properties":{"cislo":13026,"kod":27243,"mestskaCast":"praha-13"},"geometry":{"type":"Polygon","coordinates":[[[14.340951,50.049898],[14.340965,50.0499],[14.34129,50.049965],[14.34385,50.050184],[14.345014,50.050216],[14.345816,50.050287],[14.345872,50.050093],[14.346059,50.049946],[14.346121,50.049668],[14.346333,50.04969],[14.346657,50.049724],[14.346718,50.049569],[14.346822,50.049216],[14.346808,50.049214],[14.346841,50.049063],[14.346698,50.048941],[14.346557,50.04881],[14.345723,50.048754],[14.345684,50.048869],[14.345663,50.048967],[14.345633,50.049109],[14.345595,50.049151],[14.345345,50.049265],[14.345073,50.049286],[14.344229,50.049211],[14.343966,50.049187],[14.342386,50.049064],[14.342013,50.048895],[14.34173,50.048706],[14.341525,50.048543],[14.341462,50.048183],[14.341679,50.048093],[14.341832,50.048234],[14.341986,50.048366],[14.342094,50.048457],[14.342298,50.048621],[14.342344,50.04867],[14.342427,50.048678],[14.342412,50.048812],[14.342396,50.04882],[14.342385,50.048874],[14.343726,50.048993],[14.343738,50.04894],[14.343768,50.048797],[14.343824,50.048539],[14.343769,50.048534],[14.343328,50.048486],[14.343114,50.048303],[14.343005,50.048284],[14.342848,50.047898],[14.342826,50.047806],[14.342668,50.047428],[14.342585,50.047158],[14.343279,50.046357],[14.343802,50.045959],[14.343509,50.045942],[14.343245,50.045928],[14.34294,50.0459],[14.342634,50.045882],[14.342346,50.045847],[14.341867,50.045777],[14.341409,50.045682],[14.340849,50.045532],[14.340495,50.045736],[14.338754,50.045182],[14.338401,50.045967],[14.338375,50.046155],[14.338352,50.046262],[14.338338,50.046324],[14.33821,50.046395],[14.338236,50.046406],[14.338619,50.046722],[14.338621,50.046713],[14.339146,50.047023],[14.339885,50.047452],[14.339884,50.047461],[14.340553,50.047757],[14.340483,50.04795],[14.340417,50.04819],[14.340301,50.04847],[14.340195,50.048696],[14.340177,50.048976],[14.340164,50.048975],[14.340189,50.048986],[14.340055,50.049546],[14.340654,50.049772],[14.340938,50.049897],[14.340951,50.049898]]]}},{"type":"Feature","properties":{"cislo":13027,"kod":27245,"mestskaCast":"praha-13"},"geometry":{"type":"Polygon","coordinates":[[[14.346472,50.053396],[14.346453,50.053485],[14.346252,50.05422],[14.346035,50.054246],[14.345908,50.054244],[14.345727,50.054237],[14.345586,50.054234],[14.345513,50.054245],[14.345456,50.054249],[14.345423,50.054273],[14.345401,50.054308],[14.34538,50.054342],[14.345346,50.054366],[14.345325,50.054401],[14.345323,50.05441],[14.345305,50.054426],[14.345284,50.054461],[14.345245,50.054512],[14.345192,50.054561],[14.34514,50.054602],[14.345089,50.054643],[14.34504,50.054675],[14.344991,50.054707],[14.344928,50.054738],[14.344855,50.054749],[14.344798,50.054753],[14.342496,50.054575],[14.340308,50.054588],[14.339335,50.055636],[14.338145,50.057037],[14.33883,50.057062],[14.339501,50.056894],[14.339504,50.056894],[14.339612,50.056827],[14.339563,50.056677],[14.339478,50.056668],[14.339413,50.056484],[14.339367,50.056233],[14.339301,50.056159],[14.339551,50.056155],[14.339836,50.056163],[14.34012,50.056171],[14.340335,50.05618],[14.340336,50.05618],[14.340403,50.056183],[14.34063,50.056189],[14.340836,50.056192],[14.341031,50.056191],[14.341363,50.056203],[14.341429,50.056254],[14.341777,50.056276],[14.341795,50.056277],[14.34184,50.056278],[14.342183,50.05629],[14.34219,50.05629],[14.342516,50.056303],[14.342539,50.056303],[14.342704,50.056304],[14.342899,50.056304],[14.342913,50.056303],[14.343129,50.056287],[14.343178,50.056283],[14.343599,50.056262],[14.343673,50.056252],[14.343882,50.056224],[14.344216,50.056176],[14.344265,50.056169],[14.344315,50.056162],[14.344354,50.056157],[14.344456,50.056142],[14.34452,50.055845],[14.345649,50.055646],[14.345781,50.055622],[14.345801,50.055617],[14.345921,50.055834],[14.346118,50.055777],[14.346197,50.055754],[14.346498,50.055663],[14.346511,50.055658],[14.346818,50.055551],[14.346833,50.055547],[14.346987,50.055501],[14.347127,50.05546],[14.347366,50.055363],[14.347428,50.055337],[14.34754,50.055311],[14.347722,50.055268],[14.348137,50.055167],[14.348224,50.055145],[14.348286,50.055109],[14.348218,50.054984],[14.348708,50.054826],[14.348747,50.054896],[14.349098,50.054787],[14.349285,50.054626],[14.349491,50.054449],[14.349494,50.054447],[14.349602,50.054353],[14.349604,50.054352],[14.349738,50.054236],[14.350418,50.054057],[14.351,50.053809],[14.351387,50.053626],[14.351475,50.053585],[14.351557,50.053546],[14.352097,50.053262],[14.352204,50.053207],[14.352258,50.053179],[14.352265,50.053175],[14.352332,50.05314],[14.352397,50.053106],[14.352428,50.05309],[14.352464,50.053071],[14.352535,50.053034],[14.352661,50.052968],[14.353202,50.052685],[14.353323,50.052613],[14.353432,50.052547],[14.353217,50.052582],[14.353029,50.052601],[14.352826,50.052628],[14.352711,50.052636],[14.35264,50.052639],[14.352625,50.052647],[14.352524,50.052656],[14.352279,50.05268],[14.35205,50.052695],[14.351853,50.052696],[14.351671,50.052689],[14.351471,50.052635],[14.351291,50.052555],[14.351229,50.052513],[14.351096,50.052411],[14.350912,50.052285],[14.35066,50.052145],[14.350397,50.051994],[14.350024,50.051761],[14.349645,50.051555],[14.349445,50.051501],[14.349117,50.051453],[14.348704,50.051407],[14.348465,50.051404],[14.348369,50.051459],[14.348367,50.051468],[14.348283,50.051597],[14.348224,50.051873],[14.348071,50.051859],[14.348058,50.051858],[14.347836,50.051838],[14.347822,50.051837],[14.34773,50.051874],[14.347686,50.051879],[14.347309,50.051864],[14.346825,50.051821],[14.346821,50.051838],[14.346472,50.053396]]]}},{"type":"Feature","properties":{"cislo":13028,"kod":27247,"mestskaCast":"praha-13"},"geometry":{"type":"Polygon","coordinates":[[[14.348058,50.051858],[14.348071,50.051859],[14.348224,50.051873],[14.348283,50.051597],[14.348367,50.051468],[14.348369,50.051459],[14.348465,50.051404],[14.348704,50.051407],[14.349117,50.051453],[14.349445,50.051501],[14.349645,50.051555],[14.350024,50.051761],[14.350397,50.051994],[14.35066,50.052145],[14.350912,50.052285],[14.351096,50.052411],[14.351229,50.052513],[14.351291,50.052555],[14.351471,50.052635],[14.351671,50.052689],[14.351853,50.052696],[14.35205,50.052695],[14.352279,50.05268],[14.352524,50.052656],[14.352625,50.052647],[14.35264,50.052639],[14.352711,50.052636],[14.352826,50.052628],[14.353029,50.052601],[14.353217,50.052582],[14.353432,50.052547],[14.353522,50.052494],[14.353719,50.052377],[14.353848,50.0523],[14.353939,50.052246],[14.354228,50.052073],[14.354719,50.051771],[14.354732,50.051764],[14.355017,50.051586],[14.35515,50.051503],[14.355156,50.051499],[14.355143,50.051497],[14.355155,50.051483],[14.355159,50.051479],[14.355094,50.051428],[14.355046,50.051379],[14.355009,50.051334],[14.35497,50.051271],[14.35494,50.051208],[14.354923,50.051151],[14.354919,50.051139],[14.354905,50.051054],[14.354902,50.050973],[14.354904,50.050902],[14.354904,50.050839],[14.354899,50.050785],[14.354891,50.050723],[14.354879,50.050678],[14.354867,50.050648],[14.354851,50.050618],[14.354795,50.050541],[14.354573,50.050315],[14.354345,50.050091],[14.354284,50.050121],[14.354096,50.049945],[14.35401,50.049816],[14.353887,50.049753],[14.353875,50.049748],[14.35379,50.04971],[14.353759,50.049694],[14.353691,50.049654],[14.353593,50.049586],[14.353561,50.049559],[14.353519,50.049526],[14.353417,50.049443],[14.353257,50.049307],[14.353177,50.049239],[14.353078,50.049153],[14.352975,50.049064],[14.352972,50.049065],[14.352688,50.04914],[14.352509,50.049187],[14.352385,50.04924],[14.352243,50.049309],[14.352112,50.049397],[14.352007,50.049487],[14.351933,50.049571],[14.351888,50.049649],[14.351886,50.049658],[14.351834,50.049771],[14.351791,50.049904],[14.351744,50.04999],[14.351719,50.050043],[14.351684,50.050076],[14.351579,50.050103],[14.351346,50.050136],[14.350997,50.050187],[14.350748,50.050228],[14.350017,50.050279],[14.349257,50.050187],[14.349139,50.050181],[14.34903,50.050172],[14.349048,50.049877],[14.349069,50.049779],[14.346718,50.049569],[14.346657,50.049724],[14.346333,50.04969],[14.346121,50.049668],[14.346059,50.049946],[14.345872,50.050093],[14.345816,50.050287],[14.345769,50.050437],[14.345716,50.050789],[14.344822,50.050739],[14.344782,50.05103],[14.343468,50.050913],[14.343357,50.050903],[14.343473,50.050496],[14.343492,50.050407],[14.342986,50.050334],[14.342741,50.050294],[14.342243,50.05025],[14.342153,50.050605],[14.342139,50.050603],[14.341919,50.050575],[14.341577,50.050526],[14.340903,50.050471],[14.340961,50.05015],[14.340946,50.049925],[14.340951,50.049898],[14.340938,50.049897],[14.340654,50.049772],[14.340055,50.049546],[14.339589,50.049613],[14.339137,50.049881],[14.340343,50.050498],[14.340355,50.050835],[14.343166,50.051013],[14.347951,50.051449],[14.348058,50.051858]]]}},{"type":"Feature","properties":{"cislo":13029,"kod":27249,"mestskaCast":"praha-13"},"geometry":{"type":"Polygon","coordinates":[[[14.342819,50.052726],[14.342753,50.053086],[14.342482,50.053612],[14.342458,50.053737],[14.342684,50.053759],[14.34268,50.053788],[14.342733,50.053792],[14.342767,50.053634],[14.342857,50.053642],[14.343269,50.053673],[14.343218,50.053908],[14.343326,50.053916],[14.343386,50.053963],[14.343639,50.053985],[14.343697,50.053714],[14.343909,50.05373],[14.343967,50.053499],[14.343975,50.053482],[14.344008,50.053308],[14.345058,50.053276],[14.344041,50.052772],[14.343587,50.052732],[14.343619,50.052547],[14.343643,50.052401],[14.343142,50.05237],[14.343086,50.052668],[14.342827,50.052679],[14.34259,50.052623],[14.342615,50.052507],[14.342072,50.052664],[14.341714,50.052632],[14.339888,50.052545],[14.340894,50.052916],[14.341455,50.053057],[14.341443,50.05331],[14.341427,50.053581],[14.341402,50.053697],[14.341395,50.05371],[14.341381,50.053778],[14.34178,50.053813],[14.341806,50.053806],[14.341829,50.05379],[14.342065,50.052697],[14.342445,50.052591],[14.342819,50.052726]]]}},{"type":"Feature","properties":{"cislo":13030,"kod":27251,"mestskaCast":"praha-13"},"geometry":{"type":"Polygon","coordinates":[[[14.341381,50.053778],[14.341395,50.05371],[14.341402,50.053697],[14.341427,50.053581],[14.341443,50.05331],[14.341455,50.053057],[14.340894,50.052916],[14.339888,50.052545],[14.339874,50.052543],[14.339121,50.052376],[14.33773,50.052288],[14.337568,50.05271],[14.337225,50.052669],[14.337129,50.05288],[14.338567,50.05318],[14.339256,50.053251],[14.339356,50.053051],[14.339561,50.052752],[14.340097,50.052818],[14.340824,50.053237],[14.340859,50.053339],[14.340847,50.053393],[14.340626,50.053373],[14.340294,50.053343],[14.340114,50.053327],[14.34009,50.053244],[14.340101,50.05319],[14.340005,50.052918],[14.339724,50.052911],[14.339593,50.053063],[14.339457,50.053369],[14.339434,50.053603],[14.340859,50.05373],[14.340873,50.053731],[14.341381,50.053778]]]}},{"type":"Feature","properties":{"cislo":13031,"kod":27253,"mestskaCast":"praha-13"},"geometry":{"type":"Polygon","coordinates":[[[14.315857,50.043261],[14.315857,50.043261],[14.316738,50.04334],[14.317927,50.043446],[14.318135,50.043465],[14.318147,50.043475],[14.318161,50.043476],[14.318143,50.043556],[14.318109,50.043716],[14.318088,50.043814],[14.318427,50.044135],[14.318501,50.044251],[14.318437,50.044545],[14.318364,50.044756],[14.318358,50.044783],[14.318401,50.04478],[14.318511,50.044772],[14.319228,50.044721],[14.319545,50.044699],[14.31974,50.044597],[14.319951,50.044616],[14.320232,50.044604],[14.320411,50.044613],[14.320458,50.044644],[14.320513,50.044685],[14.320577,50.044818],[14.32162,50.04423],[14.3209,50.043701],[14.32085,50.043616],[14.321215,50.043432],[14.321167,50.043391],[14.320852,50.043154],[14.32079,50.043112],[14.320777,50.043111],[14.320511,50.043232],[14.320316,50.043288],[14.320166,50.043065],[14.320362,50.04183],[14.321188,50.041205],[14.321912,50.040853],[14.321942,50.040846],[14.321975,50.040822],[14.322856,50.040465],[14.323583,50.040557],[14.323699,50.04015],[14.323739,50.039836],[14.323739,50.039835],[14.323739,50.039835],[14.323324,50.039853],[14.322292,50.039902],[14.321611,50.039962],[14.321386,50.039984],[14.320766,50.040074],[14.32066,50.040098],[14.320622,50.040107],[14.320504,50.04011],[14.320134,50.040195],[14.31974,50.040315],[14.319386,50.040435],[14.319136,50.040555],[14.319027,50.040606],[14.31887,50.040685],[14.318772,50.040735],[14.318646,50.040802],[14.318599,50.040838],[14.318485,50.040916],[14.318352,50.041008],[14.318308,50.041044],[14.318271,50.041068],[14.318181,50.041119],[14.317926,50.041281],[14.317705,50.041508],[14.317696,50.041519],[14.317647,50.041565],[14.317557,50.041652],[14.31746,50.041752],[14.317318,50.041908],[14.317183,50.042064],[14.317068,50.042198],[14.316829,50.042469],[14.316712,50.042594],[14.31658,50.042725],[14.316448,50.042841],[14.316212,50.043023],[14.316078,50.043115],[14.315927,50.043222],[14.315857,50.043261]]]}},{"type":"Feature","properties":{"cislo":13032,"kod":27255,"mestskaCast":"praha-13"},"geometry":{"type":"Polygon","coordinates":[[[14.320777,50.043111],[14.320873,50.043056],[14.321075,50.042121],[14.321129,50.041999],[14.321529,50.04178],[14.321797,50.04165],[14.322517,50.041315],[14.322764,50.041219],[14.32291,50.041196],[14.323064,50.041201],[14.323382,50.041229],[14.323714,50.041259],[14.32402,50.041277],[14.324255,50.041298],[14.324239,50.041242],[14.324312,50.041031],[14.324314,50.041022],[14.324353,50.040908],[14.324863,50.040962],[14.32479,50.041364],[14.327251,50.041521],[14.327155,50.040922],[14.327093,50.040426],[14.324353,50.040644],[14.323583,50.040557],[14.322856,50.040465],[14.321975,50.040822],[14.321942,50.040846],[14.321912,50.040853],[14.321188,50.041205],[14.320362,50.04183],[14.320166,50.043065],[14.320316,50.043288],[14.320511,50.043232],[14.320777,50.043111]]]}},{"type":"Feature","properties":{"cislo":13033,"kod":27257,"mestskaCast":"praha-13"},"geometry":{"type":"Polygon","coordinates":[[[14.317362,50.057166],[14.31853,50.058089],[14.318601,50.057241],[14.322755,50.057658],[14.323162,50.057731],[14.323239,50.057701],[14.323331,50.057664],[14.323428,50.057609],[14.323476,50.05745],[14.323464,50.05744],[14.32389,50.055599],[14.324038,50.054913],[14.325093,50.055053],[14.325531,50.055183],[14.325843,50.055302],[14.326093,50.055388],[14.326209,50.055698],[14.327053,50.0561],[14.32816,50.056199],[14.328256,50.056207],[14.328274,50.056127],[14.328339,50.056088],[14.328958,50.055961],[14.329017,50.055949],[14.329187,50.055882],[14.329326,50.055822],[14.329993,50.056119],[14.330544,50.05578],[14.3298,50.055456],[14.329802,50.055447],[14.329912,50.05533],[14.330022,50.055212],[14.330132,50.055095],[14.329828,50.055068],[14.328128,50.054907],[14.325848,50.054694],[14.32582,50.054691],[14.32138,50.054294],[14.321419,50.05359],[14.321421,50.053581],[14.321075,50.05355],[14.321156,50.053176],[14.320864,50.053222],[14.320546,50.053194],[14.320214,50.053164],[14.319817,50.053174],[14.319554,50.05315],[14.318983,50.053118],[14.318736,50.053023],[14.318491,50.052983],[14.318374,50.052999],[14.317524,50.052824],[14.317436,50.053034],[14.317373,50.053217],[14.317038,50.053173],[14.316818,50.053071],[14.316737,50.053058],[14.316486,50.05293],[14.316327,50.052816],[14.316805,50.052169],[14.316792,50.052168],[14.316556,50.052083],[14.316736,50.051709],[14.316759,50.051602],[14.31695,50.051501],[14.317141,50.051527],[14.31704,50.051736],[14.317054,50.051737],[14.317471,50.051829],[14.317593,50.051786],[14.317691,50.051722],[14.3178,50.051677],[14.317894,50.051631],[14.317977,50.051575],[14.318048,50.051509],[14.318087,50.051458],[14.318282,50.051466],[14.318448,50.051481],[14.318699,50.051494],[14.318727,50.051497],[14.319027,50.051478],[14.319846,50.051343],[14.319556,50.051054],[14.318954,50.050836],[14.317709,50.050335],[14.317654,50.05033],[14.317488,50.050442],[14.317288,50.050587],[14.317158,50.050667],[14.317006,50.050717],[14.316841,50.050765],[14.316689,50.050815],[14.316533,50.050883],[14.316391,50.050952],[14.316206,50.051026],[14.315991,50.051107],[14.315822,50.051173],[14.315684,50.051225],[14.31558,50.051251],[14.315536,50.051257],[14.315445,50.051548],[14.315224,50.052182],[14.315008,50.052526],[14.313568,50.052406],[14.313532,50.052375],[14.313426,50.052021],[14.313412,50.05202],[14.313414,50.052011],[14.313188,50.051882],[14.311892,50.051421],[14.311878,50.051419],[14.311862,50.051427],[14.311756,50.051463],[14.311689,50.051511],[14.310602,50.051422],[14.310566,50.05155],[14.31054,50.051706],[14.310543,50.051857],[14.31167,50.051991],[14.311668,50.052],[14.313249,50.053663],[14.311652,50.054109],[14.311794,50.054521],[14.313828,50.054272],[14.314525,50.055351],[14.315495,50.055429],[14.317362,50.057166]]]}},{"type":"Feature","properties":{"cislo":13034,"kod":27259,"mestskaCast":"praha-13"},"geometry":{"type":"Polygon","coordinates":[[[14.313877,50.048884],[14.313885,50.048848],[14.313867,50.048801],[14.31377,50.048729],[14.313512,50.048552],[14.313492,50.04845],[14.313833,50.048372],[14.314039,50.048399],[14.314356,50.048364],[14.314633,50.048325],[14.314834,50.048307],[14.314966,50.048346],[14.315034,50.048361],[14.315105,50.048359],[14.315164,50.048346],[14.315221,50.048278],[14.315321,50.048205],[14.315419,50.048142],[14.315486,50.048093],[14.315508,50.048059],[14.315567,50.047783],[14.315463,50.047746],[14.31536,50.047701],[14.31533,50.047707],[14.315022,50.047698],[14.314677,50.04773],[14.313746,50.047729],[14.31335,50.047738],[14.3131,50.047653],[14.313023,50.047555],[14.31303,50.047456],[14.31271,50.047436],[14.312554,50.04744],[14.312224,50.047465],[14.312027,50.047466],[14.311928,50.047466],[14.311811,50.047619],[14.311795,50.047626],[14.311708,50.0477],[14.311598,50.04769],[14.311584,50.047689],[14.31123,50.04763],[14.311113,50.047584],[14.311058,50.047642],[14.311029,50.047649],[14.310999,50.047655],[14.310856,50.04786],[14.310649,50.047841],[14.310356,50.047824],[14.309696,50.047947],[14.309239,50.047906],[14.30907,50.047972],[14.309043,50.048097],[14.309588,50.048445],[14.310117,50.048865],[14.310302,50.049054],[14.310619,50.049219],[14.310675,50.049287],[14.310642,50.049375],[14.310541,50.049448],[14.310406,50.049554],[14.31027,50.049596],[14.310114,50.0496],[14.310102,50.04959],[14.309873,50.049542],[14.30976,50.049478],[14.309611,50.049319],[14.309436,50.049149],[14.309251,50.04896],[14.309066,50.048771],[14.308967,50.048644],[14.308561,50.048372],[14.307953,50.048771],[14.307198,50.049066],[14.305438,50.049054],[14.304407,50.048998],[14.304271,50.049501],[14.304098,50.049912],[14.303917,50.050615],[14.304616,50.051303],[14.310127,50.050037],[14.31064,50.049605],[14.311015,50.049753],[14.310683,50.050246],[14.310919,50.050304],[14.310766,50.050561],[14.31051,50.050498],[14.310244,50.050885],[14.310581,50.05093],[14.312511,50.051016],[14.313669,50.052034],[14.313747,50.052144],[14.313752,50.052302],[14.313738,50.052359],[14.314002,50.052379],[14.314023,50.052384],[14.31406,50.052222],[14.314315,50.052215],[14.314984,50.052272],[14.315053,50.052116],[14.315088,50.051954],[14.315086,50.05179],[14.313797,50.049577],[14.311222,50.04925],[14.311206,50.049248],[14.311207,50.049239],[14.311127,50.049181],[14.311066,50.049086],[14.310986,50.048907],[14.310924,50.048815],[14.310874,50.048689],[14.31088,50.048613],[14.310901,50.048493],[14.311258,50.048571],[14.31126,50.048535],[14.311396,50.048502],[14.311568,50.048535],[14.311746,50.048591],[14.311857,50.048615],[14.311831,50.04871],[14.311868,50.048713],[14.311923,50.048703],[14.312114,50.048669],[14.31215,50.048746],[14.312316,50.048712],[14.312566,50.048727],[14.312601,50.04886],[14.312845,50.048878],[14.313157,50.0489],[14.313072,50.048637],[14.313282,50.048702],[14.313652,50.048749],[14.313877,50.048884]]]}},{"type":"Feature","properties":{"cislo":13035,"kod":27261,"mestskaCast":"praha-13"},"geometry":{"type":"Polygon","coordinates":[[[14.308561,50.048372],[14.308967,50.048644],[14.309066,50.048771],[14.309251,50.04896],[14.309436,50.049149],[14.309611,50.049319],[14.30976,50.049478],[14.309873,50.049542],[14.310102,50.04959],[14.310114,50.0496],[14.31027,50.049596],[14.310406,50.049554],[14.310541,50.049448],[14.310642,50.049375],[14.310675,50.049287],[14.310619,50.049219],[14.310302,50.049054],[14.310117,50.048865],[14.309588,50.048445],[14.309043,50.048097],[14.30907,50.047972],[14.309239,50.047906],[14.309696,50.047947],[14.310356,50.047824],[14.310649,50.047841],[14.310856,50.04786],[14.310999,50.047655],[14.311029,50.047649],[14.311058,50.047642],[14.311113,50.047584],[14.31123,50.04763],[14.311584,50.047689],[14.311598,50.04769],[14.311708,50.0477],[14.311795,50.047626],[14.311811,50.047619],[14.311928,50.047466],[14.312027,50.047466],[14.312224,50.047465],[14.312554,50.04744],[14.31271,50.047436],[14.31303,50.047456],[14.313023,50.047555],[14.3131,50.047653],[14.31335,50.047738],[14.313746,50.047729],[14.314677,50.04773],[14.315022,50.047698],[14.31533,50.047707],[14.31536,50.047701],[14.315463,50.047746],[14.315567,50.047783],[14.315508,50.048059],[14.315486,50.048093],[14.315419,50.048142],[14.315321,50.048205],[14.315221,50.048278],[14.315164,50.048346],[14.315105,50.048359],[14.315034,50.048361],[14.314966,50.048346],[14.314834,50.048307],[14.314633,50.048325],[14.314356,50.048364],[14.314039,50.048399],[14.313833,50.048372],[14.313492,50.04845],[14.313512,50.048552],[14.31377,50.048729],[14.313867,50.048801],[14.313885,50.048848],[14.313877,50.048884],[14.313907,50.048878],[14.314016,50.048896],[14.31418,50.04892],[14.314397,50.048958],[14.314706,50.048915],[14.314758,50.048816],[14.315124,50.048756],[14.315024,50.049059],[14.315192,50.049065],[14.31536,50.049071],[14.3156,50.049066],[14.315796,50.049074],[14.315934,50.049086],[14.316277,50.048872],[14.316804,50.04852],[14.316658,50.048479],[14.316077,50.048427],[14.316099,50.048193],[14.316923,50.048231],[14.317179,50.04809],[14.317471,50.047517],[14.315988,50.04773],[14.315193,50.047622],[14.314269,50.047594],[14.313769,50.047622],[14.313365,50.047604],[14.313113,50.047527],[14.313126,50.047274],[14.312809,50.047109],[14.312555,50.046977],[14.312659,50.046496],[14.312661,50.046488],[14.312735,50.046013],[14.312737,50.046004],[14.312774,50.045835],[14.312719,50.04583],[14.312537,50.045823],[14.312452,50.045824],[14.312438,50.045823],[14.31227,50.045817],[14.312075,50.045809],[14.311853,50.045789],[14.311658,50.04578],[14.311462,50.045772],[14.31132,50.045777],[14.311192,50.045784],[14.311018,50.045805],[14.310845,50.045826],[14.310714,50.045841],[14.310606,50.045886],[14.31029,50.045848],[14.309509,50.046005],[14.309486,50.046112],[14.30948,50.046139],[14.309352,50.046209],[14.309144,50.046127],[14.309332,50.04539],[14.308611,50.045335],[14.308228,50.045736],[14.308043,50.046264],[14.308055,50.046665],[14.309282,50.04712],[14.310959,50.047188],[14.311737,50.04724],[14.311859,50.04746],[14.311818,50.04752],[14.311704,50.047591],[14.311702,50.0476],[14.311591,50.04759],[14.311593,50.047581],[14.311597,50.047563],[14.311307,50.047537],[14.311048,50.047559],[14.310908,50.04762],[14.310705,50.04771],[14.31064,50.04775],[14.310281,50.047718],[14.309937,50.047678],[14.30964,50.047488],[14.30928,50.047456],[14.309209,50.047395],[14.309001,50.047376],[14.308748,50.047372],[14.308488,50.04773],[14.308561,50.048372]]]}},{"type":"Feature","properties":{"cislo":13036,"kod":27263,"mestskaCast":"praha-13"},"geometry":{"type":"Polygon","coordinates":[[[14.307154,50.044052],[14.307154,50.044052],[14.303691,50.044095],[14.301121,50.0447],[14.301084,50.045069],[14.301135,50.045355],[14.301162,50.046338],[14.299225,50.046427],[14.298277,50.046705],[14.297904,50.047453],[14.299616,50.047361],[14.30123,50.047851],[14.301175,50.0483],[14.301518,50.048539],[14.30143,50.048876],[14.301203,50.049543],[14.300572,50.050428],[14.303917,50.050615],[14.304098,50.049912],[14.304271,50.049501],[14.304407,50.048998],[14.305438,50.049054],[14.307198,50.049066],[14.307953,50.048771],[14.308561,50.048372],[14.308488,50.04773],[14.308748,50.047372],[14.30747,50.047349],[14.307955,50.045278],[14.307906,50.045253],[14.307834,50.045206],[14.307765,50.045152],[14.307499,50.044515],[14.307249,50.044157],[14.307154,50.044052]]]}},{"type":"Feature","properties":{"cislo":13037,"kod":27265,"mestskaCast":"praha-13"},"geometry":{"type":"Polygon","coordinates":[[[14.312774,50.045835],[14.312886,50.045836],[14.313066,50.045852],[14.313232,50.045867],[14.313329,50.045876],[14.313343,50.045877],[14.313485,50.045871],[14.313696,50.045545],[14.313905,50.045101],[14.313583,50.045027],[14.313292,50.045001],[14.313188,50.045028],[14.313186,50.045037],[14.313172,50.045035],[14.312732,50.045051],[14.312716,50.045058],[14.312633,50.045051],[14.312618,50.045122],[14.312616,50.045131],[14.312161,50.045081],[14.312084,50.04511],[14.311946,50.045098],[14.311782,50.045087],[14.311595,50.045061],[14.311437,50.045047],[14.311342,50.045026],[14.311291,50.04502],[14.311224,50.045025],[14.311178,50.045038],[14.310938,50.045262],[14.310666,50.045347],[14.310417,50.045324],[14.310357,50.045537],[14.310351,50.045564],[14.31029,50.045848],[14.310606,50.045886],[14.310714,50.045841],[14.310845,50.045826],[14.311018,50.045805],[14.311192,50.045784],[14.31132,50.045777],[14.311462,50.045772],[14.311658,50.04578],[14.311853,50.045789],[14.312075,50.045809],[14.31227,50.045817],[14.312438,50.045823],[14.312452,50.045824],[14.312537,50.045823],[14.312719,50.04583],[14.312774,50.045835]]]}},{"type":"Feature","properties":{"cislo":13038,"kod":27267,"mestskaCast":"praha-13"},"geometry":{"type":"Polygon","coordinates":[[[14.317471,50.047517],[14.31786,50.047563],[14.317858,50.047475],[14.317832,50.047087],[14.317819,50.046886],[14.317763,50.04669],[14.317659,50.046581],[14.317532,50.046452],[14.317399,50.046349],[14.317247,50.046272],[14.317104,50.046214],[14.316845,50.046109],[14.316542,50.046009],[14.316297,50.045905],[14.316091,50.045814],[14.315911,50.045671],[14.315793,50.045497],[14.315711,50.04529],[14.31566,50.045068],[14.315648,50.045058],[14.315476,50.044679],[14.315033,50.044775],[14.314681,50.044835],[14.314676,50.044862],[14.314637,50.04504],[14.314543,50.045086],[14.314169,50.045052],[14.313905,50.045101],[14.313696,50.045545],[14.313485,50.045871],[14.313343,50.045877],[14.313329,50.045876],[14.313232,50.045867],[14.313066,50.045852],[14.312886,50.045836],[14.312774,50.045835],[14.312737,50.046004],[14.312735,50.046013],[14.312661,50.046488],[14.312659,50.046496],[14.312555,50.046977],[14.312809,50.047109],[14.313126,50.047274],[14.313113,50.047527],[14.313365,50.047604],[14.313769,50.047622],[14.314269,50.047594],[14.315193,50.047622],[14.315988,50.04773],[14.317471,50.047517]]]}},{"type":"Feature","properties":{"cislo":13039,"kod":27269,"mestskaCast":"praha-13"},"geometry":{"type":"Polygon","coordinates":[[[14.335045,50.060321],[14.335061,50.060312],[14.335105,50.060415],[14.335293,50.060325],[14.335357,50.060295],[14.335354,50.060292],[14.335326,50.060256],[14.335338,50.060251],[14.335389,50.060231],[14.335433,50.060215],[14.3356,50.060151],[14.33597,50.060129],[14.336158,50.060121],[14.336433,50.06007],[14.336788,50.060081],[14.336962,50.060049],[14.336997,50.060043],[14.337153,50.059922],[14.33727,50.059822],[14.337568,50.059741],[14.337747,50.059773],[14.337803,50.059848],[14.337909,50.059946],[14.338077,50.060047],[14.338215,50.060056],[14.338319,50.060063],[14.338472,50.059929],[14.338554,50.059808],[14.338591,50.059754],[14.338681,50.059627],[14.338745,50.059484],[14.338838,50.05937],[14.33894,50.059204],[14.339025,50.059095],[14.339128,50.058984],[14.339186,50.058927],[14.339194,50.058896],[14.339201,50.058889],[14.339285,50.058805],[14.33932,50.058791],[14.33933,50.058787],[14.339335,50.058784],[14.339339,50.058783],[14.339379,50.058778],[14.3394,50.058776],[14.3394,50.058775],[14.339386,50.058721],[14.339385,50.058718],[14.339324,50.058725],[14.339332,50.058707],[14.339348,50.058671],[14.339366,50.058632],[14.33942,50.058558],[14.339462,50.058477],[14.339546,50.058417],[14.339606,50.05834],[14.339613,50.058331],[14.339637,50.058282],[14.339724,50.05807],[14.339724,50.057988],[14.339717,50.057885],[14.339684,50.057685],[14.339672,50.057589],[14.339644,50.057414],[14.339634,50.057258],[14.339604,50.057127],[14.339597,50.057127],[14.339504,50.056894],[14.339501,50.056894],[14.33883,50.057062],[14.338145,50.057037],[14.337802,50.056924],[14.337745,50.056865],[14.337584,50.05676],[14.337471,50.056631],[14.337341,50.056511],[14.33724,50.056393],[14.337125,50.056274],[14.336984,50.056143],[14.336813,50.056019],[14.336639,50.055913],[14.336385,50.055781],[14.33625,50.055687],[14.336236,50.055686],[14.332227,50.055319],[14.330627,50.054695],[14.330405,50.054611],[14.328996,50.053496],[14.328383,50.05301],[14.32852,50.052912],[14.328477,50.05273],[14.328136,50.052647],[14.328398,50.052217],[14.327036,50.05228],[14.32669,50.052182],[14.326581,50.052176],[14.326429,50.052132],[14.326104,50.051891],[14.325924,50.051702],[14.325789,50.051405],[14.325662,50.051365],[14.325623,50.051149],[14.325415,50.050816],[14.325407,50.050735],[14.325389,50.050733],[14.325262,50.05063],[14.324644,50.05053],[14.324551,50.050575],[14.324533,50.050591],[14.324512,50.050624],[14.324507,50.050644],[14.32449,50.050659],[14.324489,50.05067],[14.324316,50.050816],[14.324325,50.050836],[14.324396,50.050906],[14.324428,50.050955],[14.32446,50.050993],[14.324474,50.051005],[14.324509,50.05104],[14.324532,50.051064],[14.324553,50.051093],[14.324573,50.051114],[14.324596,50.05114],[14.324598,50.051142],[14.324604,50.05115],[14.32462,50.051171],[14.324646,50.051182],[14.324678,50.051231],[14.324702,50.051251],[14.324711,50.05127],[14.324726,50.051271],[14.324735,50.05129],[14.324771,50.051321],[14.324769,50.051329],[14.324793,50.05135],[14.324791,50.051359],[14.324805,50.05136],[14.324841,50.051408],[14.324848,50.051418],[14.324862,50.05142],[14.324882,50.051458],[14.32493,50.051499],[14.324952,50.051528],[14.324976,50.051548],[14.324996,50.051586],[14.325009,50.051587],[14.325007,50.051596],[14.325036,50.051621],[14.325043,50.051627],[14.325077,50.051665],[14.325135,50.051725],[14.325167,50.051773],[14.325165,50.051783],[14.324988,50.051876],[14.325909,50.052385],[14.325744,50.05338],[14.324648,50.0535],[14.324909,50.053806],[14.324915,50.053935],[14.325361,50.054046],[14.325815,50.053969],[14.326312,50.05435],[14.326835,50.054535],[14.327724,50.054635],[14.328128,50.054907],[14.329828,50.055068],[14.330132,50.055095],[14.330022,50.055212],[14.329912,50.05533],[14.329802,50.055447],[14.3298,50.055456],[14.330544,50.05578],[14.329993,50.056119],[14.329326,50.055822],[14.329187,50.055882],[14.329017,50.055949],[14.328958,50.055961],[14.328339,50.056088],[14.328274,50.056127],[14.328256,50.056207],[14.328178,50.056573],[14.328176,50.056581],[14.328153,50.056688],[14.328542,50.056778],[14.328556,50.056779],[14.330471,50.057289],[14.330848,50.05747],[14.331177,50.057649],[14.331377,50.057725],[14.331016,50.058184],[14.331213,50.058245],[14.331532,50.058327],[14.331741,50.058398],[14.332292,50.058611],[14.333866,50.059486],[14.33504,50.060318],[14.335045,50.060321],[14.335045,50.060321]]]}},{"type":"Feature","properties":{"cislo":13040,"kod":27271,"mestskaCast":"praha-13"},"geometry":{"type":"Polygon","coordinates":[[[14.317362,50.057166],[14.315495,50.055429],[14.314525,50.055351],[14.313828,50.054272],[14.311794,50.054521],[14.311652,50.054109],[14.313249,50.053663],[14.311668,50.052],[14.31167,50.051991],[14.310543,50.051857],[14.31054,50.051706],[14.310566,50.05155],[14.310602,50.051422],[14.311689,50.051511],[14.311756,50.051463],[14.311862,50.051427],[14.311878,50.051419],[14.311892,50.051421],[14.313188,50.051882],[14.313414,50.052011],[14.313412,50.05202],[14.313426,50.052021],[14.313532,50.052375],[14.313568,50.052406],[14.315008,50.052526],[14.315224,50.052182],[14.315445,50.051548],[14.315536,50.051257],[14.31558,50.051251],[14.315684,50.051225],[14.315822,50.051173],[14.315991,50.051107],[14.316206,50.051026],[14.316391,50.050952],[14.316533,50.050883],[14.316689,50.050815],[14.316841,50.050765],[14.317006,50.050717],[14.317158,50.050667],[14.317288,50.050587],[14.317488,50.050442],[14.317654,50.05033],[14.317709,50.050335],[14.318954,50.050836],[14.319556,50.051054],[14.319846,50.051343],[14.319027,50.051478],[14.318727,50.051497],[14.318699,50.051494],[14.318448,50.051481],[14.318282,50.051466],[14.318087,50.051458],[14.318048,50.051509],[14.317977,50.051575],[14.317894,50.051631],[14.3178,50.051677],[14.317691,50.051722],[14.317593,50.051786],[14.317471,50.051829],[14.317054,50.051737],[14.31704,50.051736],[14.317141,50.051527],[14.31695,50.051501],[14.316759,50.051602],[14.316736,50.051709],[14.316556,50.052083],[14.316792,50.052168],[14.316805,50.052169],[14.316327,50.052816],[14.316486,50.05293],[14.316737,50.053058],[14.316818,50.053071],[14.317038,50.053173],[14.317373,50.053217],[14.317436,50.053034],[14.317524,50.052824],[14.318374,50.052999],[14.318491,50.052983],[14.318736,50.053023],[14.318983,50.053118],[14.319554,50.05315],[14.319817,50.053174],[14.320214,50.053164],[14.320546,50.053194],[14.320864,50.053222],[14.321156,50.053176],[14.321075,50.05355],[14.321421,50.053581],[14.321419,50.05359],[14.32138,50.054294],[14.32582,50.054691],[14.325848,50.054694],[14.328128,50.054907],[14.327724,50.054635],[14.326835,50.054535],[14.326312,50.05435],[14.325815,50.053969],[14.325361,50.054046],[14.324915,50.053935],[14.324909,50.053806],[14.324648,50.0535],[14.325744,50.05338],[14.325909,50.052385],[14.324988,50.051876],[14.325165,50.051783],[14.325167,50.051773],[14.325135,50.051725],[14.325077,50.051665],[14.325043,50.051627],[14.325036,50.051621],[14.325007,50.051596],[14.325009,50.051587],[14.324996,50.051586],[14.324976,50.051548],[14.324952,50.051528],[14.32493,50.051499],[14.324882,50.051458],[14.324862,50.05142],[14.324848,50.051418],[14.324841,50.051408],[14.324805,50.05136],[14.324791,50.051359],[14.324793,50.05135],[14.324769,50.051329],[14.324771,50.051321],[14.324735,50.05129],[14.324726,50.051271],[14.324711,50.05127],[14.324702,50.051251],[14.324678,50.051231],[14.324646,50.051182],[14.32462,50.051171],[14.324604,50.05115],[14.324598,50.051142],[14.324596,50.05114],[14.324573,50.051114],[14.324553,50.051093],[14.324532,50.051064],[14.324509,50.05104],[14.324474,50.051005],[14.32446,50.050993],[14.324428,50.050955],[14.324396,50.050906],[14.324325,50.050836],[14.324316,50.050816],[14.324489,50.05067],[14.32449,50.050659],[14.324507,50.050644],[14.324512,50.050624],[14.324533,50.050591],[14.324551,50.050575],[14.324644,50.05053],[14.325262,50.05063],[14.325389,50.050733],[14.325407,50.050735],[14.325415,50.050816],[14.325623,50.051149],[14.325662,50.051365],[14.325789,50.051405],[14.325924,50.051702],[14.326104,50.051891],[14.326429,50.052132],[14.326581,50.052176],[14.32669,50.052182],[14.327036,50.05228],[14.328398,50.052217],[14.328365,50.052043],[14.328373,50.052013],[14.328555,50.051728],[14.328933,50.051786],[14.329048,50.05147],[14.329146,50.051346],[14.32869,50.051229],[14.328719,50.05112],[14.328119,50.051068],[14.327657,50.05126],[14.327529,50.051731],[14.327515,50.051738],[14.327294,50.051717],[14.327192,50.05188],[14.327159,50.051897],[14.326517,50.051985],[14.326283,50.051892],[14.326309,50.05184],[14.326276,50.051794],[14.326213,50.051705],[14.325983,50.051592],[14.325906,50.051496],[14.325889,50.05145],[14.325849,50.051299],[14.325831,50.051165],[14.325804,50.050954],[14.325778,50.050831],[14.32578,50.050821],[14.325667,50.050811],[14.325601,50.050814],[14.325368,50.050585],[14.32455,50.050441],[14.324216,50.050817],[14.323894,50.050816],[14.323697,50.050769],[14.323501,50.050666],[14.323599,50.050319],[14.323418,50.05029],[14.32286,50.050224],[14.322247,50.050161],[14.3222,50.050265],[14.32215,50.050262],[14.322122,50.050245],[14.322025,50.050241],[14.321992,50.050232],[14.321932,50.050218],[14.321839,50.050208],[14.321803,50.050317],[14.321555,50.05028],[14.321642,50.050052],[14.321528,50.050031],[14.320267,50.049637],[14.319944,50.050014],[14.319839,50.050004],[14.318693,50.04956],[14.31861,50.049184],[14.318395,50.049018],[14.318263,50.04895],[14.318164,50.048868],[14.318099,50.048789],[14.318017,50.048635],[14.317992,50.048526],[14.317928,50.0482],[14.317918,50.048064],[14.317921,50.048045],[14.317896,50.047961],[14.317876,50.047826],[14.31787,50.047787],[14.317869,50.047779],[14.31786,50.047563],[14.317471,50.047517],[14.317179,50.04809],[14.316923,50.048231],[14.316099,50.048193],[14.316077,50.048427],[14.316658,50.048479],[14.316804,50.04852],[14.316277,50.048872],[14.315934,50.049086],[14.315796,50.049074],[14.3156,50.049066],[14.31536,50.049071],[14.315192,50.049065],[14.315024,50.049059],[14.315124,50.048756],[14.314758,50.048816],[14.314706,50.048915],[14.314397,50.048958],[14.31418,50.04892],[14.314016,50.048896],[14.313907,50.048878],[14.313877,50.048884],[14.313652,50.048749],[14.313282,50.048702],[14.313072,50.048637],[14.313157,50.0489],[14.312845,50.048878],[14.312601,50.04886],[14.312566,50.048727],[14.312316,50.048712],[14.31215,50.048746],[14.312114,50.048669],[14.311923,50.048703],[14.311868,50.048713],[14.311831,50.04871],[14.311857,50.048615],[14.311746,50.048591],[14.311568,50.048535],[14.311396,50.048502],[14.31126,50.048535],[14.311258,50.048571],[14.310901,50.048493],[14.31088,50.048613],[14.310874,50.048689],[14.310924,50.048815],[14.310986,50.048907],[14.311066,50.049086],[14.311127,50.049181],[14.311207,50.049239],[14.311206,50.049248],[14.311222,50.04925],[14.313797,50.049577],[14.315086,50.05179],[14.315088,50.051954],[14.315053,50.052116],[14.314984,50.052272],[14.314315,50.052215],[14.31406,50.052222],[14.314023,50.052384],[14.314002,50.052379],[14.313738,50.052359],[14.313752,50.052302],[14.313747,50.052144],[14.313669,50.052034],[14.312511,50.051016],[14.310581,50.05093],[14.310244,50.050885],[14.31051,50.050498],[14.310766,50.050561],[14.310919,50.050304],[14.310683,50.050246],[14.311015,50.049753],[14.31064,50.049605],[14.310127,50.050037],[14.304616,50.051303],[14.302749,50.051845],[14.300432,50.052084],[14.300352,50.052937],[14.299036,50.052881],[14.298259,50.052289],[14.298258,50.052291],[14.29825,50.05232],[14.298233,50.05239],[14.298212,50.052475],[14.298206,50.052497],[14.298139,50.052773],[14.298117,50.052898],[14.298095,50.053527],[14.298091,50.053642],[14.298088,50.053724],[14.298091,50.053767],[14.29808,50.053832],[14.297989,50.054067],[14.29798,50.054084],[14.297946,50.054142],[14.297923,50.054182],[14.297834,50.054337],[14.297827,50.054342],[14.297801,50.054364],[14.297725,50.054424],[14.297602,50.054523],[14.297591,50.054532],[14.297581,50.05454],[14.297566,50.054552],[14.297463,50.054664],[14.297425,50.054704],[14.297407,50.054724],[14.2972,50.054945],[14.29715,50.054984],[14.299597,50.055736],[14.300107,50.055893],[14.301368,50.05628],[14.302786,50.056716],[14.303623,50.056973],[14.3038,50.057027],[14.30416,50.057138],[14.304339,50.057193],[14.304502,50.057243],[14.30459,50.05727],[14.304691,50.057301],[14.304698,50.057303],[14.304698,50.05731],[14.304696,50.057343],[14.304673,50.05765],[14.304664,50.057777],[14.304655,50.057905],[14.304607,50.058562],[14.304607,50.058563],[14.304606,50.058566],[14.304601,50.05864],[14.304595,50.058726],[14.304589,50.058806],[14.304589,50.058809],[14.304589,50.058809],[14.304589,50.058809],[14.306183,50.058979],[14.307118,50.05909],[14.309196,50.061546],[14.309839,50.061703],[14.310304,50.060855],[14.316394,50.062172],[14.317362,50.057166]]]}},{"type":"Feature","properties":{"cislo":13041,"kod":27273,"mestskaCast":"praha-13"},"geometry":{"type":"Polygon","coordinates":[[[14.317869,50.047779],[14.31787,50.047787],[14.317876,50.047826],[14.317896,50.047961],[14.317921,50.048045],[14.317918,50.048064],[14.317928,50.0482],[14.317992,50.048526],[14.318017,50.048635],[14.318099,50.048789],[14.318164,50.048868],[14.318263,50.04895],[14.318395,50.049018],[14.31861,50.049184],[14.318693,50.04956],[14.319839,50.050004],[14.319944,50.050014],[14.320267,50.049637],[14.321528,50.050031],[14.321642,50.050052],[14.321555,50.05028],[14.321803,50.050317],[14.321839,50.050208],[14.321932,50.050218],[14.321992,50.050232],[14.322025,50.050241],[14.322122,50.050245],[14.32215,50.050262],[14.3222,50.050265],[14.322247,50.050161],[14.32286,50.050224],[14.323418,50.05029],[14.323599,50.050319],[14.323501,50.050666],[14.323697,50.050769],[14.323894,50.050816],[14.324216,50.050817],[14.32455,50.050441],[14.325368,50.050585],[14.325601,50.050814],[14.325667,50.050811],[14.32578,50.050821],[14.325778,50.050831],[14.325804,50.050954],[14.325831,50.051165],[14.325849,50.051299],[14.325889,50.05145],[14.325906,50.051496],[14.325983,50.051592],[14.326213,50.051705],[14.326276,50.051794],[14.326309,50.05184],[14.326283,50.051892],[14.326517,50.051985],[14.327159,50.051897],[14.327192,50.05188],[14.327294,50.051717],[14.327515,50.051738],[14.327529,50.051731],[14.327657,50.05126],[14.328119,50.051068],[14.328719,50.05112],[14.328794,50.050972],[14.328803,50.050664],[14.329433,50.050669],[14.329776,50.050671],[14.330898,50.050678],[14.331465,50.050765],[14.331927,50.050838],[14.332013,50.051652],[14.333251,50.051959],[14.333808,50.051974],[14.33381,50.051965],[14.334274,50.050791],[14.335424,50.049314],[14.336635,50.048015],[14.337139,50.04718],[14.332706,50.046947],[14.332568,50.046934],[14.330291,50.04684],[14.327821,50.046855],[14.326865,50.046906],[14.324927,50.047132],[14.324914,50.04713],[14.323055,50.047118],[14.322352,50.04711],[14.32229,50.047331],[14.3222,50.047423],[14.321982,50.047649],[14.321182,50.047895],[14.321,50.047888],[14.320641,50.047856],[14.320461,50.047839],[14.319785,50.04777],[14.319784,50.047643],[14.319675,50.04717],[14.318378,50.047626],[14.317869,50.047779]],[[14.320967,50.049384],[14.320802,50.049288],[14.320255,50.04923],[14.320215,50.048828],[14.32217,50.048585],[14.324784,50.048468],[14.329815,50.04848],[14.330422,50.049299],[14.332173,50.049556],[14.332152,50.049686],[14.331109,50.049836],[14.330178,50.049353],[14.329986,50.049346],[14.329942,50.04918],[14.329605,50.049172],[14.329586,50.049457],[14.329378,50.049382],[14.327561,50.049359],[14.327534,50.0491],[14.326709,50.049099],[14.326684,50.049371],[14.324536,50.049319],[14.324483,50.049045],[14.321692,50.049004],[14.321798,50.049267],[14.320967,50.049384]]]}},{"type":"Feature","properties":{"cislo":13042,"kod":27275,"mestskaCast":"praha-13"},"geometry":{"type":"Polygon","coordinates":[[[14.277256,50.049629],[14.27734,50.049651],[14.277361,50.049657],[14.277379,50.049714],[14.277391,50.049752],[14.277417,50.049835],[14.277631,50.049801],[14.277823,50.049788],[14.277921,50.049781],[14.277923,50.049776],[14.277939,50.049776],[14.278279,50.049785],[14.278612,50.04982],[14.27895,50.049864],[14.279282,50.049903],[14.27958,50.049941],[14.27962,50.049949],[14.279944,50.049994],[14.280274,50.050042],[14.280526,50.050076],[14.280593,50.050087],[14.280922,50.050123],[14.281116,50.050148],[14.281333,50.050183],[14.281411,50.050195],[14.281503,50.050209],[14.28166,50.050233],[14.281694,50.050238],[14.281834,50.050257],[14.282155,50.050308],[14.282485,50.050365],[14.282816,50.050413],[14.282851,50.050417],[14.283133,50.050453],[14.28342,50.050487],[14.283513,50.050504],[14.283778,50.05055],[14.284051,50.050601],[14.28432,50.050648],[14.284594,50.050693],[14.284697,50.050713],[14.284857,50.050738],[14.28513,50.050785],[14.285404,50.050829],[14.285669,50.050872],[14.285736,50.050886],[14.286158,50.050952],[14.28622,50.05096],[14.286505,50.051003],[14.286766,50.051042],[14.287036,50.051084],[14.287308,50.051123],[14.28759,50.05116],[14.287863,50.051199],[14.288135,50.051246],[14.288411,50.051282],[14.28868,50.051316],[14.28896,50.051352],[14.289233,50.051383],[14.289513,50.051421],[14.289792,50.051456],[14.290064,50.051486],[14.290191,50.051523],[14.290208,50.051524],[14.290316,50.051523],[14.290343,50.051523],[14.290478,50.051522],[14.290614,50.051531],[14.290893,50.051562],[14.291164,50.051598],[14.291715,50.05165],[14.291992,50.051682],[14.292242,50.051721],[14.292473,50.051734],[14.292548,50.051737],[14.29282,50.051763],[14.293084,50.051791],[14.293346,50.051818],[14.293369,50.051819],[14.293641,50.051845],[14.293927,50.051874],[14.294177,50.051916],[14.294229,50.051922],[14.294481,50.051931],[14.294751,50.051954],[14.295034,50.051986],[14.295309,50.052011],[14.29559,50.052035],[14.295858,50.052064],[14.295949,50.052072],[14.296083,50.052084],[14.296324,50.052108],[14.298064,50.052268],[14.298259,50.052289],[14.298259,50.052289],[14.299036,50.052881],[14.300352,50.052937],[14.300432,50.052084],[14.302749,50.051845],[14.304616,50.051303],[14.303917,50.050615],[14.300572,50.050428],[14.301203,50.049543],[14.30143,50.048876],[14.301518,50.048539],[14.301175,50.0483],[14.30123,50.047851],[14.299616,50.047361],[14.297904,50.047453],[14.298277,50.046705],[14.299225,50.046427],[14.301162,50.046338],[14.301135,50.045355],[14.301084,50.045069],[14.301121,50.0447],[14.303691,50.044095],[14.307154,50.044052],[14.307154,50.044052],[14.306848,50.043712],[14.306343,50.043225],[14.30604,50.042964],[14.305715,50.0427],[14.30447,50.041796],[14.304349,50.041708],[14.304169,50.041563],[14.303777,50.04126],[14.303586,50.041112],[14.303586,50.041103],[14.303373,50.04094],[14.303126,50.040735],[14.302577,50.040304],[14.302459,50.040211],[14.302237,50.040013],[14.302083,50.039892],[14.301946,50.039795],[14.301364,50.039275],[14.301318,50.039251],[14.301191,50.039183],[14.301179,50.039177],[14.300681,50.038914],[14.300662,50.038903],[14.300311,50.038754],[14.300101,50.038664],[14.300076,50.038655],[14.299658,50.038495],[14.298833,50.038267],[14.298491,50.038178],[14.298299,50.038131],[14.298166,50.03814],[14.29794,50.03816],[14.297868,50.038147],[14.297513,50.038082],[14.295375,50.037694],[14.2946,50.037554],[14.293438,50.037343],[14.29359,50.03731],[14.293326,50.037266],[14.293027,50.037217],[14.292643,50.037155],[14.292309,50.037098],[14.291904,50.037032],[14.291589,50.036983],[14.291204,50.036912],[14.290818,50.036838],[14.290628,50.036795],[14.290426,50.036752],[14.290045,50.036651],[14.289658,50.03654],[14.289219,50.03639],[14.288849,50.036254],[14.288774,50.036218],[14.288642,50.036154],[14.288636,50.036151],[14.288589,50.036128],[14.288417,50.036044],[14.288135,50.035899],[14.287778,50.035698],[14.287603,50.035585],[14.287345,50.035423],[14.287105,50.035262],[14.286964,50.035167],[14.286787,50.035047],[14.28663,50.034935],[14.28639,50.034767],[14.286151,50.034608],[14.285905,50.034444],[14.285666,50.034286],[14.285423,50.034122],[14.285234,50.033993],[14.28519,50.033963],[14.285134,50.033925],[14.284942,50.033794],[14.284707,50.033629],[14.284469,50.033463],[14.284237,50.033302],[14.284031,50.03316],[14.283797,50.033],[14.283443,50.032756],[14.283252,50.032591],[14.2832,50.032551],[14.282974,50.032396],[14.282822,50.032292],[14.282778,50.032263],[14.28267,50.032189],[14.282678,50.032179],[14.28255,50.032091],[14.282242,50.031893],[14.282127,50.031893],[14.282065,50.031892],[14.281927,50.031951],[14.281785,50.032032],[14.28172,50.032034],[14.281688,50.032051],[14.280986,50.032495],[14.280761,50.032621],[14.280574,50.032727],[14.280307,50.032856],[14.280071,50.032972],[14.279831,50.033092],[14.279647,50.033172],[14.279352,50.033302],[14.278585,50.033618],[14.27827,50.033748],[14.27823,50.033765],[14.278105,50.033816],[14.278078,50.033827],[14.278056,50.033839],[14.277855,50.033941],[14.27784,50.033949],[14.277595,50.034062],[14.277345,50.034174],[14.276352,50.034565],[14.276113,50.034662],[14.275416,50.034992],[14.275192,50.035108],[14.274376,50.035576],[14.274328,50.035606],[14.274307,50.035619],[14.274281,50.035634],[14.274248,50.035654],[14.27424,50.035659],[14.274222,50.03567],[14.274143,50.035718],[14.274,50.035821],[14.273732,50.036014],[14.273719,50.036023],[14.273007,50.036535],[14.272826,50.036679],[14.272317,50.037112],[14.272159,50.037276],[14.271862,50.037588],[14.271662,50.037829],[14.271644,50.03785],[14.271611,50.037891],[14.271595,50.03791],[14.271589,50.037917],[14.271533,50.037989],[14.271471,50.038069],[14.27146,50.038083],[14.271212,50.0384],[14.271076,50.038573],[14.270984,50.038736],[14.270861,50.038902],[14.2707,50.039152],[14.270325,50.039735],[14.270212,50.03991],[14.270101,50.040097],[14.270081,50.04014],[14.270058,50.040187],[14.270017,50.040274],[14.269829,50.040807],[14.269751,50.040996],[14.269573,50.04154],[14.269538,50.041617],[14.269529,50.041638],[14.269526,50.041645],[14.269512,50.041678],[14.269491,50.041723],[14.269492,50.041732],[14.269507,50.04192],[14.269451,50.042116],[14.269331,50.042454],[14.269279,50.042616],[14.269227,50.042748],[14.269162,50.042835],[14.268663,50.043034],[14.268661,50.043056],[14.268661,50.043075],[14.268661,50.04308],[14.268651,50.043227],[14.268646,50.043294],[14.268646,50.043301],[14.268643,50.043336],[14.268731,50.043337],[14.268972,50.043361],[14.269084,50.043366],[14.269524,50.043388],[14.26979,50.04339],[14.269878,50.043358],[14.269881,50.043363],[14.269895,50.043406],[14.26995,50.043587],[14.269998,50.043701],[14.270107,50.043958],[14.270118,50.043985],[14.270171,50.044112],[14.270177,50.044162],[14.270139,50.044251],[14.270121,50.044291],[14.270186,50.0445],[14.270209,50.0446],[14.270212,50.044611],[14.270214,50.044621],[14.270296,50.044864],[14.270321,50.044925],[14.270383,50.045073],[14.270408,50.045135],[14.270415,50.04515],[14.270421,50.045164],[14.270451,50.045226],[14.270496,50.04532],[14.270687,50.04566],[14.270787,50.045824],[14.270844,50.045936],[14.270857,50.045961],[14.270836,50.045981],[14.270843,50.045994],[14.270928,50.046151],[14.271002,50.046313],[14.270499,50.04629],[14.270468,50.046481],[14.270694,50.046597],[14.270915,50.046611],[14.271079,50.046756],[14.271044,50.046932],[14.27104,50.046946],[14.270995,50.04709],[14.2708,50.047389],[14.270564,50.047747],[14.27063,50.047765],[14.270637,50.047767],[14.270571,50.047904],[14.270447,50.04806],[14.270433,50.048074],[14.270381,50.048124],[14.270302,50.048201],[14.269948,50.048436],[14.26971,50.048532],[14.269486,50.048601],[14.269279,50.048651],[14.269003,50.048682],[14.268729,50.048698],[14.268175,50.048691],[14.268176,50.048696],[14.26819,50.048766],[14.268215,50.048894],[14.26822,50.048918],[14.268222,50.048928],[14.268242,50.049029],[14.268257,50.0491],[14.268264,50.049138],[14.26836,50.049142],[14.26839,50.049143],[14.268558,50.049151],[14.268791,50.04916],[14.268816,50.049161],[14.268856,50.049162],[14.269153,50.049166],[14.269416,50.049177],[14.270008,50.049214],[14.270305,50.049248],[14.270564,50.049298],[14.270597,50.049307],[14.270789,50.049362],[14.271002,50.049453],[14.271198,50.049561],[14.271246,50.0496],[14.271883,50.050121],[14.27205,50.050238],[14.272267,50.050389],[14.272461,50.0505],[14.272482,50.050511],[14.272492,50.050518],[14.272542,50.05055],[14.272574,50.050571],[14.272637,50.050611],[14.272642,50.050601],[14.272714,50.050641],[14.27291,50.050739],[14.273535,50.050946],[14.2736,50.050949],[14.273856,50.05096],[14.273906,50.050955],[14.273975,50.050948],[14.274203,50.050925],[14.274479,50.050834],[14.274629,50.05075],[14.274721,50.050698],[14.274902,50.050545],[14.274967,50.050442],[14.275029,50.050345],[14.275063,50.050201],[14.275075,50.05015],[14.275076,50.050147],[14.27505,50.049945],[14.274971,50.049758],[14.274911,50.049685],[14.274823,50.049594],[14.274737,50.049527],[14.27471,50.049506],[14.274646,50.049417],[14.274648,50.049416],[14.274656,50.049412],[14.274726,50.049376],[14.274673,50.049327],[14.274666,50.049285],[14.274811,50.049377],[14.274908,50.049411],[14.274926,50.049413],[14.274934,50.049414],[14.275249,50.049443],[14.275441,50.049467],[14.275489,50.049473],[14.275518,50.049476],[14.275792,50.049485],[14.275863,50.049471],[14.275889,50.049465],[14.275937,50.049399],[14.275913,50.049329],[14.275966,50.049336],[14.276114,50.049355],[14.276163,50.049362],[14.276248,50.049474],[14.27634,50.049527],[14.27639,50.049547],[14.276733,50.049589],[14.27692,50.049613],[14.277166,50.049643],[14.277168,50.04961],[14.277187,50.049614],[14.277227,50.049622],[14.277256,50.049629]]]}},{"type":"Feature","properties":{"cislo":13043,"kod":27277,"mestskaCast":"praha-13"},"geometry":{"type":"Polygon","coordinates":[[[14.322253,50.065143],[14.322679,50.065185],[14.322702,50.065156],[14.32272,50.065132],[14.322773,50.065065],[14.322793,50.06504],[14.322802,50.065032],[14.322827,50.06501],[14.322834,50.065003],[14.322835,50.065002],[14.322893,50.064953],[14.322925,50.064927],[14.322936,50.064918],[14.323039,50.064836],[14.323114,50.064743],[14.323215,50.064615],[14.323314,50.06449],[14.323349,50.064446],[14.323356,50.06444],[14.323408,50.064395],[14.323737,50.064115],[14.323786,50.064076],[14.323899,50.06396],[14.324101,50.063753],[14.324156,50.063697],[14.324158,50.063695],[14.324312,50.063537],[14.324383,50.063463],[14.324455,50.06338],[14.324599,50.063214],[14.324741,50.063048],[14.324885,50.062882],[14.324974,50.062779],[14.325027,50.062718],[14.325071,50.062725],[14.325343,50.06277],[14.325614,50.062815],[14.325765,50.06284],[14.325882,50.062866],[14.325925,50.062876],[14.326018,50.062897],[14.326147,50.062927],[14.326356,50.062975],[14.326531,50.063015],[14.326541,50.063017],[14.326553,50.06302],[14.326556,50.06302],[14.326586,50.063023],[14.326636,50.063028],[14.326684,50.063033],[14.326798,50.063045],[14.326865,50.063052],[14.327151,50.063081],[14.327314,50.063098],[14.327734,50.062903],[14.328093,50.062734],[14.328393,50.062401],[14.326866,50.061948],[14.32542,50.06178],[14.323897,50.061417],[14.322441,50.060768],[14.322507,50.060337],[14.320674,50.060083],[14.31853,50.058089],[14.317362,50.057166],[14.316394,50.062172],[14.310304,50.060855],[14.309839,50.061703],[14.309196,50.061546],[14.307118,50.05909],[14.306183,50.058979],[14.304589,50.058809],[14.304589,50.058809],[14.304589,50.058809],[14.304588,50.058813],[14.304567,50.059102],[14.304557,50.059248],[14.304512,50.059857],[14.304487,50.060195],[14.304467,50.060469],[14.304458,50.060604],[14.304454,50.060648],[14.30444,50.060852],[14.304771,50.06091],[14.305532,50.061038],[14.305955,50.061112],[14.306625,50.061229],[14.306863,50.061271],[14.307001,50.061296],[14.307306,50.06135],[14.307444,50.061375],[14.307773,50.061433],[14.307898,50.061456],[14.308352,50.061538],[14.308556,50.061575],[14.308961,50.061657],[14.30897,50.061636],[14.308977,50.061638],[14.309019,50.061649],[14.309315,50.061694],[14.3097,50.061752],[14.309915,50.061816],[14.309979,50.061835],[14.310056,50.061858],[14.310139,50.061883],[14.310251,50.061916],[14.31029,50.061925],[14.310333,50.061941],[14.310612,50.062],[14.310947,50.062069],[14.311238,50.06213],[14.311262,50.062135],[14.311502,50.062189],[14.311766,50.062248],[14.311954,50.062289],[14.312029,50.062306],[14.312079,50.062317],[14.3121,50.062322],[14.312292,50.062367],[14.312555,50.062429],[14.312817,50.06249],[14.313078,50.062553],[14.313339,50.062617],[14.313551,50.062667],[14.313601,50.062679],[14.313861,50.062742],[14.313941,50.062762],[14.314124,50.062807],[14.314232,50.062841],[14.314354,50.06288],[14.314427,50.062903],[14.314436,50.062906],[14.314749,50.063008],[14.3149,50.063066],[14.315051,50.063123],[14.315196,50.063172],[14.315531,50.063348],[14.316018,50.063593],[14.316056,50.063612],[14.316094,50.06363],[14.316166,50.063667],[14.316263,50.063716],[14.316315,50.063743],[14.316533,50.063854],[14.316609,50.063893],[14.316746,50.063963],[14.316818,50.064001],[14.316879,50.064032],[14.316906,50.064046],[14.317101,50.064146],[14.317306,50.064241],[14.317322,50.064248],[14.317348,50.06426],[14.317393,50.064281],[14.317476,50.064313],[14.317706,50.064401],[14.318031,50.064506],[14.318082,50.064522],[14.318195,50.064558],[14.318205,50.064561],[14.31822,50.064565],[14.31831,50.064592],[14.31836,50.064606],[14.318522,50.064647],[14.318686,50.064686],[14.318686,50.064686],[14.318799,50.06471],[14.318819,50.064714],[14.31887,50.064725],[14.319005,50.064753],[14.319125,50.064772],[14.319161,50.064778],[14.319321,50.064801],[14.319535,50.064829],[14.319634,50.064841],[14.319623,50.064879],[14.319965,50.064915],[14.320199,50.06494],[14.320323,50.064951],[14.320797,50.064992],[14.321458,50.065064],[14.321478,50.065066],[14.32162,50.06508],[14.321782,50.065091],[14.321862,50.0651],[14.322159,50.065132],[14.322253,50.065143]]]}},{"type":"Feature","properties":{"cislo":13044,"kod":27279,"mestskaCast":"praha-13"},"geometry":{"type":"Polygon","coordinates":[[[14.319675,50.04717],[14.319784,50.047643],[14.319785,50.04777],[14.320461,50.047839],[14.320641,50.047856],[14.321,50.047888],[14.321182,50.047895],[14.321982,50.047649],[14.3222,50.047423],[14.32229,50.047331],[14.322352,50.04711],[14.322364,50.047057],[14.322475,50.046413],[14.322373,50.046295],[14.322112,50.046263],[14.322029,50.046255],[14.320668,50.046161],[14.32017,50.046316],[14.320138,50.046331],[14.320044,50.046377],[14.320024,50.046466],[14.31995,50.046614],[14.319818,50.046638],[14.319383,50.046826],[14.319611,50.04701],[14.319671,50.047124],[14.319675,50.04717]]]}},{"type":"Feature","properties":{"cislo":13045,"kod":27281,"mestskaCast":"praha-13"},"geometry":{"type":"Polygon","coordinates":[[[14.345816,50.050287],[14.345014,50.050216],[14.34385,50.050184],[14.34129,50.049965],[14.340965,50.0499],[14.340951,50.049898],[14.340946,50.049925],[14.340961,50.05015],[14.340903,50.050471],[14.341577,50.050526],[14.341919,50.050575],[14.342139,50.050603],[14.342153,50.050605],[14.342243,50.05025],[14.342741,50.050294],[14.342986,50.050334],[14.343492,50.050407],[14.343473,50.050496],[14.343357,50.050903],[14.343468,50.050913],[14.344782,50.05103],[14.344822,50.050739],[14.345716,50.050789],[14.345769,50.050437],[14.345816,50.050287]]]}},{"type":"Feature","properties":{"cislo":13046,"kod":27283,"mestskaCast":"praha-13"},"geometry":{"type":"Polygon","coordinates":[[[14.333389,50.052728],[14.333792,50.052699],[14.33612,50.052825],[14.336649,50.052854],[14.337129,50.05288],[14.337225,50.052669],[14.337568,50.05271],[14.33773,50.052288],[14.339121,50.052376],[14.339874,50.052543],[14.339888,50.052545],[14.339972,50.052153],[14.339806,50.052138],[14.339761,50.052089],[14.339784,50.051982],[14.339805,50.051947],[14.339897,50.05152],[14.339982,50.051455],[14.340275,50.051272],[14.340289,50.051273],[14.340355,50.050835],[14.340343,50.050498],[14.339137,50.049881],[14.339589,50.049613],[14.340055,50.049546],[14.340189,50.048986],[14.340164,50.048975],[14.340177,50.048976],[14.340195,50.048696],[14.340301,50.04847],[14.340417,50.04819],[14.340483,50.04795],[14.340553,50.047757],[14.339884,50.047461],[14.339885,50.047452],[14.339146,50.047023],[14.338621,50.046713],[14.338619,50.046722],[14.337139,50.04718],[14.336635,50.048015],[14.335424,50.049314],[14.334274,50.050791],[14.33381,50.051965],[14.333808,50.051974],[14.333389,50.052728]]]}},{"type":"Feature","properties":{"cislo":13047,"kod":27285,"mestskaCast":"praha-13"},"geometry":{"type":"MultiPolygon","coordinates":[[[[14.346861,50.03967],[14.345444,50.039116],[14.344605,50.038887],[14.344501,50.038914],[14.344432,50.039235],[14.343989,50.039195],[14.343597,50.039315],[14.343404,50.039297],[14.342921,50.039381],[14.342876,50.039586],[14.342349,50.039875],[14.342051,50.039884],[14.34139,50.039943],[14.340408,50.039856],[14.339938,50.039814],[14.338154,50.039654],[14.336619,50.039517],[14.335888,50.039316],[14.335491,50.039326],[14.335408,50.039318],[14.3352,50.0393],[14.335352,50.03866],[14.33548,50.037872],[14.335574,50.037436],[14.335748,50.036625],[14.335794,50.036412],[14.335956,50.035727],[14.335322,50.033437],[14.33532,50.033437],[14.33532,50.033437],[14.335272,50.03361],[14.335246,50.0337],[14.335033,50.034165],[14.334984,50.034179],[14.334964,50.034189],[14.334853,50.034274],[14.334902,50.034134],[14.334837,50.034097],[14.334792,50.034073],[14.334637,50.034044],[14.334452,50.03401],[14.334244,50.033949],[14.334148,50.033921],[14.334054,50.033893],[14.33394,50.033859],[14.333616,50.033674],[14.3331,50.033547],[14.332949,50.033505],[14.332721,50.033438],[14.332411,50.033276],[14.331969,50.033174],[14.331521,50.033096],[14.331375,50.033038],[14.331108,50.032842],[14.330975,50.032744],[14.330964,50.032736],[14.330926,50.032708],[14.330918,50.032725],[14.330683,50.033221],[14.330597,50.033487],[14.329539,50.033999],[14.327725,50.034877],[14.327722,50.034878],[14.327667,50.034905],[14.327643,50.034948],[14.327619,50.034992],[14.327615,50.034999],[14.327599,50.035027],[14.327327,50.035514],[14.328786,50.035589],[14.330086,50.035787],[14.330518,50.036136],[14.330155,50.036987],[14.331014,50.037121],[14.330637,50.037975],[14.332607,50.03786],[14.332725,50.037835],[14.333064,50.037375],[14.333187,50.037195],[14.333535,50.037281],[14.333684,50.037049],[14.333965,50.037119],[14.334044,50.037145],[14.334032,50.037198],[14.334025,50.037234],[14.334047,50.037263],[14.334098,50.037286],[14.334177,50.037311],[14.334314,50.037332],[14.334381,50.037347],[14.334385,50.037393],[14.334307,50.037559],[14.334246,50.037644],[14.33417,50.037754],[14.334756,50.037907],[14.334987,50.037563],[14.335188,50.0376],[14.334798,50.039336],[14.334565,50.041206],[14.335818,50.041882],[14.33605,50.041411],[14.33539,50.039886],[14.340567,50.040297],[14.342171,50.040376],[14.34264,50.040291],[14.343151,50.040273],[14.346861,50.03967]]],[[[14.339178,50.038956],[14.339331,50.03897],[14.33951,50.038986],[14.339718,50.039004],[14.339639,50.039369],[14.339701,50.039411],[14.340226,50.039458],[14.340301,50.039111],[14.340352,50.038807],[14.340062,50.038781],[14.339827,50.03876],[14.339771,50.038755],[14.339775,50.038737],[14.339291,50.038694],[14.339005,50.03865],[14.338994,50.038767],[14.339007,50.038768],[14.338998,50.038813],[14.339,50.038868],[14.339034,50.038907],[14.339097,50.03894],[14.339178,50.038956]]],[[[14.340068,50.037311],[14.339932,50.03788],[14.340047,50.037935],[14.34024,50.037953],[14.340254,50.037954],[14.340531,50.037979],[14.340675,50.037374],[14.340635,50.037362],[14.340068,50.037311]]]]}},{"type":"Feature","properties":{"cislo":13048,"kod":27287,"mestskaCast":"praha-13"},"geometry":{"type":"Polygon","coordinates":[[[14.338145,50.057037],[14.339335,50.055636],[14.340308,50.054588],[14.342496,50.054575],[14.344798,50.054753],[14.344855,50.054749],[14.344928,50.054738],[14.344991,50.054707],[14.34504,50.054675],[14.345089,50.054643],[14.34514,50.054602],[14.345192,50.054561],[14.345245,50.054512],[14.345284,50.054461],[14.345305,50.054426],[14.345323,50.05441],[14.345325,50.054401],[14.345346,50.054366],[14.34538,50.054342],[14.345401,50.054308],[14.345423,50.054273],[14.345456,50.054249],[14.345513,50.054245],[14.345586,50.054234],[14.345727,50.054237],[14.345908,50.054244],[14.346035,50.054246],[14.346252,50.05422],[14.346453,50.053485],[14.346472,50.053396],[14.345058,50.053276],[14.344008,50.053308],[14.343975,50.053482],[14.343967,50.053499],[14.343909,50.05373],[14.343697,50.053714],[14.343639,50.053985],[14.343386,50.053963],[14.343326,50.053916],[14.343218,50.053908],[14.343269,50.053673],[14.342857,50.053642],[14.342767,50.053634],[14.342733,50.053792],[14.34268,50.053788],[14.342684,50.053759],[14.342458,50.053737],[14.342482,50.053612],[14.342753,50.053086],[14.342819,50.052726],[14.342445,50.052591],[14.342065,50.052697],[14.341829,50.05379],[14.341806,50.053806],[14.34178,50.053813],[14.341381,50.053778],[14.340873,50.053731],[14.340859,50.05373],[14.339434,50.053603],[14.339457,50.053369],[14.339593,50.053063],[14.339724,50.052911],[14.340005,50.052918],[14.340101,50.05319],[14.34009,50.053244],[14.340114,50.053327],[14.340294,50.053343],[14.340626,50.053373],[14.340847,50.053393],[14.340859,50.053339],[14.340824,50.053237],[14.340097,50.052818],[14.339561,50.052752],[14.339356,50.053051],[14.339256,50.053251],[14.338567,50.05318],[14.337129,50.05288],[14.336649,50.052854],[14.33612,50.052825],[14.333792,50.052699],[14.333389,50.052728],[14.33029,50.052438],[14.330464,50.053152],[14.330112,50.053203],[14.329442,50.05328],[14.328996,50.053496],[14.330405,50.054611],[14.330627,50.054695],[14.332227,50.055319],[14.336236,50.055686],[14.33625,50.055687],[14.336385,50.055781],[14.336639,50.055913],[14.336813,50.056019],[14.336984,50.056143],[14.337125,50.056274],[14.33724,50.056393],[14.337341,50.056511],[14.337471,50.056631],[14.337584,50.05676],[14.337745,50.056865],[14.337802,50.056924],[14.338145,50.057037]]]}},{"type":"Feature","properties":{"cislo":13049,"kod":27289,"mestskaCast":"praha-13"},"geometry":{"type":"Polygon","coordinates":[[[14.322475,50.046413],[14.323042,50.046464],[14.324651,50.047073],[14.325234,50.046943],[14.325414,50.04664],[14.325634,50.046469],[14.325818,50.046204],[14.326036,50.045588],[14.326083,50.045501],[14.326171,50.045355],[14.326453,50.044962],[14.326572,50.044737],[14.326676,50.044383],[14.326611,50.043769],[14.326534,50.043735],[14.326417,50.043688],[14.326344,50.043636],[14.326245,50.043573],[14.326134,50.0435],[14.32609,50.043441],[14.3261,50.043397],[14.325927,50.043545],[14.325775,50.043658],[14.32564,50.043764],[14.325461,50.043875],[14.325264,50.043939],[14.32507,50.043985],[14.324846,50.044047],[14.324682,50.044087],[14.324578,50.044114],[14.324517,50.044136],[14.324209,50.04419],[14.323984,50.044251],[14.32373,50.044319],[14.323487,50.044398],[14.323245,50.044476],[14.323005,50.044545],[14.322786,50.044643],[14.322666,50.044678],[14.322664,50.044687],[14.323419,50.045431],[14.322568,50.045855],[14.322475,50.046413]]]}},{"type":"Feature","properties":{"cislo":13050,"kod":27291,"mestskaCast":"praha-13"},"geometry":{"type":"Polygon","coordinates":[[[14.325414,50.04664],[14.329683,50.046649],[14.330183,50.046621],[14.330176,50.046194],[14.330363,50.046111],[14.330447,50.045855],[14.330507,50.045706],[14.330553,50.045492],[14.330599,50.045279],[14.330661,50.044994],[14.330606,50.044853],[14.330275,50.044823],[14.329818,50.044782],[14.329419,50.046308],[14.328883,50.046242],[14.328701,50.046171],[14.328305,50.045718],[14.327367,50.045625],[14.326207,50.045512],[14.326205,50.045521],[14.326083,50.045501],[14.326036,50.045588],[14.325818,50.046204],[14.325634,50.046469],[14.325414,50.04664]]]}},{"type":"Feature","properties":{"cislo":13051,"kod":47308,"mestskaCast":"praha-13"},"geometry":{"type":"Polygon","coordinates":[[[14.328996,50.053496],[14.329442,50.05328],[14.330112,50.053203],[14.330464,50.053152],[14.33029,50.052438],[14.333389,50.052728],[14.333808,50.051974],[14.333251,50.051959],[14.332013,50.051652],[14.331927,50.050838],[14.331465,50.050765],[14.330898,50.050678],[14.329776,50.050671],[14.329433,50.050669],[14.328803,50.050664],[14.328794,50.050972],[14.328719,50.05112],[14.32869,50.051229],[14.329146,50.051346],[14.329048,50.05147],[14.328933,50.051786],[14.328555,50.051728],[14.328373,50.052013],[14.328365,50.052043],[14.328398,50.052217],[14.328136,50.052647],[14.328477,50.05273],[14.32852,50.052912],[14.328383,50.05301],[14.328996,50.053496]]]}},{"type":"Feature","properties":{"cislo":13052,"kod":94461,"mestskaCast":"praha-13"},"geometry":{"type":"Polygon","coordinates":[[[14.340289,50.051273],[14.340733,50.051304],[14.340793,50.051418],[14.341631,50.05152],[14.343238,50.051655],[14.344692,50.051775],[14.345555,50.051825],[14.345569,50.051827],[14.345601,50.051811],[14.345671,50.051745],[14.34592,50.051767],[14.346009,50.051748],[14.346133,50.051759],[14.346825,50.051821],[14.347309,50.051864],[14.347686,50.051879],[14.34773,50.051874],[14.347822,50.051837],[14.347836,50.051838],[14.348058,50.051858],[14.347951,50.051449],[14.343166,50.051013],[14.340355,50.050835],[14.340289,50.051273]]]}},{"type":"Feature","properties":{"cislo":13053,"kod":94623,"mestskaCast":"praha-13"},"geometry":{"type":"Polygon","coordinates":[[[14.320967,50.049384],[14.321798,50.049267],[14.321692,50.049004],[14.324483,50.049045],[14.324536,50.049319],[14.326684,50.049371],[14.326709,50.049099],[14.327534,50.0491],[14.327561,50.049359],[14.329378,50.049382],[14.329586,50.049457],[14.329605,50.049172],[14.329942,50.04918],[14.329986,50.049346],[14.330178,50.049353],[14.331109,50.049836],[14.332152,50.049686],[14.332173,50.049556],[14.330422,50.049299],[14.329815,50.04848],[14.324784,50.048468],[14.32217,50.048585],[14.320215,50.048828],[14.320255,50.04923],[14.320802,50.049288],[14.320967,50.049384]]]}},{"type":"Feature","properties":{"cislo":13054,"kod":94740,"mestskaCast":"praha-13"},"geometry":{"type":"Polygon","coordinates":[[[14.325753,50.038327],[14.325753,50.038327],[14.325755,50.038328],[14.326139,50.038444],[14.327061,50.038808],[14.327372,50.038935],[14.328906,50.039536],[14.329347,50.039711],[14.329673,50.038956],[14.330154,50.039039],[14.330637,50.037975],[14.331014,50.037121],[14.330155,50.036987],[14.330518,50.036136],[14.330086,50.035787],[14.328786,50.035589],[14.327327,50.035514],[14.326673,50.036685],[14.326626,50.036768],[14.326507,50.036981],[14.326442,50.0371],[14.326366,50.037236],[14.326305,50.037346],[14.326244,50.037455],[14.325925,50.038022],[14.325789,50.038265],[14.32577,50.038297],[14.325758,50.038319],[14.325753,50.038326],[14.325753,50.038327]]]}},{"type":"Feature","properties":{"cislo":13055,"kod":106045,"mestskaCast":"praha-13"},"geometry":{"type":"Polygon","coordinates":[[[14.336556,50.037625],[14.33673,50.03704],[14.336495,50.037019],[14.3364,50.036938],[14.336446,50.036724],[14.336502,50.036466],[14.336553,50.036225],[14.336675,50.036182],[14.336869,50.036199],[14.337491,50.036255],[14.337624,50.03564],[14.337472,50.035626],[14.337469,50.035572],[14.337386,50.035564],[14.337082,50.035537],[14.337013,50.035531],[14.336734,50.035515],[14.336755,50.03529],[14.337142,50.035325],[14.337432,50.035351],[14.337709,50.035375],[14.338594,50.035454],[14.339011,50.035483],[14.339743,50.035548],[14.34082,50.035653],[14.342218,50.035769],[14.342536,50.035798],[14.342827,50.035824],[14.34295,50.035907],[14.343039,50.036015],[14.342987,50.036192],[14.342979,50.036228],[14.342987,50.036255],[14.343118,50.03663],[14.343186,50.036709],[14.343233,50.036749],[14.343911,50.03681],[14.343842,50.037131],[14.344509,50.037435],[14.344772,50.037459],[14.345021,50.037481],[14.345436,50.037518],[14.34592,50.037561],[14.346065,50.037474],[14.346218,50.037288],[14.346261,50.037156],[14.346901,50.036342],[14.34759,50.035432],[14.347828,50.034981],[14.34815,50.034665],[14.348265,50.034131],[14.348266,50.034129],[14.348263,50.034128],[14.347659,50.033963],[14.34713,50.033775],[14.346756,50.033678],[14.346739,50.033674],[14.34671,50.033666],[14.34624,50.033425],[14.345505,50.033146],[14.345028,50.032774],[14.344958,50.032636],[14.344809,50.032583],[14.344627,50.032516],[14.344576,50.032519],[14.344451,50.032439],[14.344368,50.032357],[14.344331,50.032331],[14.344302,50.032325],[14.344314,50.032304],[14.344211,50.032196],[14.344009,50.032155],[14.34398,50.032142],[14.343912,50.032117],[14.343474,50.032018],[14.343437,50.03199],[14.34306,50.031881],[14.342791,50.031802],[14.342688,50.031772],[14.342524,50.032199],[14.342332,50.032481],[14.341536,50.032137],[14.3414,50.03212],[14.340899,50.032121],[14.34048,50.032083],[14.339973,50.032329],[14.339836,50.032354],[14.339138,50.032435],[14.338437,50.032719],[14.338297,50.032694],[14.337882,50.032619],[14.338386,50.032281],[14.338442,50.031774],[14.337898,50.031696],[14.337469,50.031622],[14.33714,50.031566],[14.336866,50.031586],[14.336494,50.031613],[14.335945,50.031656],[14.335869,50.031705],[14.335834,50.031727],[14.335778,50.031679],[14.335707,50.031665],[14.335638,50.031634],[14.335616,50.031651],[14.335115,50.032068],[14.335373,50.032205],[14.335821,50.032399],[14.335898,50.032448],[14.33564,50.032755],[14.335542,50.032909],[14.335403,50.03317],[14.335345,50.033345],[14.335321,50.033434],[14.33532,50.033437],[14.33532,50.033437],[14.335322,50.033437],[14.335956,50.035727],[14.335794,50.036412],[14.335748,50.036625],[14.335574,50.037436],[14.336556,50.037625]]]}},{"type":"Feature","properties":{"cislo":13056,"kod":106140,"mestskaCast":"praha-13"},"geometry":{"type":"Polygon","coordinates":[[[14.345058,50.053276],[14.346472,50.053396],[14.346821,50.051838],[14.346825,50.051821],[14.346133,50.051759],[14.346009,50.051748],[14.34592,50.051767],[14.345671,50.051745],[14.345601,50.051811],[14.345569,50.051827],[14.345555,50.051825],[14.344692,50.051775],[14.343238,50.051655],[14.341631,50.05152],[14.340793,50.051418],[14.340733,50.051304],[14.340289,50.051273],[14.340275,50.051272],[14.339982,50.051455],[14.339897,50.05152],[14.339805,50.051947],[14.339784,50.051982],[14.339761,50.052089],[14.339806,50.052138],[14.339972,50.052153],[14.339888,50.052545],[14.341714,50.052632],[14.342072,50.052664],[14.342615,50.052507],[14.34259,50.052623],[14.342827,50.052679],[14.343086,50.052668],[14.343142,50.05237],[14.343643,50.052401],[14.343619,50.052547],[14.343587,50.052732],[14.344041,50.052772],[14.345058,50.053276]]]}},{"type":"Feature","properties":{"cislo":13057,"kod":106144,"mestskaCast":"praha-13"},"geometry":{"type":"Polygon","coordinates":[[[14.308748,50.047372],[14.309001,50.047376],[14.309209,50.047395],[14.30928,50.047456],[14.30964,50.047488],[14.309937,50.047678],[14.310281,50.047718],[14.31064,50.04775],[14.310705,50.04771],[14.310908,50.04762],[14.311048,50.047559],[14.311307,50.047537],[14.311597,50.047563],[14.311593,50.047581],[14.311591,50.04759],[14.311702,50.0476],[14.311704,50.047591],[14.311818,50.04752],[14.311859,50.04746],[14.311737,50.04724],[14.310959,50.047188],[14.309282,50.04712],[14.308055,50.046665],[14.308043,50.046264],[14.308228,50.045736],[14.308611,50.045335],[14.309332,50.04539],[14.309144,50.046127],[14.309352,50.046209],[14.30948,50.046139],[14.309486,50.046112],[14.309509,50.046005],[14.31029,50.045848],[14.310351,50.045564],[14.310357,50.045537],[14.310417,50.045324],[14.310666,50.045347],[14.310938,50.045262],[14.311178,50.045038],[14.311224,50.045025],[14.311291,50.04502],[14.311342,50.045026],[14.311437,50.045047],[14.311595,50.045061],[14.311782,50.045087],[14.311946,50.045098],[14.312084,50.04511],[14.312161,50.045081],[14.312616,50.045131],[14.312618,50.045122],[14.312633,50.045051],[14.312716,50.045058],[14.312732,50.045051],[14.313172,50.045035],[14.313186,50.045037],[14.313188,50.045028],[14.313292,50.045001],[14.313583,50.045027],[14.313905,50.045101],[14.314169,50.045052],[14.314543,50.045086],[14.314637,50.04504],[14.314676,50.044862],[14.314681,50.044835],[14.315033,50.044775],[14.315476,50.044679],[14.3154,50.044509],[14.315378,50.04448],[14.314871,50.0437],[14.314869,50.043697],[14.314869,50.043697],[14.314546,50.043797],[14.314334,50.043851],[14.314067,50.04391],[14.313829,50.04395],[14.313625,50.043979],[14.313509,50.043994],[14.313278,50.044015],[14.313033,50.044034],[14.312783,50.04404],[14.312331,50.044053],[14.311942,50.04406],[14.311331,50.044071],[14.311046,50.044091],[14.310773,50.044109],[14.310496,50.044144],[14.310351,50.044171],[14.310078,50.044228],[14.309815,50.044298],[14.309547,50.04438],[14.309286,50.04448],[14.309064,50.044571],[14.308887,50.044651],[14.308722,50.044733],[14.308447,50.04492],[14.308442,50.044925],[14.308185,50.045091],[14.308113,50.045142],[14.307955,50.045278],[14.30747,50.047349],[14.308748,50.047372]]]}},{"type":"Feature","properties":{"cislo":13058,"kod":127009,"mestskaCast":"praha-13"},"geometry":{"type":"Polygon","coordinates":[[[14.328393,50.062401],[14.328907,50.062352],[14.329732,50.06231],[14.330112,50.062236],[14.330391,50.062181],[14.330526,50.062155],[14.330983,50.062066],[14.331947,50.061693],[14.332432,50.061514],[14.332852,50.061277],[14.33334,50.061048],[14.333375,50.061036],[14.333628,50.060947],[14.333695,50.060929],[14.333775,50.060908],[14.33407,50.060824],[14.334172,50.060795],[14.334315,50.060755],[14.334402,50.060727],[14.334444,50.060697],[14.334532,50.060629],[14.334691,50.060512],[14.334829,50.060435],[14.334862,50.060419],[14.334885,50.060409],[14.334968,50.060369],[14.33503,50.060336],[14.335024,50.060332],[14.335045,50.060321],[14.335045,50.060321],[14.33504,50.060318],[14.333866,50.059486],[14.332292,50.058611],[14.331741,50.058398],[14.331532,50.058327],[14.331213,50.058245],[14.331016,50.058184],[14.331377,50.057725],[14.331177,50.057649],[14.330848,50.05747],[14.330471,50.057289],[14.328556,50.056779],[14.328542,50.056778],[14.328153,50.056688],[14.328176,50.056581],[14.328178,50.056573],[14.328256,50.056207],[14.32816,50.056199],[14.327053,50.0561],[14.326209,50.055698],[14.326093,50.055388],[14.325843,50.055302],[14.325531,50.055183],[14.325093,50.055053],[14.324038,50.054913],[14.32389,50.055599],[14.323464,50.05744],[14.323476,50.05745],[14.323428,50.057609],[14.323331,50.057664],[14.323239,50.057701],[14.323162,50.057731],[14.322755,50.057658],[14.318601,50.057241],[14.31853,50.058089],[14.320674,50.060083],[14.322507,50.060337],[14.322441,50.060768],[14.323897,50.061417],[14.32542,50.06178],[14.326866,50.061948],[14.328393,50.062401]]]}}]}
