{"type":"FeatureCollection","features":[{"type":"Feature","properties":{"cislo":10001,"kod":28431,"mestskaCast":"praha-10"},"geometry":{"type":"Polygon","coordinates":[[[14.452963,50.074412],[14.452963,50.074349],[14.453023,50.074],[14.453038,50.073929],[14.453046,50.073893],[14.452888,50.073444],[14.45294,50.07333],[14.453078,50.072154],[14.450878,50.072023],[14.448125,50.071907],[14.446845,50.071957],[14.446874,50.071687],[14.443666,50.071458],[14.443661,50.071456],[14.442803,50.072136],[14.442551,50.072335],[14.442991,50.072562],[14.443114,50.072625],[14.443947,50.072631],[14.443952,50.072631],[14.445818,50.072648],[14.445879,50.072648],[14.447865,50.072661],[14.449211,50.07268],[14.449205,50.07334],[14.449309,50.073453],[14.449284,50.074167],[14.449279,50.074167],[14.449278,50.074169],[14.452963,50.074412]]]}},{"type":"Feature","properties":{"cislo":10002,"kod":28433,"mestskaCast":"praha-10"},"geometry":{"type":"Polygon","coordinates":[[[14.449064,50.075357],[14.450412,50.075381],[14.452797,50.075391],[14.452825,50.075391],[14.454154,50.075415],[14.454272,50.075419],[14.454272,50.075419],[14.454272,50.075417],[14.454559,50.074535],[14.452963,50.074412],[14.449278,50.074169],[14.449279,50.074167],[14.448599,50.074135],[14.448599,50.074136],[14.44856,50.075356],[14.449064,50.075357]]]}},{"type":"Feature","properties":{"cislo":10003,"kod":28435,"mestskaCast":"praha-10"},"geometry":{"type":"Polygon","coordinates":[[[14.452963,50.074412],[14.454559,50.074535],[14.454272,50.075417],[14.454272,50.075419],[14.454272,50.075419],[14.454519,50.075427],[14.455778,50.075437],[14.456592,50.075445],[14.456663,50.075446],[14.457757,50.07546],[14.457928,50.075468],[14.458038,50.075473],[14.457928,50.074143],[14.457879,50.073712],[14.457823,50.073444],[14.457866,50.073175],[14.458076,50.073185],[14.458139,50.073154],[14.458264,50.072566],[14.457238,50.072485],[14.455423,50.072333],[14.454842,50.072282],[14.453078,50.072154],[14.45294,50.07333],[14.452888,50.073444],[14.453046,50.073893],[14.453038,50.073929],[14.453023,50.074],[14.452963,50.074349],[14.452963,50.074412]]]}},{"type":"Feature","properties":{"cislo":10004,"kod":28437,"mestskaCast":"praha-10"},"geometry":{"type":"Polygon","coordinates":[[[14.458038,50.075473],[14.460482,50.075588],[14.461699,50.075646],[14.463916,50.075754],[14.463969,50.075757],[14.465182,50.07581],[14.465564,50.075832],[14.466327,50.075875],[14.469175,50.076018],[14.470053,50.076062],[14.470069,50.076062],[14.470118,50.075635],[14.469571,50.075623],[14.469267,50.07546],[14.469161,50.075297],[14.469043,50.075123],[14.468874,50.07479],[14.469112,50.074666],[14.469184,50.074391],[14.468962,50.073845],[14.469049,50.073436],[14.466715,50.073275],[14.46591,50.073213],[14.465481,50.073175],[14.464595,50.073097],[14.462033,50.07288],[14.460467,50.072751],[14.45987,50.072708],[14.459039,50.072634],[14.458264,50.072566],[14.458139,50.073154],[14.458076,50.073185],[14.457866,50.073175],[14.457823,50.073444],[14.457879,50.073712],[14.457928,50.074143],[14.458038,50.075473]]]}},{"type":"Feature","properties":{"cislo":10005,"kod":28439,"mestskaCast":"praha-10"},"geometry":{"type":"Polygon","coordinates":[[[14.478729,50.077845],[14.478729,50.077845],[14.47873,50.077846],[14.482642,50.077482],[14.483031,50.077444],[14.484376,50.07729],[14.485897,50.077097],[14.485899,50.077088],[14.486087,50.07607],[14.486424,50.075084],[14.485486,50.074983],[14.485793,50.074202],[14.485807,50.074204],[14.486533,50.072643],[14.484826,50.072447],[14.484003,50.072339],[14.482009,50.072835],[14.479079,50.073548],[14.47738,50.073915],[14.475191,50.073795],[14.470354,50.073532],[14.469965,50.073507],[14.469049,50.073436],[14.468962,50.073845],[14.469184,50.074391],[14.469112,50.074666],[14.468874,50.07479],[14.469043,50.075123],[14.469161,50.075297],[14.469267,50.07546],[14.469571,50.075623],[14.470118,50.075635],[14.470069,50.076062],[14.472106,50.076168],[14.473381,50.076231],[14.47552,50.07634],[14.476903,50.076407],[14.47835,50.076272],[14.47873,50.077845],[14.478729,50.077845]]]}},{"type":"Feature","properties":{"cislo":10006,"kod":28441,"mestskaCast":"praha-10"},"geometry":{"type":"Polygon","coordinates":[[[14.496265,50.082728],[14.496761,50.081918],[14.49689,50.081512],[14.497546,50.081543],[14.497791,50.080856],[14.497007,50.08076],[14.494038,50.0804],[14.494032,50.080689],[14.494002,50.080832],[14.493952,50.081136],[14.493879,50.081547],[14.494834,50.081695],[14.494635,50.082303],[14.494833,50.082366],[14.496265,50.082728]]]}},{"type":"Feature","properties":{"cislo":10007,"kod":28443,"mestskaCast":"praha-10"},"geometry":{"type":"Polygon","coordinates":[[[14.491918,50.086983],[14.491918,50.086983],[14.49192,50.086983],[14.49273,50.08729],[14.492925,50.087298],[14.494653,50.08667],[14.496913,50.086188],[14.498217,50.086157],[14.49952,50.085826],[14.500521,50.087515],[14.501783,50.087699],[14.502343,50.085596],[14.50224,50.085273],[14.502988,50.085143],[14.502708,50.085064],[14.501463,50.084618],[14.500598,50.084243],[14.499705,50.083665],[14.499115,50.083123],[14.497629,50.082812],[14.496265,50.082728],[14.494833,50.082366],[14.494635,50.082303],[14.494834,50.081695],[14.493879,50.081547],[14.4936,50.081995],[14.493237,50.082244],[14.493017,50.082415],[14.492848,50.082482],[14.492821,50.082543],[14.492992,50.082667],[14.492885,50.082839],[14.492946,50.083017],[14.493449,50.08317],[14.493109,50.083576],[14.493738,50.083803],[14.492635,50.085812],[14.491918,50.086983]]]}},{"type":"Feature","properties":{"cislo":10008,"kod":28445,"mestskaCast":"praha-10"},"geometry":{"type":"Polygon","coordinates":[[[14.500705,50.083336],[14.500795,50.082981],[14.500948,50.082858],[14.50126,50.082849],[14.503254,50.082689],[14.503393,50.082365],[14.502244,50.082201],[14.497546,50.081543],[14.49689,50.081512],[14.496761,50.081918],[14.496265,50.082728],[14.497629,50.082812],[14.499115,50.083123],[14.500705,50.083336]]]}},{"type":"Feature","properties":{"cislo":10009,"kod":28447,"mestskaCast":"praha-10"},"geometry":{"type":"Polygon","coordinates":[[[14.497546,50.081543],[14.502244,50.082201],[14.502804,50.080625],[14.505283,50.08097],[14.505653,50.080023],[14.505318,50.079939],[14.504079,50.07973],[14.503943,50.079709],[14.502121,50.079522],[14.500285,50.079333],[14.499103,50.079057],[14.498653,50.079054],[14.497811,50.079034],[14.497536,50.079001],[14.497323,50.079672],[14.497225,50.079999],[14.497007,50.08076],[14.497791,50.080856],[14.497546,50.081543]]]}},{"type":"Feature","properties":{"cislo":10010,"kod":28449,"mestskaCast":"praha-10"},"geometry":{"type":"Polygon","coordinates":[[[14.504703,50.082507],[14.50481,50.082335],[14.505283,50.08097],[14.502804,50.080625],[14.502244,50.082201],[14.503393,50.082365],[14.504703,50.082507]]]}},{"type":"Feature","properties":{"cislo":10011,"kod":28451,"mestskaCast":"praha-10"},"geometry":{"type":"Polygon","coordinates":[[[14.500705,50.083336],[14.503123,50.083639],[14.505133,50.08387],[14.505578,50.082639],[14.504703,50.082507],[14.503393,50.082365],[14.503254,50.082689],[14.50126,50.082849],[14.500948,50.082858],[14.500795,50.082981],[14.500705,50.083336]]]}},{"type":"Feature","properties":{"cislo":10012,"kod":28453,"mestskaCast":"praha-10"},"geometry":{"type":"Polygon","coordinates":[[[14.502988,50.085143],[14.506551,50.084766],[14.507915,50.08465],[14.509749,50.084584],[14.510278,50.084548],[14.510663,50.08333],[14.509464,50.083198],[14.507495,50.082907],[14.505578,50.082639],[14.505133,50.08387],[14.503123,50.083639],[14.500705,50.083336],[14.499115,50.083123],[14.499705,50.083665],[14.500598,50.084243],[14.501463,50.084618],[14.502708,50.085064],[14.502988,50.085143]]]}},{"type":"Feature","properties":{"cislo":10013,"kod":28455,"mestskaCast":"praha-10"},"geometry":{"type":"Polygon","coordinates":[[[14.510663,50.08333],[14.512476,50.083645],[14.513778,50.084384],[14.51294,50.085167],[14.513828,50.085428],[14.514828,50.084826],[14.51673,50.084754],[14.516081,50.083703],[14.514357,50.07781],[14.512257,50.077871],[14.512235,50.077978],[14.512156,50.078016],[14.512082,50.078101],[14.512055,50.078225],[14.512103,50.078665],[14.512107,50.078847],[14.512047,50.079531],[14.512031,50.079603],[14.511803,50.080281],[14.511571,50.080842],[14.511555,50.080985],[14.511405,50.080963],[14.508595,50.08058],[14.505653,50.080023],[14.505283,50.08097],[14.50481,50.082335],[14.504703,50.082507],[14.505578,50.082639],[14.507495,50.082907],[14.509464,50.083198],[14.510663,50.08333]]]}},{"type":"Feature","properties":{"cislo":10014,"kod":28457,"mestskaCast":"praha-10"},"geometry":{"type":"Polygon","coordinates":[[[14.503809,50.087762],[14.504504,50.087833],[14.504937,50.087922],[14.50526,50.087998],[14.505524,50.088043],[14.505663,50.088056],[14.505777,50.088053],[14.506229,50.088021],[14.506823,50.088009],[14.506941,50.087279],[14.505533,50.086905],[14.506072,50.086332],[14.50569,50.086185],[14.505229,50.08603],[14.504739,50.085916],[14.503809,50.087762]]]}},{"type":"Feature","properties":{"cislo":10015,"kod":28459,"mestskaCast":"praha-10"},"geometry":{"type":"Polygon","coordinates":[[[14.503314,50.089661],[14.503486,50.089638],[14.503902,50.089543],[14.504057,50.089542],[14.504451,50.089544],[14.505537,50.089358],[14.505659,50.089351],[14.506109,50.089315],[14.506293,50.089304],[14.507126,50.089237],[14.507678,50.089178],[14.508509,50.089105],[14.509868,50.088997],[14.510751,50.088898],[14.511899,50.08879],[14.512568,50.088684],[14.512885,50.088603],[14.512965,50.088628],[14.51321,50.088702],[14.513311,50.088734],[14.51333,50.088625],[14.51356,50.088585],[14.513602,50.088576],[14.514188,50.088371],[14.514222,50.088343],[14.51428,50.088298],[14.514422,50.088188],[14.514555,50.088109],[14.514799,50.088006],[14.514797,50.088003],[14.514788,50.087992],[14.515383,50.087802],[14.515745,50.087687],[14.515742,50.087683],[14.515823,50.087653],[14.515858,50.087641],[14.515864,50.087639],[14.515883,50.087631],[14.516071,50.087556],[14.516075,50.087554],[14.516114,50.087539],[14.516127,50.087532],[14.516188,50.087505],[14.516211,50.087492],[14.516213,50.087491],[14.516288,50.087454],[14.516293,50.087458],[14.516378,50.087487],[14.516501,50.087462],[14.516599,50.087431],[14.516965,50.087315],[14.517027,50.087277],[14.517198,50.087209],[14.517196,50.087182],[14.517359,50.087103],[14.517906,50.087059],[14.518216,50.087019],[14.518294,50.087009],[14.518318,50.087006],[14.518392,50.086504],[14.518929,50.086687],[14.519647,50.086906],[14.520363,50.087106],[14.520359,50.087122],[14.520667,50.087211],[14.520628,50.087382],[14.521076,50.087437],[14.521568,50.087518],[14.522461,50.087685],[14.522539,50.087721],[14.523014,50.08794],[14.523061,50.087842],[14.523688,50.088005],[14.524209,50.088131],[14.524474,50.088191],[14.524726,50.088267],[14.525742,50.088569],[14.52617,50.088691],[14.526517,50.088781],[14.52755,50.089071],[14.528306,50.089283],[14.528819,50.089428],[14.528934,50.089461],[14.529024,50.089484],[14.529032,50.089486],[14.529076,50.089498],[14.529101,50.089505],[14.529111,50.089507],[14.529188,50.089529],[14.52959,50.089638],[14.531411,50.090147],[14.532141,50.090337],[14.532999,50.090537],[14.533055,50.090425],[14.533074,50.090386],[14.53313,50.090275],[14.533142,50.090249],[14.533168,50.090194],[14.533183,50.090166],[14.533269,50.089984],[14.533451,50.089611],[14.533624,50.089244],[14.533792,50.088914],[14.533985,50.088565],[14.532994,50.088329],[14.532112,50.088153],[14.531807,50.088079],[14.530146,50.087726],[14.530264,50.087529],[14.530486,50.087156],[14.530502,50.087129],[14.530578,50.087002],[14.530611,50.086935],[14.530715,50.086731],[14.530923,50.086333],[14.530944,50.086299],[14.531183,50.08592],[14.531349,50.085594],[14.531513,50.085272],[14.531833,50.084731],[14.531887,50.084641],[14.531888,50.084639],[14.531933,50.084564],[14.531948,50.08454],[14.531988,50.084474],[14.532031,50.084478],[14.532038,50.084478],[14.53212,50.084485],[14.532125,50.084485],[14.532493,50.084513],[14.532521,50.084515],[14.53253,50.084516],[14.532558,50.084518],[14.532716,50.08453],[14.53279,50.084536],[14.532794,50.084536],[14.532875,50.084538],[14.532931,50.08454],[14.532977,50.084542],[14.533409,50.084556],[14.53343,50.084557],[14.533664,50.084565],[14.533793,50.084572],[14.533955,50.084577],[14.534051,50.084579],[14.534093,50.084581],[14.534096,50.084581],[14.534181,50.084585],[14.534416,50.084597],[14.534479,50.0846],[14.53468,50.084609],[14.534739,50.084612],[14.534892,50.084625],[14.535132,50.084641],[14.535336,50.084655],[14.53534,50.084655],[14.535515,50.084666],[14.535984,50.084707],[14.535989,50.084708],[14.536057,50.084713],[14.536408,50.084752],[14.536517,50.084764],[14.536618,50.084775],[14.536787,50.084794],[14.536791,50.084795],[14.536799,50.084796],[14.536834,50.084799],[14.536841,50.0848],[14.536851,50.084802],[14.537214,50.084859],[14.537292,50.084871],[14.537334,50.084877],[14.537431,50.0849],[14.537482,50.084913],[14.53753,50.084924],[14.537818,50.08435],[14.537883,50.084224],[14.538058,50.083891],[14.538067,50.083872],[14.538218,50.083583],[14.538344,50.083293],[14.538402,50.08316],[14.538427,50.083058],[14.538436,50.083021],[14.538438,50.083011],[14.538446,50.082978],[14.538446,50.082978],[14.538451,50.082959],[14.538455,50.082939],[14.538474,50.08294],[14.538502,50.082943],[14.538506,50.082919],[14.538514,50.082877],[14.538528,50.082809],[14.538529,50.082805],[14.53853,50.082801],[14.538543,50.082732],[14.538548,50.082705],[14.538554,50.082678],[14.538556,50.082668],[14.538578,50.08259],[14.538588,50.082554],[14.538624,50.082425],[14.53867,50.08226],[14.538728,50.082053],[14.538797,50.081844],[14.538808,50.081811],[14.538899,50.081533],[14.539013,50.080995],[14.539021,50.080956],[14.53905,50.080823],[14.539108,50.080561],[14.539322,50.079851],[14.539344,50.079722],[14.539349,50.079569],[14.539307,50.079571],[14.539267,50.079204],[14.539262,50.078885],[14.539294,50.078699],[14.539321,50.078573],[14.539335,50.078507],[14.539389,50.078364],[14.539413,50.078301],[14.539415,50.078296],[14.539415,50.078295],[14.539332,50.078209],[14.5394,50.077724],[14.539408,50.077621],[14.539413,50.07754],[14.539406,50.077257],[14.539404,50.077157],[14.539384,50.076991],[14.539376,50.076924],[14.539375,50.076909],[14.53936,50.076784],[14.539355,50.076736],[14.539042,50.07679],[14.538557,50.076873],[14.538495,50.076883],[14.538392,50.076901],[14.538351,50.076908],[14.538282,50.076919],[14.53824,50.076926],[14.538049,50.076959],[14.537928,50.07698],[14.537789,50.077003],[14.537681,50.077022],[14.537558,50.077043],[14.537373,50.077074],[14.537312,50.077084],[14.537174,50.077108],[14.537131,50.077115],[14.536479,50.077226],[14.536283,50.07726],[14.536089,50.077293],[14.536062,50.077297],[14.535965,50.077314],[14.535566,50.077382],[14.535512,50.07732],[14.535496,50.077302],[14.535434,50.077233],[14.535233,50.077005],[14.535225,50.076991],[14.535194,50.076939],[14.535129,50.076829],[14.535118,50.076812],[14.535116,50.076808],[14.535115,50.076806],[14.535083,50.076752],[14.535082,50.076751],[14.534872,50.076397],[14.534864,50.076387],[14.534566,50.075972],[14.534483,50.075857],[14.534426,50.075774],[14.534182,50.075405],[14.534323,50.075369],[14.534329,50.075367],[14.534804,50.075261],[14.534845,50.075252],[14.535261,50.075159],[14.536049,50.075004],[14.536109,50.07494],[14.536985,50.074776],[14.536994,50.074774],[14.537489,50.074681],[14.537649,50.074652],[14.537691,50.074644],[14.537737,50.074635],[14.537843,50.074615],[14.537903,50.074604],[14.538159,50.074556],[14.538127,50.074453],[14.537986,50.073818],[14.537972,50.07373],[14.53796,50.073639],[14.537942,50.073544],[14.53794,50.073538],[14.537921,50.073438],[14.537911,50.073384],[14.537826,50.072998],[14.53775,50.072767],[14.537729,50.072705],[14.537725,50.072695],[14.537722,50.072686],[14.537671,50.072531],[14.537668,50.072523],[14.537661,50.072502],[14.537658,50.072492],[14.537619,50.072375],[14.537606,50.072336],[14.537597,50.072311],[14.537569,50.072326],[14.537527,50.072348],[14.537385,50.072424],[14.537297,50.07247],[14.537186,50.072529],[14.537144,50.072551],[14.537108,50.07257],[14.536804,50.072732],[14.53664,50.07283],[14.536414,50.072967],[14.536316,50.073026],[14.536235,50.073075],[14.536154,50.07313],[14.536056,50.073197],[14.535997,50.073237],[14.535969,50.073256],[14.535851,50.073337],[14.535829,50.073323],[14.535751,50.073272],[14.535705,50.073242],[14.535526,50.073191],[14.535491,50.073181],[14.535418,50.073161],[14.535259,50.073116],[14.535205,50.0731],[14.535077,50.073064],[14.535042,50.073056],[14.534975,50.07304],[14.534956,50.073036],[14.534883,50.073019],[14.534876,50.073018],[14.534516,50.072934],[14.534409,50.072904],[14.53412,50.072837],[14.533886,50.072791],[14.533508,50.07271],[14.533234,50.072651],[14.531558,50.072291],[14.531553,50.07229],[14.531488,50.072276],[14.531321,50.07224],[14.531245,50.07229],[14.531021,50.072436],[14.530809,50.072557],[14.530519,50.072752],[14.530503,50.072765],[14.530455,50.072804],[14.530398,50.072849],[14.530386,50.072858],[14.530382,50.072862],[14.530237,50.072978],[14.530227,50.072986],[14.530223,50.072989],[14.530172,50.07303],[14.530143,50.073053],[14.530137,50.073057],[14.530097,50.073089],[14.52993,50.073221],[14.529864,50.073273],[14.529856,50.07328],[14.529809,50.073316],[14.529761,50.073354],[14.52966,50.073433],[14.529643,50.073446],[14.529528,50.073536],[14.529224,50.073744],[14.52914,50.073805],[14.528944,50.073983],[14.528747,50.074137],[14.528672,50.074206],[14.528653,50.074223],[14.528603,50.074269],[14.528533,50.074343],[14.528491,50.074388],[14.528466,50.074419],[14.528378,50.074529],[14.528371,50.074541],[14.528358,50.074561],[14.528327,50.074609],[14.52832,50.074621],[14.528288,50.07467],[14.52817,50.07488],[14.527836,50.074829],[14.527541,50.074772],[14.527344,50.074728],[14.527018,50.074649],[14.526317,50.074481],[14.526191,50.074437],[14.526186,50.074436],[14.526057,50.074398],[14.525337,50.074275],[14.52445,50.074109],[14.52422,50.074059],[14.524034,50.074017],[14.524019,50.07401],[14.523794,50.073908],[14.523721,50.073874],[14.523576,50.073845],[14.522993,50.073724],[14.522884,50.073696],[14.52253,50.074308],[14.522304,50.074841],[14.52199,50.075594],[14.521839,50.076171],[14.521396,50.076867],[14.521257,50.07739],[14.521106,50.077504],[14.514357,50.07781],[14.516081,50.083703],[14.51673,50.084754],[14.514828,50.084826],[14.513828,50.085428],[14.51294,50.085167],[14.513778,50.084384],[14.512476,50.083645],[14.510663,50.08333],[14.510278,50.084548],[14.509749,50.084584],[14.507915,50.08465],[14.506551,50.084766],[14.502988,50.085143],[14.50224,50.085273],[14.502343,50.085596],[14.501783,50.087699],[14.500521,50.087515],[14.49952,50.085826],[14.498217,50.086157],[14.496913,50.086188],[14.494653,50.08667],[14.492925,50.087298],[14.49273,50.08729],[14.49192,50.086983],[14.491918,50.086983],[14.491918,50.086983],[14.491921,50.087051],[14.491922,50.087069],[14.491894,50.087066],[14.49181,50.087106],[14.491808,50.087109],[14.491754,50.087197],[14.491739,50.087222],[14.491724,50.087248],[14.491671,50.087336],[14.491667,50.087341],[14.492144,50.087457],[14.492383,50.087517],[14.492531,50.087536],[14.493344,50.087718],[14.493608,50.087778],[14.494585,50.087958],[14.495362,50.088111],[14.496422,50.088359],[14.496959,50.088463],[14.497282,50.088526],[14.497434,50.088502],[14.498221,50.088647],[14.498366,50.088686],[14.498977,50.088855],[14.499457,50.088958],[14.49998,50.089049],[14.500635,50.08919],[14.500927,50.089253],[14.501456,50.089367],[14.501929,50.08946],[14.502373,50.089525],[14.502424,50.089532],[14.502764,50.089565],[14.502984,50.089587],[14.503276,50.089596],[14.503314,50.089661]],[[14.503809,50.087762],[14.504739,50.085916],[14.505229,50.08603],[14.50569,50.086185],[14.506072,50.086332],[14.505533,50.086905],[14.506941,50.087279],[14.506823,50.088009],[14.506229,50.088021],[14.505777,50.088053],[14.505663,50.088056],[14.505524,50.088043],[14.50526,50.087998],[14.504937,50.087922],[14.504504,50.087833],[14.503809,50.087762]]]}},{"type":"Feature","properties":{"cislo":10016,"kod":28461,"mestskaCast":"praha-10"},"geometry":{"type":"Polygon","coordinates":[[[14.491918,50.086983],[14.492635,50.085812],[14.493738,50.083803],[14.493109,50.083576],[14.48728,50.081475],[14.487564,50.080338],[14.486687,50.080216],[14.486017,50.079985],[14.485253,50.0796],[14.484807,50.079107],[14.483031,50.077444],[14.482642,50.077482],[14.47873,50.077846],[14.478729,50.077845],[14.478729,50.077845],[14.478603,50.077856],[14.477761,50.077933],[14.477419,50.077964],[14.476455,50.078058],[14.476415,50.078062],[14.476307,50.079391],[14.477105,50.079542],[14.477568,50.079622],[14.479467,50.079948],[14.481823,50.080405],[14.482559,50.080463],[14.482527,50.080502],[14.482432,50.080616],[14.482113,50.081002],[14.481653,50.081237],[14.481173,50.081386],[14.481003,50.081439],[14.480847,50.081487],[14.480757,50.081566],[14.48074,50.081581],[14.480594,50.081709],[14.480588,50.081713],[14.480493,50.081796],[14.480455,50.081852],[14.482628,50.08225],[14.482273,50.083014],[14.482208,50.083098],[14.482078,50.083424],[14.482084,50.083425],[14.482176,50.083446],[14.482179,50.083447],[14.482185,50.083448],[14.482627,50.083545],[14.482796,50.08358],[14.482845,50.083591],[14.482963,50.083617],[14.483021,50.083629],[14.483075,50.083641],[14.483513,50.083734],[14.483582,50.083747],[14.483581,50.083751],[14.483687,50.083771],[14.483811,50.083795],[14.483911,50.083814],[14.483939,50.083757],[14.484047,50.083785],[14.484124,50.083805],[14.48417,50.083813],[14.484219,50.083822],[14.484266,50.083831],[14.484483,50.083873],[14.484534,50.083879],[14.484701,50.083896],[14.484919,50.083917],[14.484882,50.084],[14.484831,50.084101],[14.485521,50.084237],[14.485501,50.08426],[14.485604,50.084284],[14.486105,50.084403],[14.486148,50.084415],[14.486415,50.084497],[14.486725,50.084593],[14.486821,50.084705],[14.486954,50.084864],[14.487063,50.084995],[14.487128,50.085072],[14.487426,50.085428],[14.487439,50.085426],[14.487453,50.085427],[14.487771,50.085651],[14.487997,50.08579],[14.488304,50.085916],[14.488593,50.086005],[14.48862,50.086044],[14.488646,50.086051],[14.4887,50.086066],[14.488816,50.086098],[14.488997,50.086148],[14.489193,50.086203],[14.489345,50.086245],[14.489524,50.08629],[14.489943,50.086396],[14.489993,50.086409],[14.49004,50.08642],[14.490053,50.086423],[14.49116,50.086676],[14.491268,50.086701],[14.491293,50.086707],[14.491342,50.086718],[14.491436,50.08674],[14.491564,50.086769],[14.491569,50.086771],[14.491768,50.086817],[14.491827,50.08688],[14.491847,50.086901],[14.491861,50.086959],[14.491917,50.086954],[14.491918,50.086983],[14.491918,50.086983]]]}},{"type":"Feature","properties":{"cislo":10017,"kod":28463,"mestskaCast":"praha-10"},"geometry":{"type":"Polygon","coordinates":[[[14.483031,50.077444],[14.484807,50.079107],[14.485253,50.0796],[14.486017,50.079985],[14.486687,50.080216],[14.487564,50.080338],[14.48728,50.081475],[14.493109,50.083576],[14.493449,50.08317],[14.492946,50.083017],[14.492885,50.082839],[14.492992,50.082667],[14.492821,50.082543],[14.492848,50.082482],[14.493017,50.082415],[14.493237,50.082244],[14.4936,50.081995],[14.493879,50.081547],[14.493952,50.081136],[14.494002,50.080832],[14.494032,50.080689],[14.494038,50.0804],[14.492809,50.080409],[14.492725,50.080801],[14.491834,50.08075],[14.492212,50.079431],[14.492067,50.079319],[14.492079,50.07893],[14.490686,50.078916],[14.488028,50.079082],[14.488379,50.078559],[14.487945,50.078611],[14.487737,50.077795],[14.486071,50.077938],[14.485899,50.077088],[14.485897,50.077097],[14.484376,50.07729],[14.483031,50.077444]]]}},{"type":"Feature","properties":{"cislo":10018,"kod":28465,"mestskaCast":"praha-10"},"geometry":{"type":"Polygon","coordinates":[[[14.485899,50.077088],[14.486071,50.077938],[14.487737,50.077795],[14.488283,50.077749],[14.488067,50.07695],[14.489045,50.076884],[14.489062,50.076868],[14.489199,50.076689],[14.489557,50.075867],[14.489738,50.075548],[14.490149,50.074803],[14.485807,50.074204],[14.485793,50.074202],[14.485486,50.074983],[14.486424,50.075084],[14.486087,50.07607],[14.485899,50.077088]]]}},{"type":"Feature","properties":{"cislo":10019,"kod":28467,"mestskaCast":"praha-10"},"geometry":{"type":"Polygon","coordinates":[[[14.487737,50.077795],[14.487945,50.078611],[14.488379,50.078559],[14.488028,50.079082],[14.490686,50.078916],[14.492079,50.07893],[14.492067,50.079319],[14.492212,50.079431],[14.491834,50.08075],[14.492725,50.080801],[14.492809,50.080409],[14.494038,50.0804],[14.497007,50.08076],[14.497225,50.079999],[14.497323,50.079672],[14.497536,50.079001],[14.496845,50.078931],[14.495669,50.078828],[14.495011,50.078607],[14.494419,50.078137],[14.494258,50.077833],[14.494198,50.077718],[14.494197,50.077655],[14.494096,50.077401],[14.494634,50.077258],[14.49469,50.076927],[14.49451,50.076911],[14.492814,50.076798],[14.492771,50.076803],[14.492338,50.076784],[14.490875,50.0767],[14.489062,50.076868],[14.489045,50.076884],[14.489003,50.077479],[14.4888,50.077707],[14.488283,50.077749],[14.487737,50.077795]]]}},{"type":"Feature","properties":{"cislo":10020,"kod":28469,"mestskaCast":"praha-10"},"geometry":{"type":"Polygon","coordinates":[[[14.499103,50.079057],[14.499406,50.078294],[14.498226,50.078209],[14.498313,50.077599],[14.495637,50.077319],[14.494634,50.077258],[14.494096,50.077401],[14.494197,50.077655],[14.494198,50.077718],[14.494258,50.077833],[14.494419,50.078137],[14.495011,50.078607],[14.495669,50.078828],[14.496845,50.078931],[14.497536,50.079001],[14.497811,50.079034],[14.498653,50.079054],[14.499103,50.079057]]]}},{"type":"Feature","properties":{"cislo":10021,"kod":28471,"mestskaCast":"praha-10"},"geometry":{"type":"Polygon","coordinates":[[[14.494634,50.077258],[14.495637,50.077319],[14.498313,50.077599],[14.498226,50.078209],[14.499406,50.078294],[14.499587,50.078174],[14.500623,50.078274],[14.500933,50.078274],[14.501605,50.078233],[14.502351,50.078172],[14.502836,50.078278],[14.503006,50.078075],[14.502824,50.078005],[14.502892,50.077684],[14.502914,50.077577],[14.502956,50.077445],[14.500188,50.077265],[14.499089,50.077196],[14.49469,50.076927],[14.494634,50.077258]]]}},{"type":"Feature","properties":{"cislo":10022,"kod":28473,"mestskaCast":"praha-10"},"geometry":{"type":"Polygon","coordinates":[[[14.499103,50.079057],[14.500285,50.079333],[14.502121,50.079522],[14.503943,50.079709],[14.504079,50.07973],[14.504522,50.078707],[14.505915,50.07892],[14.506023,50.078213],[14.506045,50.077643],[14.502956,50.077445],[14.502914,50.077577],[14.502892,50.077684],[14.502824,50.078005],[14.503006,50.078075],[14.502836,50.078278],[14.502351,50.078172],[14.501605,50.078233],[14.500933,50.078274],[14.500623,50.078274],[14.499587,50.078174],[14.499406,50.078294],[14.499103,50.079057]]]}},{"type":"Feature","properties":{"cislo":10023,"kod":28475,"mestskaCast":"praha-10"},"geometry":{"type":"Polygon","coordinates":[[[14.511405,50.080963],[14.511555,50.080985],[14.511571,50.080842],[14.511803,50.080281],[14.512031,50.079603],[14.512047,50.079531],[14.512107,50.078847],[14.512103,50.078665],[14.512055,50.078225],[14.512082,50.078101],[14.512156,50.078016],[14.512235,50.077978],[14.512257,50.077871],[14.511963,50.077863],[14.510414,50.077854],[14.506045,50.077643],[14.506023,50.078213],[14.505915,50.07892],[14.504522,50.078707],[14.504079,50.07973],[14.505318,50.079939],[14.505653,50.080023],[14.508595,50.08058],[14.511405,50.080963]]]}},{"type":"Feature","properties":{"cislo":10024,"kod":28477,"mestskaCast":"praha-10"},"geometry":{"type":"Polygon","coordinates":[[[14.500188,50.077265],[14.502956,50.077445],[14.506045,50.077643],[14.510414,50.077854],[14.511963,50.077863],[14.511757,50.076176],[14.507546,50.075815],[14.507421,50.076276],[14.501751,50.07595],[14.501659,50.076714],[14.500252,50.076635],[14.500188,50.077265]]]}},{"type":"Feature","properties":{"cislo":10025,"kod":28479,"mestskaCast":"praha-10"},"geometry":{"type":"Polygon","coordinates":[[[14.49451,50.076911],[14.49469,50.076927],[14.499089,50.077196],[14.49948,50.074889],[14.49531,50.074604],[14.495218,50.075104],[14.495077,50.075836],[14.494642,50.075825],[14.49451,50.076911]]]}},{"type":"Feature","properties":{"cislo":10026,"kod":28481,"mestskaCast":"praha-10"},"geometry":{"type":"Polygon","coordinates":[[[14.492338,50.076784],[14.492771,50.076803],[14.492814,50.076798],[14.49451,50.076911],[14.494642,50.075825],[14.495077,50.075836],[14.495218,50.075104],[14.493478,50.074933],[14.493295,50.075661],[14.492473,50.075616],[14.492388,50.075018],[14.490149,50.074803],[14.489738,50.075548],[14.492385,50.075898],[14.492338,50.076784]]]}},{"type":"Feature","properties":{"cislo":10027,"kod":28483,"mestskaCast":"praha-10"},"geometry":{"type":"Polygon","coordinates":[[[14.489062,50.076868],[14.490875,50.0767],[14.492338,50.076784],[14.492385,50.075898],[14.489738,50.075548],[14.489557,50.075867],[14.489199,50.076689],[14.489062,50.076868]]]}},{"type":"Feature","properties":{"cislo":10028,"kod":28485,"mestskaCast":"praha-10"},"geometry":{"type":"Polygon","coordinates":[[[14.490149,50.074803],[14.491156,50.073249],[14.490431,50.072414],[14.490438,50.072251],[14.489152,50.072066],[14.489168,50.071922],[14.489235,50.071737],[14.489018,50.0717],[14.487824,50.071477],[14.487687,50.071392],[14.487339,50.071307],[14.487214,50.071233],[14.48557,50.071006],[14.485453,50.07096],[14.485148,50.071332],[14.485283,50.071362],[14.485257,50.071415],[14.485209,50.07151],[14.485199,50.071555],[14.485172,50.071616],[14.485167,50.071643],[14.485024,50.071984],[14.485022,50.071993],[14.484966,50.072124],[14.484948,50.072141],[14.484826,50.072447],[14.486533,50.072643],[14.485807,50.074204],[14.490149,50.074803]]]}},{"type":"Feature","properties":{"cislo":10029,"kod":28487,"mestskaCast":"praha-10"},"geometry":{"type":"Polygon","coordinates":[[[14.490149,50.074803],[14.492388,50.075018],[14.492473,50.075616],[14.493295,50.075661],[14.493478,50.074933],[14.493875,50.072663],[14.490438,50.072251],[14.490431,50.072414],[14.491156,50.073249],[14.490149,50.074803]]]}},{"type":"Feature","properties":{"cislo":10030,"kod":28489,"mestskaCast":"praha-10"},"geometry":{"type":"Polygon","coordinates":[[[14.493478,50.074933],[14.495218,50.075104],[14.49531,50.074604],[14.49948,50.074889],[14.499708,50.073484],[14.499784,50.072992],[14.49754,50.072867],[14.493875,50.072663],[14.493478,50.074933]]]}},{"type":"Feature","properties":{"cislo":10031,"kod":28491,"mestskaCast":"praha-10"},"geometry":{"type":"Polygon","coordinates":[[[14.499089,50.077196],[14.500188,50.077265],[14.500252,50.076635],[14.501659,50.076714],[14.501751,50.07595],[14.507421,50.076276],[14.507546,50.075815],[14.511757,50.076176],[14.512877,50.075947],[14.51307,50.075166],[14.507812,50.074895],[14.507632,50.07448],[14.506495,50.074325],[14.504885,50.074202],[14.499708,50.073484],[14.49948,50.074889],[14.499089,50.077196]]]}},{"type":"Feature","properties":{"cislo":10032,"kod":28493,"mestskaCast":"praha-10"},"geometry":{"type":"Polygon","coordinates":[[[14.507671,50.067913],[14.508327,50.068805],[14.508351,50.068826],[14.508577,50.070488],[14.511976,50.069416],[14.513007,50.068944],[14.513471,50.068949],[14.516195,50.068335],[14.520987,50.067386],[14.520987,50.067386],[14.520986,50.067386],[14.520985,50.067374],[14.52097,50.067312],[14.520961,50.06729],[14.520955,50.067272],[14.520948,50.067248],[14.520946,50.067244],[14.520939,50.067226],[14.520921,50.067175],[14.520901,50.067107],[14.520892,50.067064],[14.520894,50.067062],[14.520884,50.067006],[14.520884,50.067003],[14.520881,50.066986],[14.520881,50.066982],[14.520856,50.066907],[14.520699,50.066909],[14.520667,50.066909],[14.520481,50.066915],[14.520436,50.066917],[14.520277,50.066922],[14.520062,50.066927],[14.520007,50.066928],[14.519961,50.066928],[14.519939,50.066928],[14.519936,50.066928],[14.51984,50.066928],[14.519832,50.066928],[14.519823,50.066928],[14.519616,50.066926],[14.51958,50.066926],[14.51958,50.066921],[14.519583,50.066878],[14.519586,50.066834],[14.51959,50.066784],[14.519592,50.066766],[14.519604,50.066603],[14.519606,50.066573],[14.519606,50.066532],[14.519606,50.06653],[14.519606,50.066526],[14.519608,50.066262],[14.519301,50.066221],[14.519174,50.066208],[14.51917,50.066207],[14.519068,50.066196],[14.518986,50.066186],[14.518943,50.066183],[14.518696,50.066158],[14.518688,50.066157],[14.51873,50.065996],[14.518746,50.065931],[14.518747,50.065928],[14.51877,50.065868],[14.518776,50.065852],[14.518838,50.065692],[14.51893,50.065481],[14.519012,50.065227],[14.519042,50.065108],[14.519046,50.065092],[14.51907,50.064991],[14.519091,50.06487],[14.519091,50.064742],[14.519078,50.064604],[14.519077,50.06459],[14.518876,50.064574],[14.518767,50.064566],[14.51847,50.064542],[14.518443,50.06454],[14.518426,50.064538],[14.518412,50.064537],[14.518372,50.064534],[14.518317,50.06453],[14.518319,50.064528],[14.518312,50.064528],[14.516521,50.064334],[14.516164,50.06462],[14.515806,50.064916],[14.514206,50.066345],[14.513299,50.067164],[14.5119,50.067449],[14.512083,50.067783],[14.511389,50.067931],[14.509723,50.067939],[14.507671,50.067913]]]}},{"type":"Feature","properties":{"cislo":10033,"kod":28495,"mestskaCast":"praha-10"},"geometry":{"type":"Polygon","coordinates":[[[14.511963,50.077863],[14.512257,50.077871],[14.514357,50.07781],[14.521106,50.077504],[14.521257,50.07739],[14.521396,50.076867],[14.521839,50.076171],[14.52199,50.075594],[14.522304,50.074841],[14.52253,50.074308],[14.522884,50.073696],[14.522883,50.073696],[14.522914,50.073624],[14.522951,50.073538],[14.522967,50.073502],[14.52297,50.073495],[14.522975,50.073483],[14.522977,50.073479],[14.523001,50.073424],[14.523038,50.073293],[14.523044,50.07327],[14.52309,50.073027],[14.523092,50.072975],[14.523094,50.072906],[14.523094,50.072889],[14.523094,50.072887],[14.523097,50.072806],[14.523112,50.072598],[14.523167,50.072386],[14.523184,50.07232],[14.523253,50.071994],[14.523256,50.071981],[14.523334,50.071615],[14.523382,50.071273],[14.523389,50.071225],[14.523393,50.07119],[14.523502,50.070167],[14.523509,50.069939],[14.523508,50.069819],[14.523498,50.069693],[14.523489,50.069592],[14.523472,50.069388],[14.523467,50.069325],[14.523467,50.069325],[14.523466,50.069306],[14.523465,50.0693],[14.523458,50.069213],[14.523466,50.069123],[14.523482,50.06896],[14.523499,50.068786],[14.523514,50.068622],[14.523517,50.068594],[14.523513,50.068582],[14.523417,50.068328],[14.523382,50.068291],[14.523306,50.068122],[14.523297,50.068102],[14.523296,50.0681],[14.523282,50.06805],[14.523274,50.068031],[14.523247,50.067929],[14.52321,50.067803],[14.523205,50.067795],[14.523175,50.067684],[14.523173,50.06762],[14.523172,50.067602],[14.523168,50.067513],[14.523167,50.067489],[14.523213,50.067271],[14.523238,50.067067],[14.523245,50.067012],[14.523178,50.066988],[14.523093,50.066957],[14.522798,50.06701],[14.522787,50.067012],[14.522564,50.067051],[14.522405,50.067079],[14.522215,50.067127],[14.522035,50.067171],[14.521989,50.067182],[14.521766,50.067237],[14.521614,50.06727],[14.52161,50.067271],[14.521591,50.067275],[14.521577,50.067278],[14.521501,50.067295],[14.52132,50.067347],[14.52129,50.067355],[14.521285,50.067356],[14.521199,50.067381],[14.521175,50.067382],[14.521055,50.067384],[14.521043,50.067385],[14.520997,50.067386],[14.520987,50.067386],[14.520987,50.067386],[14.516195,50.068335],[14.513471,50.068949],[14.513007,50.068944],[14.511976,50.069416],[14.508577,50.070488],[14.507159,50.07059],[14.507275,50.070111],[14.50605,50.070039],[14.505151,50.070024],[14.505141,50.070068],[14.505132,50.070313],[14.505301,50.070645],[14.504872,50.071805],[14.50675,50.072587],[14.506495,50.074325],[14.507632,50.07448],[14.507812,50.074895],[14.51307,50.075166],[14.512877,50.075947],[14.511757,50.076176],[14.511963,50.077863]]]}},{"type":"Feature","properties":{"cislo":10034,"kod":28497,"mestskaCast":"praha-10"},"geometry":{"type":"Polygon","coordinates":[[[14.499708,50.073484],[14.504885,50.074202],[14.506495,50.074325],[14.50675,50.072587],[14.504872,50.071805],[14.504438,50.071921],[14.503588,50.072073],[14.502534,50.07219],[14.501071,50.072106],[14.499948,50.072017],[14.498988,50.071824],[14.498164,50.071588],[14.497964,50.071534],[14.497528,50.072194],[14.497611,50.072265],[14.49754,50.072867],[14.499784,50.072992],[14.499708,50.073484]]]}},{"type":"Feature","properties":{"cislo":10035,"kod":28499,"mestskaCast":"praha-10"},"geometry":{"type":"Polygon","coordinates":[[[14.493875,50.072663],[14.49754,50.072867],[14.497611,50.072265],[14.497528,50.072194],[14.497964,50.071534],[14.498164,50.071588],[14.498558,50.07106],[14.499011,50.07012],[14.497792,50.069822],[14.495691,50.070354],[14.494793,50.069268],[14.493605,50.069753],[14.493619,50.070417],[14.493625,50.070853],[14.493875,50.072663]]]}},{"type":"Feature","properties":{"cislo":10036,"kod":28501,"mestskaCast":"praha-10"},"geometry":{"type":"Polygon","coordinates":[[[14.493875,50.072663],[14.493625,50.070853],[14.493619,50.070417],[14.492568,50.070452],[14.490496,50.070514],[14.489779,50.070306],[14.488927,50.070267],[14.486804,50.069509],[14.486537,50.069839],[14.486812,50.069936],[14.486943,50.069984],[14.487425,50.070171],[14.487542,50.070218],[14.48779,50.070312],[14.488025,50.070732],[14.485856,50.070324],[14.484966,50.070264],[14.484947,50.070353],[14.484917,50.070495],[14.484785,50.070983],[14.484757,50.071116],[14.484786,50.071246],[14.485148,50.071332],[14.485453,50.07096],[14.48557,50.071006],[14.487214,50.071233],[14.487339,50.071307],[14.487687,50.071392],[14.487824,50.071477],[14.489018,50.0717],[14.489235,50.071737],[14.489168,50.071922],[14.489152,50.072066],[14.490438,50.072251],[14.493875,50.072663]]]}},{"type":"Feature","properties":{"cislo":10037,"kod":28503,"mestskaCast":"praha-10"},"geometry":{"type":"Polygon","coordinates":[[[14.479846,50.070938],[14.484786,50.071246],[14.484757,50.071116],[14.484785,50.070983],[14.484917,50.070495],[14.484947,50.070353],[14.484966,50.070264],[14.483669,50.070131],[14.483447,50.070112],[14.481602,50.069904],[14.48003,50.069738],[14.479846,50.070938]]]}},{"type":"Feature","properties":{"cislo":10038,"kod":28505,"mestskaCast":"praha-10"},"geometry":{"type":"Polygon","coordinates":[[[14.484966,50.070264],[14.485856,50.070324],[14.488025,50.070732],[14.48779,50.070312],[14.487542,50.070218],[14.487425,50.070171],[14.486943,50.069984],[14.486812,50.069936],[14.486537,50.069839],[14.486327,50.069766],[14.48608,50.070062],[14.48596,50.070033],[14.481926,50.06878],[14.481602,50.069904],[14.483447,50.070112],[14.483669,50.070131],[14.484966,50.070264]]]}},{"type":"Feature","properties":{"cislo":10039,"kod":28507,"mestskaCast":"praha-10"},"geometry":{"type":"Polygon","coordinates":[[[14.490496,50.070514],[14.490566,50.070321],[14.490509,50.070189],[14.49041,50.070189],[14.490414,50.069972],[14.490245,50.069839],[14.490325,50.069329],[14.490008,50.067767],[14.490548,50.067678],[14.491352,50.067413],[14.49326,50.066529],[14.501613,50.06317],[14.504155,50.062286],[14.504102,50.061937],[14.502561,50.062092],[14.502539,50.062063],[14.502316,50.062116],[14.50044,50.062323],[14.499962,50.062381],[14.499634,50.062397],[14.49936,50.062428],[14.498883,50.062486],[14.498727,50.06249],[14.498626,50.062499],[14.498345,50.062493],[14.498051,50.062485],[14.497743,50.062476],[14.497152,50.06247],[14.497158,50.062706],[14.496513,50.062758],[14.495868,50.06281],[14.494877,50.062896],[14.494731,50.062919],[14.494287,50.062953],[14.4942,50.062963],[14.494126,50.062911],[14.494002,50.0629],[14.492179,50.062922],[14.490618,50.062902],[14.490389,50.062918],[14.488596,50.063196],[14.487004,50.063392],[14.486717,50.063348],[14.481183,50.06385],[14.477914,50.064506],[14.476371,50.064733],[14.477532,50.06577],[14.478948,50.065877],[14.479049,50.065931],[14.479421,50.065973],[14.480448,50.066181],[14.480929,50.066306],[14.481936,50.066676],[14.482741,50.067],[14.482619,50.067307],[14.482589,50.06745],[14.482275,50.06813],[14.481926,50.06878],[14.48596,50.070033],[14.48608,50.070062],[14.486327,50.069766],[14.486537,50.069839],[14.486804,50.069509],[14.488927,50.070267],[14.489779,50.070306],[14.490496,50.070514]]]}},{"type":"Feature","properties":{"cislo":10040,"kod":28509,"mestskaCast":"praha-10"},"geometry":{"type":"Polygon","coordinates":[[[14.490496,50.070514],[14.492568,50.070452],[14.492525,50.069259],[14.493081,50.068963],[14.492494,50.068476],[14.493794,50.067601],[14.493485,50.066929],[14.494852,50.066269],[14.495015,50.066429],[14.495055,50.066441],[14.496153,50.065984],[14.496889,50.066167],[14.49714,50.06618],[14.497406,50.066058],[14.499247,50.06602],[14.501325,50.065595],[14.501667,50.065507],[14.50244,50.065321],[14.50313,50.065191],[14.503618,50.064953],[14.504602,50.064032],[14.504155,50.062286],[14.501613,50.06317],[14.49326,50.066529],[14.491352,50.067413],[14.490548,50.067678],[14.490008,50.067767],[14.490325,50.069329],[14.490245,50.069839],[14.490414,50.069972],[14.49041,50.070189],[14.490509,50.070189],[14.490566,50.070321],[14.490496,50.070514]]]}},{"type":"Feature","properties":{"cislo":10041,"kod":28511,"mestskaCast":"praha-10"},"geometry":{"type":"Polygon","coordinates":[[[14.493794,50.067601],[14.492494,50.068476],[14.493081,50.068963],[14.492525,50.069259],[14.492568,50.070452],[14.493619,50.070417],[14.493605,50.069753],[14.494793,50.069268],[14.494386,50.06866],[14.495086,50.068486],[14.494679,50.068015],[14.494688,50.06777],[14.494548,50.067631],[14.493794,50.067601]]]}},{"type":"Feature","properties":{"cislo":10042,"kod":28513,"mestskaCast":"praha-10"},"geometry":{"type":"Polygon","coordinates":[[[14.494793,50.069268],[14.495691,50.070354],[14.497792,50.069822],[14.498285,50.069557],[14.498937,50.069142],[14.499463,50.068589],[14.500251,50.067397],[14.498952,50.067011],[14.498808,50.067025],[14.498356,50.067494],[14.495472,50.068393],[14.495086,50.068486],[14.494386,50.06866],[14.494793,50.069268]]]}},{"type":"Feature","properties":{"cislo":10043,"kod":28515,"mestskaCast":"praha-10"},"geometry":{"type":"Polygon","coordinates":[[[14.498164,50.071588],[14.498988,50.071824],[14.499948,50.072017],[14.501071,50.072106],[14.502534,50.07219],[14.503588,50.072073],[14.504438,50.071921],[14.504872,50.071805],[14.505301,50.070645],[14.505132,50.070313],[14.505141,50.070068],[14.505151,50.070024],[14.503428,50.070036],[14.503244,50.070374],[14.503145,50.070374],[14.50041,50.070106],[14.500408,50.070115],[14.500133,50.070082],[14.500071,50.07004],[14.499301,50.069882],[14.498377,50.069655],[14.498285,50.069557],[14.497792,50.069822],[14.499011,50.07012],[14.498558,50.07106],[14.498164,50.071588]]]}},{"type":"Feature","properties":{"cislo":10044,"kod":28517,"mestskaCast":"praha-10"},"geometry":{"type":"Polygon","coordinates":[[[14.498285,50.069557],[14.498377,50.069655],[14.499301,50.069882],[14.500071,50.07004],[14.500133,50.070082],[14.500408,50.070115],[14.50041,50.070106],[14.503145,50.070374],[14.503244,50.070374],[14.503428,50.070036],[14.503465,50.069594],[14.50349,50.069479],[14.503373,50.069232],[14.503457,50.068904],[14.50356,50.068414],[14.503818,50.068128],[14.503836,50.067912],[14.503744,50.067414],[14.503848,50.06726],[14.504033,50.066985],[14.504728,50.067164],[14.5054,50.066189],[14.503391,50.065822],[14.502464,50.065741],[14.501775,50.065598],[14.501667,50.065507],[14.501325,50.065595],[14.499247,50.06602],[14.499291,50.066142],[14.499396,50.066315],[14.498952,50.067011],[14.500251,50.067397],[14.499463,50.068589],[14.498937,50.069142],[14.498285,50.069557]]]}},{"type":"Feature","properties":{"cislo":10045,"kod":28519,"mestskaCast":"praha-10"},"geometry":{"type":"Polygon","coordinates":[[[14.505151,50.070024],[14.50605,50.070039],[14.507275,50.070111],[14.507159,50.07059],[14.508577,50.070488],[14.508351,50.068826],[14.508327,50.068805],[14.507671,50.067913],[14.507472,50.067651],[14.506239,50.068014],[14.504602,50.067489],[14.503848,50.06726],[14.503744,50.067414],[14.503836,50.067912],[14.503818,50.068128],[14.50356,50.068414],[14.503457,50.068904],[14.503373,50.069232],[14.50349,50.069479],[14.503465,50.069594],[14.503428,50.070036],[14.505151,50.070024]]]}},{"type":"Feature","properties":{"cislo":10046,"kod":28521,"mestskaCast":"praha-10"},"geometry":{"type":"Polygon","coordinates":[[[14.503848,50.06726],[14.504602,50.067489],[14.506239,50.068014],[14.507472,50.067651],[14.506948,50.066933],[14.506938,50.066914],[14.507631,50.066703],[14.507279,50.066236],[14.507229,50.066141],[14.507425,50.066077],[14.507419,50.06604],[14.507135,50.065652],[14.506235,50.065908],[14.504846,50.06408],[14.504602,50.064032],[14.503618,50.064953],[14.50313,50.065191],[14.50244,50.065321],[14.501667,50.065507],[14.501775,50.065598],[14.502464,50.065741],[14.503391,50.065822],[14.5054,50.066189],[14.504728,50.067164],[14.504033,50.066985],[14.503848,50.06726]]]}},{"type":"Feature","properties":{"cislo":10047,"kod":28523,"mestskaCast":"praha-10"},"geometry":{"type":"Polygon","coordinates":[[[14.507671,50.067913],[14.509723,50.067939],[14.511389,50.067931],[14.512083,50.067783],[14.5119,50.067449],[14.513299,50.067164],[14.514206,50.066345],[14.514079,50.06628],[14.513072,50.066309],[14.510936,50.066675],[14.509765,50.066146],[14.507631,50.066703],[14.506938,50.066914],[14.506948,50.066933],[14.507472,50.067651],[14.507671,50.067913]]]}},{"type":"Feature","properties":{"cislo":10048,"kod":28525,"mestskaCast":"praha-10"},"geometry":{"type":"Polygon","coordinates":[[[14.507631,50.066703],[14.509765,50.066146],[14.510936,50.066675],[14.513072,50.066309],[14.514079,50.06628],[14.514206,50.066345],[14.515806,50.064916],[14.516164,50.06462],[14.516075,50.06444],[14.515289,50.064026],[14.513962,50.064237],[14.513727,50.06428],[14.513544,50.064545],[14.512724,50.064491],[14.51198,50.064607],[14.511432,50.064731],[14.511172,50.064427],[14.507739,50.06546],[14.507135,50.065652],[14.507419,50.06604],[14.507425,50.066077],[14.507229,50.066141],[14.507279,50.066236],[14.507631,50.066703]]]}},{"type":"Feature","properties":{"cislo":10049,"kod":28527,"mestskaCast":"praha-10"},"geometry":{"type":"Polygon","coordinates":[[[14.507135,50.065652],[14.507739,50.06546],[14.511172,50.064427],[14.511432,50.064731],[14.51198,50.064607],[14.512724,50.064491],[14.513544,50.064545],[14.513727,50.06428],[14.513962,50.064237],[14.515289,50.064026],[14.516075,50.06444],[14.516164,50.06462],[14.516521,50.064334],[14.518312,50.064528],[14.518319,50.064528],[14.518325,50.064525],[14.518327,50.064523],[14.518378,50.064494],[14.518384,50.064481],[14.518519,50.064174],[14.518524,50.064165],[14.518722,50.063808],[14.518637,50.063731],[14.518547,50.063651],[14.518453,50.063631],[14.51843,50.063349],[14.518361,50.062965],[14.518164,50.062618],[14.517922,50.062313],[14.517599,50.061976],[14.51764,50.061906],[14.517689,50.061732],[14.517708,50.061547],[14.517716,50.061414],[14.51762,50.061261],[14.51761,50.061245],[14.517597,50.061225],[14.517528,50.061114],[14.517091,50.061202],[14.516834,50.061257],[14.516854,50.061288],[14.515973,50.06116],[14.515606,50.061068],[14.515424,50.061035],[14.514773,50.060943],[14.514773,50.060941],[14.514773,50.060941],[14.514772,50.060941],[14.514731,50.060938],[14.513792,50.06091],[14.5125,50.061023],[14.50898,50.061467],[14.508526,50.061482],[14.508103,50.061481],[14.507472,50.061534],[14.507207,50.06152],[14.507206,50.061393],[14.506776,50.061428],[14.506813,50.061585],[14.505221,50.061845],[14.504102,50.061937],[14.504155,50.062286],[14.504602,50.064032],[14.504846,50.06408],[14.506235,50.065908],[14.507135,50.065652]]]}},{"type":"Feature","properties":{"cislo":10050,"kod":28529,"mestskaCast":"praha-10"},"geometry":{"type":"Polygon","coordinates":[[[14.493794,50.067601],[14.494548,50.067631],[14.494688,50.06777],[14.494679,50.068015],[14.495086,50.068486],[14.495472,50.068393],[14.498356,50.067494],[14.498808,50.067025],[14.498952,50.067011],[14.499396,50.066315],[14.499291,50.066142],[14.499247,50.06602],[14.497406,50.066058],[14.49714,50.06618],[14.496889,50.066167],[14.496153,50.065984],[14.495055,50.066441],[14.495015,50.066429],[14.494852,50.066269],[14.493485,50.066929],[14.493794,50.067601]]]}},{"type":"Feature","properties":{"cislo":10051,"kod":28531,"mestskaCast":"praha-10"},"geometry":{"type":"Polygon","coordinates":[[[14.50044,50.062323],[14.499265,50.059951],[14.497207,50.059952],[14.496512,50.05931],[14.494884,50.059339],[14.494582,50.059167],[14.493514,50.059418],[14.493698,50.060015],[14.491217,50.060677],[14.490637,50.06029],[14.489736,50.059821],[14.488765,50.059545],[14.487565,50.059421],[14.485482,50.059537],[14.485653,50.060659],[14.486026,50.060629],[14.486166,50.06183],[14.485766,50.062384],[14.486717,50.063348],[14.487004,50.063392],[14.488596,50.063196],[14.490389,50.062918],[14.490618,50.062902],[14.492179,50.062922],[14.494002,50.0629],[14.494126,50.062911],[14.4942,50.062963],[14.494287,50.062953],[14.494731,50.062919],[14.494877,50.062896],[14.495868,50.06281],[14.496513,50.062758],[14.497158,50.062706],[14.497152,50.06247],[14.497743,50.062476],[14.498051,50.062485],[14.498345,50.062493],[14.498626,50.062499],[14.498727,50.06249],[14.498883,50.062486],[14.49936,50.062428],[14.499634,50.062397],[14.499962,50.062381],[14.50044,50.062323]]]}},{"type":"Feature","properties":{"cislo":10052,"kod":28533,"mestskaCast":"praha-10"},"geometry":{"type":"Polygon","coordinates":[[[14.499265,50.059951],[14.50044,50.062323],[14.502316,50.062116],[14.502539,50.062063],[14.502561,50.062092],[14.504102,50.061937],[14.504037,50.061577],[14.50417,50.060954],[14.503688,50.059369],[14.503563,50.059158],[14.502838,50.058859],[14.503082,50.058635],[14.503038,50.058177],[14.502455,50.057736],[14.50084,50.057776],[14.500806,50.057074],[14.498642,50.057174],[14.498089,50.057189],[14.497141,50.057205],[14.497164,50.057498],[14.498651,50.057465],[14.498748,50.058535],[14.499265,50.059951]]]}},{"type":"Feature","properties":{"cislo":10053,"kod":28535,"mestskaCast":"praha-10"},"geometry":{"type":"Polygon","coordinates":[[[14.504102,50.061937],[14.505221,50.061845],[14.506813,50.061585],[14.506776,50.061428],[14.507206,50.061393],[14.507207,50.06152],[14.507472,50.061534],[14.508103,50.061481],[14.508526,50.061482],[14.50898,50.061467],[14.5125,50.061023],[14.513792,50.06091],[14.514731,50.060938],[14.514772,50.060941],[14.514773,50.060941],[14.514773,50.060941],[14.514775,50.060879],[14.514778,50.060775],[14.514781,50.060696],[14.514782,50.060658],[14.514784,50.06059],[14.514791,50.060404],[14.514593,50.060399],[14.514597,50.060341],[14.514645,50.060342],[14.514674,50.059908],[14.514677,50.059854],[14.514629,50.059853],[14.514632,50.059795],[14.514816,50.0598],[14.514818,50.059758],[14.514828,50.05956],[14.51483,50.05952],[14.514832,50.059386],[14.514832,50.059364],[14.514833,50.05935],[14.514834,50.059259],[14.514836,50.059151],[14.514838,50.058991],[14.514838,50.058985],[14.514838,50.058982],[14.514838,50.058969],[14.514838,50.058966],[14.514839,50.058923],[14.514833,50.058923],[14.511083,50.05833],[14.5109,50.058196],[14.510279,50.057797],[14.509643,50.057542],[14.50936,50.05748],[14.508384,50.057495],[14.506994,50.057536],[14.502469,50.057674],[14.502455,50.057736],[14.503038,50.058177],[14.503082,50.058635],[14.502838,50.058859],[14.503563,50.059158],[14.503688,50.059369],[14.50417,50.060954],[14.504037,50.061577],[14.504102,50.061937]]]}},{"type":"Feature","properties":{"cislo":10054,"kod":28537,"mestskaCast":"praha-10"},"geometry":{"type":"Polygon","coordinates":[[[14.514839,50.058923],[14.51484,50.058853],[14.51484,50.058848],[14.51484,50.05884],[14.514841,50.058809],[14.514842,50.058751],[14.514843,50.058641],[14.514848,50.058366],[14.51485,50.058193],[14.514844,50.058112],[14.514859,50.057927],[14.514865,50.057851],[14.514865,50.057851],[14.514869,50.0578],[14.51487,50.057795],[14.514868,50.057763],[14.514867,50.05773],[14.514866,50.057705],[14.514862,50.057617],[14.51486,50.057576],[14.514851,50.057362],[14.514846,50.057269],[14.514814,50.057204],[14.514737,50.057051],[14.514708,50.056992],[14.514701,50.056978],[14.514663,50.0569],[14.514659,50.056893],[14.514588,50.056828],[14.514585,50.056824],[14.514555,50.056796],[14.515016,50.056562],[14.515145,50.056458],[14.515231,50.056382],[14.51527,50.056338],[14.515306,50.05626],[14.515324,50.056164],[14.515324,50.05616],[14.515332,50.056026],[14.515316,50.055844],[14.515316,50.055844],[14.515316,50.055844],[14.514233,50.055767],[14.51288,50.055702],[14.512825,50.055961],[14.512607,50.056323],[14.510912,50.055412],[14.508832,50.055184],[14.50869,50.055852],[14.506959,50.055908],[14.506883,50.056265],[14.506994,50.057536],[14.508384,50.057495],[14.50936,50.05748],[14.509643,50.057542],[14.510279,50.057797],[14.5109,50.058196],[14.511083,50.05833],[14.514833,50.058923],[14.514839,50.058923]]]}},{"type":"Feature","properties":{"cislo":10055,"kod":28539,"mestskaCast":"praha-10"},"geometry":{"type":"Polygon","coordinates":[[[14.507075,50.055292],[14.507011,50.055595],[14.506959,50.055908],[14.50869,50.055852],[14.508832,50.055184],[14.510912,50.055412],[14.512607,50.056323],[14.512825,50.055961],[14.51288,50.055702],[14.514233,50.055767],[14.514307,50.055283],[14.512892,50.055177],[14.512581,50.05505],[14.509158,50.054641],[14.509199,50.054517],[14.509268,50.054324],[14.509304,50.054218],[14.509334,50.054075],[14.507638,50.053899],[14.507149,50.055009],[14.507075,50.055292]]]}},{"type":"Feature","properties":{"cislo":10056,"kod":28541,"mestskaCast":"praha-10"},"geometry":{"type":"Polygon","coordinates":[[[14.514233,50.055767],[14.515316,50.055844],[14.515316,50.055844],[14.515316,50.055844],[14.515316,50.055836],[14.515316,50.055808],[14.515316,50.055808],[14.515317,50.055778],[14.515317,50.055775],[14.515319,50.055666],[14.515319,50.055649],[14.515319,50.05563],[14.515319,50.055628],[14.515323,50.05545],[14.515323,50.055448],[14.515324,50.055426],[14.515324,50.055425],[14.515327,50.055296],[14.515446,50.055305],[14.515469,50.055166],[14.51533,50.055156],[14.515332,50.055086],[14.515334,50.055001],[14.515337,50.054974],[14.515355,50.054818],[14.515379,50.054819],[14.515378,50.054825],[14.515509,50.054834],[14.515521,50.054766],[14.515504,50.054765],[14.515511,50.054725],[14.515528,50.054727],[14.515532,50.054699],[14.515539,50.054659],[14.515522,50.054658],[14.515536,50.054581],[14.51543,50.054574],[14.515428,50.054585],[14.515367,50.05458],[14.515368,50.05457],[14.515364,50.054569],[14.515361,50.054492],[14.51536,50.054482],[14.515356,50.054398],[14.515352,50.054315],[14.515354,50.054255],[14.515354,50.054242],[14.515364,50.054205],[14.513236,50.054019],[14.513148,50.054437],[14.513125,50.054544],[14.513116,50.054589],[14.512948,50.054583],[14.512874,50.054931],[14.512892,50.055177],[14.514307,50.055283],[14.514233,50.055767]]]}},{"type":"Feature","properties":{"cislo":10057,"kod":28543,"mestskaCast":"praha-10"},"geometry":{"type":"Polygon","coordinates":[[[14.513236,50.054019],[14.515364,50.054205],[14.515365,50.054203],[14.515379,50.05415],[14.515382,50.054139],[14.515382,50.054137],[14.515383,50.054113],[14.515391,50.053866],[14.515412,50.053156],[14.515443,50.052429],[14.515447,50.052413],[14.515448,50.052381],[14.51545,50.052354],[14.51548,50.051901],[14.515481,50.051888],[14.515498,50.051643],[14.515541,50.051337],[14.51557,50.051056],[14.51557,50.051054],[14.515543,50.051001],[14.515284,50.051049],[14.515132,50.051032],[14.514955,50.050995],[14.514878,50.050953],[14.514717,50.050812],[14.514607,50.050555],[14.514448,50.050402],[14.514304,50.050269],[14.514082,50.050042],[14.513899,50.049928],[14.513641,50.049909],[14.513101,50.049846],[14.512939,50.049863],[14.512648,50.049982],[14.512634,50.049987],[14.512496,50.050092],[14.512379,50.050208],[14.512238,50.050342],[14.512156,50.050347],[14.512023,50.050323],[14.51171,50.050263],[14.51145,50.050271],[14.511328,50.050313],[14.511302,50.050397],[14.511029,50.050348],[14.510942,50.050339],[14.510784,50.050365],[14.510718,50.050423],[14.510607,50.050444],[14.510196,50.050512],[14.510036,50.050603],[14.509948,50.050708],[14.509903,50.050767],[14.509897,50.050828],[14.509811,50.05098],[14.50982,50.050987],[14.510746,50.052067],[14.510246,50.053629],[14.510263,50.053685],[14.513236,50.054019]]]}},{"type":"Feature","properties":{"cislo":10058,"kod":28545,"mestskaCast":"praha-10"},"geometry":{"type":"Polygon","coordinates":[[[14.512892,50.055177],[14.512874,50.054931],[14.512948,50.054583],[14.513116,50.054589],[14.513125,50.054544],[14.513148,50.054437],[14.513236,50.054019],[14.510263,50.053685],[14.507902,50.053387],[14.507638,50.053899],[14.509334,50.054075],[14.509304,50.054218],[14.509268,50.054324],[14.509199,50.054517],[14.509158,50.054641],[14.512581,50.05505],[14.512892,50.055177]]]}},{"type":"Feature","properties":{"cislo":10059,"kod":28547,"mestskaCast":"praha-10"},"geometry":{"type":"Polygon","coordinates":[[[14.503215,50.054218],[14.50368,50.054223],[14.504845,50.053844],[14.504748,50.053373],[14.505095,50.053331],[14.505026,50.052989],[14.506552,50.052905],[14.507902,50.053387],[14.510263,50.053685],[14.510246,50.053629],[14.510746,50.052067],[14.50982,50.050987],[14.509811,50.05098],[14.509802,50.050995],[14.50968,50.051029],[14.509466,50.050986],[14.509437,50.050965],[14.509408,50.050863],[14.509469,50.050599],[14.50942,50.050546],[14.508938,50.050543],[14.508871,50.050536],[14.508424,50.050637],[14.508357,50.050635],[14.508328,50.050607],[14.508165,50.050571],[14.508079,50.05056],[14.507739,50.050569],[14.507538,50.050519],[14.507455,50.050519],[14.507397,50.050541],[14.507336,50.050555],[14.507266,50.050507],[14.507319,50.050345],[14.507377,50.050093],[14.50742,50.049846],[14.507394,50.049808],[14.507363,50.049765],[14.507368,50.049738],[14.507389,50.049602],[14.507417,50.04925],[14.507439,50.049107],[14.507467,50.048998],[14.507498,50.048894],[14.507508,50.048857],[14.507525,50.048741],[14.507536,50.048548],[14.507276,50.048516],[14.507055,50.048489],[14.506863,50.048461],[14.506536,50.048398],[14.506282,50.048331],[14.505946,50.048231],[14.505641,50.048132],[14.505709,50.047976],[14.505769,50.047806],[14.50582,50.047688],[14.505857,50.047542],[14.505916,50.047296],[14.505972,50.047027],[14.506039,50.046691],[14.506096,50.046444],[14.506121,50.046347],[14.506193,50.046158],[14.506063,50.04613],[14.505692,50.046054],[14.505584,50.046031],[14.50541,50.045992],[14.505249,50.045956],[14.505008,50.045894],[14.504821,50.045844],[14.504542,50.045769],[14.504304,50.045706],[14.50419,50.045677],[14.504034,50.045638],[14.503326,50.045449],[14.502885,50.04532],[14.502613,50.045233],[14.502495,50.045193],[14.502453,50.045177],[14.502272,50.045106],[14.502272,50.045106],[14.500038,50.048068],[14.499827,50.049129],[14.499694,50.051749],[14.497802,50.051764],[14.497538,50.051814],[14.497455,50.052206],[14.497463,50.052633],[14.496672,50.053108],[14.497897,50.053379],[14.497898,50.053769],[14.498282,50.053821],[14.498559,50.053646],[14.499622,50.053748],[14.500212,50.053891],[14.502631,50.053786],[14.503215,50.054218]]]}},{"type":"Feature","properties":{"cislo":10060,"kod":28549,"mestskaCast":"praha-10"},"geometry":{"type":"Polygon","coordinates":[[[14.503221,50.056388],[14.503817,50.056367],[14.50372,50.055361],[14.507075,50.055292],[14.507149,50.055009],[14.507638,50.053899],[14.507902,50.053387],[14.506552,50.052905],[14.505026,50.052989],[14.505095,50.053331],[14.504748,50.053373],[14.504845,50.053844],[14.50368,50.054223],[14.503215,50.054218],[14.503091,50.054607],[14.503089,50.054616],[14.503221,50.056388]]]}},{"type":"Feature","properties":{"cislo":10061,"kod":28551,"mestskaCast":"praha-10"},"geometry":{"type":"Polygon","coordinates":[[[14.503817,50.056367],[14.506883,50.056265],[14.506959,50.055908],[14.507011,50.055595],[14.507075,50.055292],[14.50372,50.055361],[14.503817,50.056367]]]}},{"type":"Feature","properties":{"cislo":10062,"kod":28553,"mestskaCast":"praha-10"},"geometry":{"type":"Polygon","coordinates":[[[14.502455,50.057736],[14.502469,50.057674],[14.506994,50.057536],[14.506883,50.056265],[14.503817,50.056367],[14.503221,50.056388],[14.502524,50.056417],[14.498623,50.056464],[14.498033,50.056458],[14.498089,50.057189],[14.498642,50.057174],[14.500806,50.057074],[14.50084,50.057776],[14.502455,50.057736]]]}},{"type":"Feature","properties":{"cislo":10063,"kod":28555,"mestskaCast":"praha-10"},"geometry":{"type":"Polygon","coordinates":[[[14.49577,50.053037],[14.496025,50.053232],[14.496096,50.053429],[14.496271,50.053735],[14.495723,50.054258],[14.495682,50.054718],[14.495516,50.054966],[14.495598,50.055844],[14.497707,50.055803],[14.497792,50.056464],[14.498033,50.056458],[14.498623,50.056464],[14.502524,50.056417],[14.503221,50.056388],[14.503089,50.054616],[14.503091,50.054607],[14.503215,50.054218],[14.502631,50.053786],[14.500212,50.053891],[14.499622,50.053748],[14.498559,50.053646],[14.498282,50.053821],[14.497898,50.053769],[14.497897,50.053379],[14.496672,50.053108],[14.496148,50.053116],[14.49577,50.053037]]]}},{"type":"Feature","properties":{"cislo":10064,"kod":28557,"mestskaCast":"praha-10"},"geometry":{"type":"Polygon","coordinates":[[[14.49355,50.055928],[14.494304,50.055894],[14.494153,50.054547],[14.494151,50.054293],[14.494835,50.05399],[14.495015,50.053942],[14.494985,50.053749],[14.494931,50.053608],[14.495326,50.053407],[14.495309,50.053351],[14.495458,50.053182],[14.495593,50.053076],[14.495597,50.053058],[14.49577,50.053037],[14.496148,50.053116],[14.496672,50.053108],[14.497463,50.052633],[14.497455,50.052206],[14.497538,50.051814],[14.497802,50.051764],[14.499694,50.051749],[14.499827,50.049129],[14.500038,50.048068],[14.502272,50.045106],[14.502272,50.045106],[14.502268,50.045105],[14.502491,50.044736],[14.502644,50.044455],[14.502486,50.044438],[14.500359,50.044203],[14.499616,50.044121],[14.499199,50.044075],[14.499199,50.044075],[14.498737,50.044024],[14.498194,50.043964],[14.498015,50.043945],[14.497992,50.043942],[14.497874,50.043929],[14.497874,50.04393],[14.497798,50.044122],[14.497737,50.044277],[14.497667,50.044456],[14.497642,50.04452],[14.49777,50.044563],[14.497705,50.044663],[14.496051,50.044222],[14.495523,50.04408],[14.495328,50.044527],[14.495277,50.044523],[14.495185,50.044515],[14.495086,50.044506],[14.49477,50.04425],[14.494302,50.043871],[14.49426,50.04373],[14.493936,50.043665],[14.493779,50.043619],[14.493674,50.043569],[14.493627,50.043835],[14.493616,50.043898],[14.493611,50.043924],[14.493609,50.043932],[14.493648,50.043929],[14.493764,50.043915],[14.493905,50.043896],[14.494002,50.043928],[14.494145,50.043971],[14.494261,50.044004],[14.494516,50.044132],[14.494399,50.0444],[14.494273,50.044476],[14.49425,50.044702],[14.494434,50.04483],[14.49454,50.044851],[14.494765,50.044943],[14.494873,50.045009],[14.495061,50.045056],[14.495007,50.045142],[14.495666,50.045558],[14.495693,50.045589],[14.495962,50.045701],[14.495978,50.045858],[14.496193,50.04618],[14.496241,50.046224],[14.495495,50.046913],[14.495485,50.046922],[14.495467,50.046939],[14.495445,50.046959],[14.495436,50.046967],[14.495385,50.047015],[14.495379,50.04702],[14.495302,50.047091],[14.495292,50.0471],[14.495285,50.047107],[14.495278,50.047114],[14.495229,50.047159],[14.495159,50.047224],[14.495085,50.047292],[14.495016,50.047355],[14.494971,50.047397],[14.494944,50.047422],[14.494873,50.047488],[14.494802,50.047553],[14.49473,50.04762],[14.494658,50.047686],[14.494585,50.047754],[14.494511,50.047822],[14.494439,50.047889],[14.494368,50.047955],[14.494343,50.047978],[14.494272,50.048043],[14.494204,50.048106],[14.494136,50.048169],[14.494069,50.04823],[14.494003,50.048292],[14.493936,50.048353],[14.493872,50.048413],[14.493811,50.048469],[14.493804,50.048475],[14.493797,50.048482],[14.493795,50.048483],[14.493733,50.048541],[14.493689,50.048581],[14.49367,50.048599],[14.493606,50.048657],[14.493542,50.048716],[14.493478,50.048776],[14.493413,50.048835],[14.493348,50.048895],[14.493282,50.048956],[14.493216,50.049016],[14.493151,50.049077],[14.493068,50.049153],[14.493061,50.04916],[14.493047,50.049172],[14.493009,50.049208],[14.493001,50.049215],[14.492939,50.049273],[14.492923,50.049288],[14.492223,50.049936],[14.492213,50.049937],[14.492214,50.049939],[14.493672,50.051238],[14.493817,50.051813],[14.493266,50.052019],[14.491497,50.052852],[14.490152,50.053079],[14.490037,50.053223],[14.489703,50.053801],[14.489513,50.053766],[14.489325,50.053786],[14.48899,50.053838],[14.488769,50.054019],[14.488989,50.054374],[14.489409,50.054256],[14.489463,50.054334],[14.489489,50.054409],[14.489662,50.05446],[14.490175,50.054696],[14.490505,50.05487],[14.490569,50.054967],[14.490748,50.055118],[14.49134,50.055316],[14.491641,50.054897],[14.492622,50.055256],[14.493144,50.05552],[14.49355,50.055928]]]}},{"type":"Feature","properties":{"cislo":10065,"kod":28559,"mestskaCast":"praha-10"},"geometry":{"type":"Polygon","coordinates":[[[14.49456,50.058076],[14.495099,50.05806],[14.495553,50.057982],[14.496159,50.057917],[14.496549,50.05787],[14.497184,50.057735],[14.497164,50.057498],[14.497141,50.057205],[14.498089,50.057189],[14.498033,50.056458],[14.497792,50.056464],[14.497707,50.055803],[14.495598,50.055844],[14.495516,50.054966],[14.495682,50.054718],[14.495723,50.054258],[14.496271,50.053735],[14.496096,50.053429],[14.496025,50.053232],[14.49577,50.053037],[14.495597,50.053058],[14.495593,50.053076],[14.495458,50.053182],[14.495309,50.053351],[14.495326,50.053407],[14.494931,50.053608],[14.494985,50.053749],[14.495015,50.053942],[14.494835,50.05399],[14.494151,50.054293],[14.494153,50.054547],[14.494304,50.055894],[14.49355,50.055928],[14.493611,50.056105],[14.493711,50.056368],[14.493825,50.056823],[14.493845,50.057396],[14.493774,50.057798],[14.494506,50.057799],[14.494517,50.057882],[14.494532,50.05801],[14.49456,50.058076]]]}},{"type":"Feature","properties":{"cislo":10066,"kod":28561,"mestskaCast":"praha-10"},"geometry":{"type":"Polygon","coordinates":[[[14.493514,50.059418],[14.494582,50.059167],[14.494884,50.059339],[14.496512,50.05931],[14.497207,50.059952],[14.499265,50.059951],[14.498748,50.058535],[14.498651,50.057465],[14.497164,50.057498],[14.497184,50.057735],[14.496549,50.05787],[14.496159,50.057917],[14.495553,50.057982],[14.495099,50.05806],[14.49456,50.058076],[14.494427,50.058437],[14.494431,50.058555],[14.494441,50.058638],[14.493537,50.058649],[14.493468,50.058906],[14.49346,50.059078],[14.493514,50.059418]]]}},{"type":"Feature","properties":{"cislo":10067,"kod":28563,"mestskaCast":"praha-10"},"geometry":{"type":"Polygon","coordinates":[[[14.485482,50.059537],[14.487565,50.059421],[14.488765,50.059545],[14.489736,50.059821],[14.490637,50.06029],[14.491217,50.060677],[14.493698,50.060015],[14.493514,50.059418],[14.49346,50.059078],[14.493468,50.058906],[14.493537,50.058649],[14.494441,50.058638],[14.494431,50.058555],[14.494427,50.058437],[14.49456,50.058076],[14.494532,50.05801],[14.494517,50.057882],[14.494506,50.057799],[14.493774,50.057798],[14.493845,50.057396],[14.493825,50.056823],[14.493711,50.056368],[14.493611,50.056105],[14.492501,50.056089],[14.491159,50.055971],[14.489391,50.055734],[14.489132,50.05523],[14.488519,50.055394],[14.486268,50.055904],[14.485679,50.056024],[14.485734,50.056229],[14.485789,50.05637],[14.485436,50.056439],[14.484666,50.056543],[14.483182,50.056431],[14.481091,50.056519],[14.478406,50.056219],[14.477199,50.05633],[14.477179,50.056356],[14.477115,50.056459],[14.477086,50.056529],[14.476894,50.057166],[14.476871,50.057209],[14.477019,50.05724],[14.47736,50.057297],[14.477467,50.057325],[14.477506,50.057337],[14.477556,50.057369],[14.477751,50.057513],[14.47786,50.057596],[14.477981,50.057688],[14.478069,50.057805],[14.47806,50.057849],[14.478033,50.057974],[14.478077,50.058032],[14.478195,50.058142],[14.478243,50.058183],[14.478279,50.058213],[14.478549,50.0584],[14.478719,50.058461],[14.478921,50.058506],[14.47908,50.05862],[14.479416,50.059094],[14.479604,50.059274],[14.479929,50.059402],[14.48061,50.05958],[14.480743,50.059419],[14.481796,50.059503],[14.48369,50.059679],[14.484585,50.059649],[14.485482,50.059537]]]}},{"type":"Feature","properties":{"cislo":10068,"kod":28565,"mestskaCast":"praha-10"},"geometry":{"type":"Polygon","coordinates":[[[14.477199,50.05633],[14.478406,50.056219],[14.481091,50.056519],[14.483182,50.056431],[14.484666,50.056543],[14.485436,50.056439],[14.485789,50.05637],[14.485734,50.056229],[14.485679,50.056024],[14.486268,50.055904],[14.488519,50.055394],[14.489132,50.05523],[14.489391,50.055734],[14.491159,50.055971],[14.492501,50.056089],[14.493611,50.056105],[14.49355,50.055928],[14.493144,50.05552],[14.492622,50.055256],[14.491641,50.054897],[14.49134,50.055316],[14.490748,50.055118],[14.490569,50.054967],[14.490505,50.05487],[14.490175,50.054696],[14.489662,50.05446],[14.489489,50.054409],[14.489463,50.054334],[14.489409,50.054256],[14.488989,50.054374],[14.488769,50.054019],[14.48899,50.053838],[14.489325,50.053786],[14.489513,50.053766],[14.489703,50.053801],[14.490037,50.053223],[14.490152,50.053079],[14.491497,50.052852],[14.493266,50.052019],[14.493817,50.051813],[14.493672,50.051238],[14.492214,50.049939],[14.492213,50.049937],[14.492092,50.04995],[14.491908,50.04997],[14.489807,50.050205],[14.488331,50.050365],[14.488171,50.050382],[14.488124,50.050387],[14.4857,50.050654],[14.485666,50.050658],[14.48458,50.050778],[14.483196,50.05093],[14.483103,50.05094],[14.482638,50.050991],[14.482528,50.051004],[14.482376,50.05102],[14.482357,50.051222],[14.482555,50.051238],[14.483088,50.051282],[14.483117,50.051286],[14.483228,50.051305],[14.483867,50.051406],[14.48403,50.051432],[14.484262,50.051508],[14.484401,50.05151],[14.484442,50.051516],[14.484482,50.051524],[14.484518,50.051536],[14.484551,50.051537],[14.484592,50.051538],[14.484646,50.051539],[14.484782,50.051542],[14.484819,50.051541],[14.484865,50.051538],[14.484907,50.051536],[14.48495,50.051534],[14.484984,50.051533],[14.485076,50.051528],[14.485118,50.051526],[14.485269,50.051518],[14.485242,50.05153],[14.485122,50.051578],[14.485107,50.051584],[14.484961,50.051641],[14.484774,50.051748],[14.484826,50.05179],[14.484371,50.052001],[14.4843,50.052053],[14.484237,50.052105],[14.484159,50.052186],[14.484098,50.052257],[14.484055,50.052323],[14.484002,50.052414],[14.483972,50.052505],[14.483965,50.052567],[14.483962,50.052677],[14.483964,50.052781],[14.483957,50.052853],[14.48394,50.052958],[14.483917,50.053024],[14.483879,50.053109],[14.48385,50.053151],[14.483778,50.05322],[14.48369,50.053283],[14.483577,50.053331],[14.483581,50.053433],[14.483619,50.053589],[14.483674,50.053748],[14.483662,50.053842],[14.483481,50.053854],[14.483412,50.053858],[14.483361,50.053866],[14.483354,50.053866],[14.483202,50.053887],[14.483153,50.053894],[14.482971,50.053906],[14.482832,50.053901],[14.482708,50.053908],[14.482617,50.053912],[14.482389,50.053896],[14.48227,50.053917],[14.482077,50.053906],[14.481947,50.053929],[14.481906,50.053932],[14.481837,50.053942],[14.481674,50.05393],[14.481549,50.053951],[14.481412,50.054002],[14.481273,50.054067],[14.480933,50.054182],[14.480897,50.054212],[14.480686,50.054318],[14.480635,50.054397],[14.48058,50.054503],[14.480521,50.054547],[14.480631,50.054628],[14.480784,50.054674],[14.480781,50.054704],[14.480734,50.054781],[14.480692,50.054901],[14.480404,50.054987],[14.480457,50.055219],[14.480394,50.055369],[14.480309,50.0555],[14.480308,50.055502],[14.480257,50.055553],[14.48017,50.055571],[14.480015,50.055548],[14.479946,50.055508],[14.479878,50.055515],[14.479838,50.0555],[14.479762,50.055559],[14.479603,50.055602],[14.479374,50.055606],[14.478759,50.05549],[14.4785,50.055492],[14.478482,50.055478],[14.478325,50.055366],[14.47823,50.055228],[14.478131,50.055146],[14.477967,50.055137],[14.477808,50.055209],[14.47772,50.055213],[14.477638,50.055191],[14.477559,50.055154],[14.477493,50.055069],[14.477447,50.054998],[14.477279,50.055002],[14.477023,50.05513],[14.476894,50.055006],[14.476852,50.054994],[14.47685,50.054992],[14.47685,50.054992],[14.476849,50.054993],[14.476915,50.05528],[14.476935,50.055381],[14.476958,50.055474],[14.47706,50.055855],[14.477162,50.056173],[14.477199,50.05633]]]}},{"type":"Feature","properties":{"cislo":10069,"kod":28567,"mestskaCast":"praha-10"},"geometry":{"type":"Polygon","coordinates":[[[14.469098,50.069165],[14.467515,50.067792],[14.467821,50.066485],[14.469714,50.066534],[14.46958,50.065442],[14.469406,50.065463],[14.469347,50.06455],[14.469338,50.063996],[14.469557,50.061374],[14.469435,50.061418],[14.468625,50.061845],[14.467226,50.062857],[14.465485,50.064346],[14.464178,50.065519],[14.465942,50.066237],[14.465824,50.066463],[14.463184,50.065949],[14.462921,50.066524],[14.463955,50.066697],[14.463534,50.067549],[14.462457,50.067309],[14.462259,50.067709],[14.466994,50.068717],[14.469017,50.069149],[14.469031,50.06915],[14.469098,50.069165]]]}},{"type":"Feature","properties":{"cislo":10070,"kod":28569,"mestskaCast":"praha-10"},"geometry":{"type":"Polygon","coordinates":[[[14.463534,50.067549],[14.463955,50.066697],[14.462921,50.066524],[14.463184,50.065949],[14.465824,50.066463],[14.465942,50.066237],[14.464178,50.065519],[14.465485,50.064346],[14.467226,50.062857],[14.468625,50.061845],[14.469435,50.061418],[14.469251,50.061356],[14.469001,50.061271],[14.467543,50.06077],[14.466745,50.060545],[14.466175,50.060377],[14.465833,50.060855],[14.4658,50.060879],[14.465814,50.060944],[14.464884,50.060681],[14.465193,50.060154],[14.463804,50.059745],[14.463622,50.060052],[14.463728,50.060415],[14.463211,50.061186],[14.462022,50.064585],[14.46131,50.065811],[14.460913,50.066483],[14.462212,50.066807],[14.462023,50.067162],[14.462012,50.067216],[14.462457,50.067309],[14.463534,50.067549]]]}},{"type":"Feature","properties":{"cislo":10071,"kod":28571,"mestskaCast":"praha-10"},"geometry":{"type":"Polygon","coordinates":[[[14.462259,50.067709],[14.462457,50.067309],[14.462012,50.067216],[14.462023,50.067162],[14.462212,50.066807],[14.460913,50.066483],[14.46131,50.065811],[14.46012,50.065506],[14.459764,50.065456],[14.459725,50.065507],[14.459651,50.065655],[14.459574,50.065821],[14.459641,50.065836],[14.459437,50.066199],[14.45926,50.066238],[14.459191,50.066359],[14.45914,50.066536],[14.458955,50.066873],[14.458899,50.067004],[14.460302,50.067301],[14.462259,50.067709]]]}},{"type":"Feature","properties":{"cislo":10072,"kod":28573,"mestskaCast":"praha-10"},"geometry":{"type":"Polygon","coordinates":[[[14.458899,50.067004],[14.458955,50.066873],[14.45914,50.066536],[14.459191,50.066359],[14.45926,50.066238],[14.459437,50.066199],[14.459641,50.065836],[14.459574,50.065821],[14.459651,50.065655],[14.459725,50.065507],[14.459764,50.065456],[14.457845,50.065133],[14.4578,50.065346],[14.457746,50.065532],[14.457691,50.065527],[14.457666,50.065643],[14.45754,50.066168],[14.457626,50.06623],[14.457542,50.066422],[14.457471,50.066561],[14.457432,50.066675],[14.458899,50.067004]]]}},{"type":"Feature","properties":{"cislo":10073,"kod":28575,"mestskaCast":"praha-10"},"geometry":{"type":"Polygon","coordinates":[[[14.456496,50.066502],[14.457432,50.066675],[14.457471,50.066561],[14.457542,50.066422],[14.457626,50.06623],[14.45754,50.066168],[14.457666,50.065643],[14.457691,50.065527],[14.457746,50.065532],[14.4578,50.065346],[14.457845,50.065133],[14.459764,50.065456],[14.46012,50.065506],[14.46131,50.065811],[14.462022,50.064585],[14.463211,50.061186],[14.463728,50.060415],[14.463622,50.060052],[14.463804,50.059745],[14.464069,50.059281],[14.46393,50.059241],[14.463861,50.059194],[14.464045,50.059046],[14.464197,50.058816],[14.464127,50.058707],[14.463637,50.058505],[14.463563,50.058459],[14.463514,50.05841],[14.463514,50.058408],[14.463063,50.058321],[14.462532,50.058227],[14.461979,50.058183],[14.46197,50.058021],[14.462012,50.057827],[14.462028,50.057823],[14.462028,50.057822],[14.462024,50.057788],[14.46203,50.057765],[14.462044,50.057705],[14.462097,50.057513],[14.461947,50.057216],[14.461891,50.057096],[14.461849,50.057094],[14.461481,50.057099],[14.461293,50.057105],[14.461113,50.057112],[14.461024,50.057114],[14.460863,50.057119],[14.460747,50.057122],[14.460688,50.05712],[14.460481,50.057118],[14.460375,50.057118],[14.460016,50.057067],[14.459785,50.057037],[14.459716,50.056736],[14.459698,50.056732],[14.459628,50.05671],[14.459557,50.056686],[14.459517,50.056674],[14.459446,50.056653],[14.459442,50.056652],[14.459412,50.056642],[14.459286,50.056608],[14.459218,50.05659],[14.459191,50.056581],[14.459041,50.05653],[14.459036,50.056528],[14.458177,50.057703],[14.457901,50.058029],[14.457178,50.058746],[14.456973,50.058975],[14.456712,50.059307],[14.456416,50.059765],[14.455963,50.060552],[14.455807,50.060757],[14.455678,50.060919],[14.455565,50.06106],[14.454577,50.061869],[14.454587,50.061934],[14.454589,50.061943],[14.454615,50.062106],[14.454656,50.062374],[14.454587,50.062394],[14.454567,50.062399],[14.454531,50.062409],[14.454531,50.062409],[14.454532,50.06241],[14.455038,50.063105],[14.455464,50.064133],[14.455562,50.064931],[14.455275,50.066276],[14.456496,50.066502]]]}},{"type":"Feature","properties":{"cislo":10074,"kod":28577,"mestskaCast":"praha-10"},"geometry":{"type":"Polygon","coordinates":[[[14.452128,50.066026],[14.455275,50.066276],[14.455562,50.064931],[14.455464,50.064133],[14.455038,50.063105],[14.454532,50.06241],[14.454531,50.062409],[14.454531,50.062409],[14.454489,50.062421],[14.454457,50.062429],[14.454437,50.062434],[14.454341,50.062416],[14.454314,50.062437],[14.454226,50.062508],[14.454204,50.062528],[14.453744,50.062295],[14.453679,50.062261],[14.4536,50.062244],[14.453487,50.062189],[14.453424,50.062155],[14.45333,50.06211],[14.453265,50.062086],[14.453197,50.062057],[14.453193,50.062055],[14.453148,50.062036],[14.453118,50.062026],[14.453082,50.062018],[14.452973,50.06199],[14.452931,50.061982],[14.452896,50.061977],[14.452872,50.061973],[14.452827,50.061974],[14.452784,50.061977],[14.452703,50.061999],[14.452615,50.062026],[14.452029,50.062202],[14.4514,50.062391],[14.449826,50.062862],[14.449826,50.062862],[14.449827,50.062864],[14.44988,50.06295],[14.451088,50.064091],[14.451359,50.064342],[14.451326,50.064566],[14.451529,50.064602],[14.451537,50.064766],[14.451549,50.064776],[14.451555,50.064813],[14.451964,50.064813],[14.451991,50.064816],[14.452157,50.06483],[14.452377,50.064859],[14.452304,50.06507],[14.451909,50.065071],[14.45191,50.065199],[14.451903,50.065298],[14.45177,50.065458],[14.451767,50.065603],[14.451742,50.065855],[14.451741,50.065991],[14.452128,50.066026]]]}},{"type":"Feature","properties":{"cislo":10075,"kod":28579,"mestskaCast":"praha-10"},"geometry":{"type":"Polygon","coordinates":[[[14.451741,50.065991],[14.451742,50.065855],[14.451767,50.065603],[14.45177,50.065458],[14.451903,50.065298],[14.45191,50.065199],[14.451909,50.065071],[14.452304,50.06507],[14.452377,50.064859],[14.452157,50.06483],[14.451991,50.064816],[14.451964,50.064813],[14.451555,50.064813],[14.451549,50.064776],[14.451537,50.064766],[14.451529,50.064602],[14.451326,50.064566],[14.451359,50.064342],[14.451088,50.064091],[14.44988,50.06295],[14.449827,50.062864],[14.449826,50.062862],[14.449826,50.062862],[14.449821,50.062864],[14.449632,50.062921],[14.449478,50.062967],[14.449402,50.06299],[14.448857,50.063154],[14.44871,50.063198],[14.448561,50.063241],[14.448416,50.063283],[14.448325,50.063314],[14.448111,50.063395],[14.448013,50.063432],[14.447881,50.063485],[14.447779,50.063531],[14.447661,50.063567],[14.447587,50.063589],[14.447147,50.063761],[14.447099,50.06378],[14.446924,50.063852],[14.446751,50.063928],[14.446131,50.064215],[14.446136,50.064227],[14.446043,50.064255],[14.445657,50.064374],[14.44563,50.064383],[14.445575,50.064374],[14.44555,50.064476],[14.445472,50.064465],[14.44544,50.064574],[14.445374,50.064565],[14.445343,50.064662],[14.444512,50.065013],[14.44451,50.065],[14.444461,50.065023],[14.444457,50.065035],[14.444243,50.065123],[14.444137,50.065167],[14.444111,50.065178],[14.443065,50.065613],[14.442978,50.065649],[14.442901,50.065681],[14.442723,50.065755],[14.442712,50.065759],[14.442384,50.065893],[14.442369,50.065877],[14.442139,50.065966],[14.44212,50.065974],[14.442056,50.065999],[14.44203,50.066009],[14.441874,50.066064],[14.442924,50.06641],[14.443849,50.066501],[14.444408,50.06646],[14.445035,50.066361],[14.446067,50.066216],[14.448653,50.065991],[14.450492,50.065963],[14.451741,50.065991]]]}},{"type":"Feature","properties":{"cislo":10076,"kod":28581,"mestskaCast":"praha-10"},"geometry":{"type":"Polygon","coordinates":[[[14.445137,50.067868],[14.445137,50.067868],[14.445137,50.067867],[14.445174,50.067099],[14.44694,50.067083],[14.448688,50.067083],[14.45175,50.067072],[14.452128,50.066026],[14.451741,50.065991],[14.450492,50.065963],[14.448653,50.065991],[14.446067,50.066216],[14.445035,50.066361],[14.444408,50.06646],[14.443849,50.066501],[14.442924,50.06641],[14.441874,50.066064],[14.441857,50.066071],[14.441806,50.066086],[14.441712,50.066115],[14.441661,50.066131],[14.441598,50.06615],[14.44138,50.066218],[14.441341,50.066229],[14.441335,50.066231],[14.441315,50.066238],[14.44132,50.066257],[14.441325,50.066275],[14.441311,50.06628],[14.441243,50.066304],[14.44118,50.066327],[14.441152,50.066335],[14.441097,50.066351],[14.441084,50.066354],[14.440866,50.066419],[14.440966,50.066438],[14.441003,50.066445],[14.441015,50.066447],[14.441104,50.066462],[14.441155,50.066444],[14.441157,50.066447],[14.441176,50.066473],[14.44125,50.066567],[14.44131,50.066646],[14.441481,50.066708],[14.441601,50.066747],[14.441784,50.066813],[14.441843,50.066833],[14.441952,50.066872],[14.442002,50.066876],[14.442074,50.06688],[14.442272,50.066897],[14.442346,50.066903],[14.442567,50.06692],[14.442583,50.066922],[14.442739,50.066934],[14.443106,50.067017],[14.44297,50.067045],[14.442974,50.067051],[14.443784,50.067365],[14.443811,50.067338],[14.44387,50.067364],[14.443851,50.06739],[14.444272,50.067553],[14.444352,50.067571],[14.444455,50.067608],[14.444516,50.067649],[14.444855,50.067777],[14.445131,50.067867],[14.445137,50.067868]]]}},{"type":"Feature","properties":{"cislo":10077,"kod":28583,"mestskaCast":"praha-10"},"geometry":{"type":"Polygon","coordinates":[[[14.44858,50.068244],[14.448582,50.068244],[14.449875,50.068395],[14.451028,50.068606],[14.45095,50.068844],[14.450826,50.06916],[14.451358,50.069243],[14.451488,50.069227],[14.452088,50.069189],[14.452933,50.069264],[14.453947,50.06841],[14.454506,50.067769],[14.453203,50.0676],[14.45175,50.067072],[14.448688,50.067083],[14.44694,50.067083],[14.445174,50.067099],[14.445137,50.067867],[14.445137,50.067868],[14.445137,50.067868],[14.445288,50.067904],[14.44542,50.067935],[14.445616,50.067967],[14.44587,50.067996],[14.445872,50.067987],[14.445918,50.067992],[14.445917,50.068001],[14.446243,50.068043],[14.446602,50.068078],[14.447252,50.068119],[14.447432,50.068121],[14.447632,50.068121],[14.447914,50.068116],[14.448184,50.0681],[14.448453,50.068079],[14.448452,50.068057],[14.448553,50.068051],[14.448557,50.068051],[14.448573,50.06817],[14.448577,50.06822],[14.44858,50.068244]]]}},{"type":"Feature","properties":{"cislo":10078,"kod":28585,"mestskaCast":"praha-10"},"geometry":{"type":"Polygon","coordinates":[[[14.450727,50.070812],[14.451338,50.07033],[14.451483,50.069717],[14.451488,50.069227],[14.451358,50.069243],[14.450826,50.06916],[14.45095,50.068844],[14.451028,50.068606],[14.449875,50.068395],[14.448582,50.068244],[14.44858,50.068244],[14.448585,50.068298],[14.448591,50.068346],[14.448585,50.068347],[14.448609,50.068504],[14.448604,50.068504],[14.44855,50.068717],[14.44851,50.068862],[14.448486,50.068921],[14.448499,50.068959],[14.44848,50.068998],[14.448419,50.069089],[14.448376,50.069186],[14.448345,50.06925],[14.448304,50.069327],[14.448285,50.069357],[14.448254,50.0694],[14.448237,50.06942],[14.448166,50.06952],[14.448169,50.069521],[14.447955,50.069696],[14.447893,50.069665],[14.447675,50.069799],[14.447632,50.069822],[14.447565,50.069852],[14.447535,50.069866],[14.447472,50.069886],[14.447042,50.070025],[14.447042,50.070025],[14.447557,50.070141],[14.449227,50.070507],[14.450727,50.070812]]]}},{"type":"Feature","properties":{"cislo":10079,"kod":28587,"mestskaCast":"praha-10"},"geometry":{"type":"Polygon","coordinates":[[[14.443661,50.071456],[14.443666,50.071458],[14.446874,50.071687],[14.448009,50.071524],[14.449113,50.07144],[14.44917,50.070974],[14.447245,50.070876],[14.447557,50.070141],[14.447042,50.070025],[14.447042,50.070025],[14.447036,50.070027],[14.446864,50.070082],[14.446713,50.070134],[14.44543,50.070585],[14.445308,50.070629],[14.445318,50.070639],[14.445338,50.070665],[14.444365,50.071017],[14.443664,50.071454],[14.443661,50.071456]]]}},{"type":"Feature","properties":{"cislo":10080,"kod":28589,"mestskaCast":"praha-10"},"geometry":{"type":"Polygon","coordinates":[[[14.446874,50.071687],[14.446845,50.071957],[14.448125,50.071907],[14.450878,50.072023],[14.450893,50.071888],[14.450141,50.071313],[14.450727,50.070812],[14.449227,50.070507],[14.447557,50.070141],[14.447245,50.070876],[14.44917,50.070974],[14.449113,50.07144],[14.448009,50.071524],[14.446874,50.071687]]]}},{"type":"Feature","properties":{"cislo":10081,"kod":28591,"mestskaCast":"praha-10"},"geometry":{"type":"Polygon","coordinates":[[[14.450878,50.072023],[14.453078,50.072154],[14.454842,50.072282],[14.45487,50.072148],[14.454902,50.071997],[14.454754,50.071567],[14.454773,50.071414],[14.454779,50.071251],[14.453327,50.071186],[14.453444,50.070571],[14.453648,50.069282],[14.45355,50.069146],[14.452933,50.069264],[14.452088,50.069189],[14.451488,50.069227],[14.451483,50.069717],[14.451338,50.07033],[14.450727,50.070812],[14.450141,50.071313],[14.450893,50.071888],[14.450878,50.072023]]]}},{"type":"Feature","properties":{"cislo":10082,"kod":28593,"mestskaCast":"praha-10"},"geometry":{"type":"Polygon","coordinates":[[[14.454842,50.072282],[14.455423,50.072333],[14.457238,50.072485],[14.45728,50.072352],[14.458012,50.071763],[14.458045,50.071739],[14.456519,50.071622],[14.456398,50.071131],[14.455193,50.071297],[14.454793,50.071252],[14.454779,50.071251],[14.454773,50.071414],[14.454754,50.071567],[14.454902,50.071997],[14.45487,50.072148],[14.454842,50.072282]]]}},{"type":"Feature","properties":{"cislo":10083,"kod":28595,"mestskaCast":"praha-10"},"geometry":{"type":"Polygon","coordinates":[[[14.454779,50.071251],[14.454793,50.071252],[14.455193,50.071297],[14.456398,50.071131],[14.457788,50.070963],[14.457341,50.070479],[14.457668,50.070335],[14.457656,50.070325],[14.457632,50.070305],[14.457542,50.070197],[14.457504,50.070112],[14.45707,50.070228],[14.456492,50.069633],[14.456075,50.069142],[14.455975,50.069015],[14.45355,50.069146],[14.453648,50.069282],[14.453444,50.070571],[14.453327,50.071186],[14.454779,50.071251]]]}},{"type":"Feature","properties":{"cislo":10084,"kod":28597,"mestskaCast":"praha-10"},"geometry":{"type":"Polygon","coordinates":[[[14.45355,50.069146],[14.455975,50.069015],[14.455951,50.068995],[14.455235,50.067725],[14.455616,50.067522],[14.456049,50.067143],[14.456282,50.066846],[14.456432,50.066669],[14.456496,50.066502],[14.455275,50.066276],[14.452128,50.066026],[14.45175,50.067072],[14.453203,50.0676],[14.454506,50.067769],[14.453947,50.06841],[14.452933,50.069264],[14.45355,50.069146]]]}},{"type":"Feature","properties":{"cislo":10085,"kod":28599,"mestskaCast":"praha-10"},"geometry":{"type":"Polygon","coordinates":[[[14.456282,50.066846],[14.456049,50.067143],[14.455616,50.067522],[14.455235,50.067725],[14.455951,50.068995],[14.455975,50.069015],[14.455991,50.069007],[14.457332,50.068536],[14.456739,50.067876],[14.457397,50.067634],[14.457351,50.067585],[14.457239,50.067448],[14.456998,50.067191],[14.456706,50.066974],[14.456637,50.066968],[14.456427,50.066895],[14.456282,50.066846]]]}},{"type":"Feature","properties":{"cislo":10086,"kod":28601,"mestskaCast":"praha-10"},"geometry":{"type":"Polygon","coordinates":[[[14.457332,50.068536],[14.457334,50.068527],[14.457621,50.068434],[14.457984,50.068321],[14.458441,50.068162],[14.459873,50.068125],[14.459875,50.068116],[14.460302,50.067301],[14.458899,50.067004],[14.457432,50.066675],[14.456496,50.066502],[14.456432,50.066669],[14.456282,50.066846],[14.456427,50.066895],[14.456637,50.066968],[14.456706,50.066974],[14.456998,50.067191],[14.457239,50.067448],[14.457351,50.067585],[14.457397,50.067634],[14.456739,50.067876],[14.457332,50.068536]]]}},{"type":"Feature","properties":{"cislo":10087,"kod":28603,"mestskaCast":"praha-10"},"geometry":{"type":"Polygon","coordinates":[[[14.455975,50.069015],[14.456075,50.069142],[14.456492,50.069633],[14.45707,50.070228],[14.457504,50.070112],[14.457519,50.070104],[14.457535,50.070097],[14.458428,50.069812],[14.458369,50.069689],[14.458313,50.069557],[14.458244,50.069415],[14.458188,50.069283],[14.458136,50.069197],[14.45814,50.069179],[14.458123,50.06906],[14.45812,50.068941],[14.458115,50.068832],[14.458094,50.068667],[14.458082,50.068521],[14.458078,50.068475],[14.458046,50.068427],[14.457984,50.068321],[14.457621,50.068434],[14.457334,50.068527],[14.457332,50.068536],[14.455991,50.069007],[14.455975,50.069015]]]}},{"type":"Feature","properties":{"cislo":10088,"kod":28605,"mestskaCast":"praha-10"},"geometry":{"type":"Polygon","coordinates":[[[14.457504,50.070112],[14.457542,50.070197],[14.457632,50.070305],[14.457656,50.070325],[14.457668,50.070335],[14.457341,50.070479],[14.457788,50.070963],[14.458776,50.070823],[14.459909,50.070669],[14.459868,50.070529],[14.459846,50.070437],[14.459832,50.070436],[14.459799,50.070324],[14.459771,50.070058],[14.45989,50.069896],[14.459898,50.069861],[14.459892,50.069824],[14.459885,50.069723],[14.459882,50.069669],[14.460108,50.06967],[14.460248,50.069674],[14.460289,50.069677],[14.460324,50.06958],[14.460343,50.069491],[14.460414,50.069289],[14.460453,50.069174],[14.460455,50.069165],[14.460383,50.068642],[14.460314,50.068236],[14.459875,50.068116],[14.459873,50.068125],[14.458441,50.068162],[14.457984,50.068321],[14.458046,50.068427],[14.458078,50.068475],[14.458082,50.068521],[14.458094,50.068667],[14.458115,50.068832],[14.45812,50.068941],[14.458123,50.06906],[14.45814,50.069179],[14.458136,50.069197],[14.458188,50.069283],[14.458244,50.069415],[14.458313,50.069557],[14.458369,50.069689],[14.458428,50.069812],[14.457535,50.070097],[14.457519,50.070104],[14.457504,50.070112]]]}},{"type":"Feature","properties":{"cislo":10089,"kod":28607,"mestskaCast":"praha-10"},"geometry":{"type":"Polygon","coordinates":[[[14.456398,50.071131],[14.456519,50.071622],[14.458045,50.071739],[14.458012,50.071763],[14.45728,50.072352],[14.457238,50.072485],[14.458264,50.072566],[14.459039,50.072634],[14.45987,50.072708],[14.45921,50.072296],[14.458749,50.07181],[14.459202,50.071805],[14.459185,50.071749],[14.459172,50.071548],[14.458873,50.071095],[14.458833,50.070955],[14.458776,50.070823],[14.457788,50.070963],[14.456398,50.071131]]]}},{"type":"Feature","properties":{"cislo":10090,"kod":28609,"mestskaCast":"praha-10"},"geometry":{"type":"Polygon","coordinates":[[[14.460467,50.072751],[14.460491,50.072572],[14.460523,50.07242],[14.46054,50.07234],[14.460128,50.072222],[14.460082,50.071973],[14.460042,50.071833],[14.460023,50.071723],[14.460254,50.071698],[14.460696,50.071673],[14.460359,50.070609],[14.460361,50.0706],[14.460142,50.070635],[14.459911,50.07066],[14.459909,50.070669],[14.458776,50.070823],[14.458833,50.070955],[14.458873,50.071095],[14.459172,50.071548],[14.459185,50.071749],[14.459202,50.071805],[14.458749,50.07181],[14.45921,50.072296],[14.45987,50.072708],[14.460467,50.072751]]]}},{"type":"Feature","properties":{"cislo":10091,"kod":28611,"mestskaCast":"praha-10"},"geometry":{"type":"Polygon","coordinates":[[[14.460696,50.071673],[14.460254,50.071698],[14.460023,50.071723],[14.460042,50.071833],[14.460082,50.071973],[14.460128,50.072222],[14.46054,50.07234],[14.460523,50.07242],[14.460491,50.072572],[14.460467,50.072751],[14.462033,50.07288],[14.464595,50.073097],[14.464623,50.072964],[14.464688,50.072661],[14.463512,50.072357],[14.463349,50.072325],[14.463572,50.072009],[14.460746,50.071705],[14.460696,50.071673]]]}},{"type":"Feature","properties":{"cislo":10092,"kod":28613,"mestskaCast":"praha-10"},"geometry":{"type":"Polygon","coordinates":[[[14.463572,50.072009],[14.464214,50.071112],[14.464034,50.071097],[14.463802,50.071058],[14.463308,50.070996],[14.462952,50.070947],[14.462554,50.070893],[14.46254,50.070892],[14.462444,50.070884],[14.461745,50.070786],[14.460895,50.070675],[14.460359,50.070609],[14.460696,50.071673],[14.460746,50.071705],[14.463572,50.072009]]]}},{"type":"Feature","properties":{"cislo":10093,"kod":28615,"mestskaCast":"praha-10"},"geometry":{"type":"Polygon","coordinates":[[[14.459909,50.070669],[14.459911,50.07066],[14.460142,50.070635],[14.460361,50.0706],[14.460359,50.070609],[14.460895,50.070675],[14.461745,50.070786],[14.462444,50.070884],[14.46254,50.070892],[14.462544,50.070874],[14.462558,50.070812],[14.462581,50.070769],[14.4626,50.07068],[14.462617,50.0706],[14.462644,50.070538],[14.462657,50.070476],[14.462627,50.070419],[14.462573,50.070342],[14.46248,50.070315],[14.462401,50.07029],[14.462335,50.070266],[14.462323,50.070256],[14.462297,50.070181],[14.462141,50.069723],[14.462153,50.069533],[14.462221,50.069412],[14.460455,50.069165],[14.460453,50.069174],[14.460414,50.069289],[14.460343,50.069491],[14.460324,50.06958],[14.460289,50.069677],[14.460248,50.069674],[14.460108,50.06967],[14.459882,50.069669],[14.459885,50.069723],[14.459892,50.069824],[14.459898,50.069861],[14.45989,50.069896],[14.459771,50.070058],[14.459799,50.070324],[14.459832,50.070436],[14.459846,50.070437],[14.459868,50.070529],[14.459909,50.070669]]]}},{"type":"Feature","properties":{"cislo":10094,"kod":28617,"mestskaCast":"praha-10"},"geometry":{"type":"Polygon","coordinates":[[[14.460455,50.069165],[14.462221,50.069412],[14.462153,50.069533],[14.462141,50.069723],[14.462297,50.070181],[14.462323,50.070256],[14.462335,50.070266],[14.464757,50.069754],[14.465717,50.069947],[14.467576,50.070157],[14.467712,50.070178],[14.467728,50.07017],[14.468806,50.069675],[14.469017,50.069149],[14.466994,50.068717],[14.462259,50.067709],[14.460302,50.067301],[14.459875,50.068116],[14.460314,50.068236],[14.460383,50.068642],[14.460455,50.069165]]]}},{"type":"Feature","properties":{"cislo":10095,"kod":28619,"mestskaCast":"praha-10"},"geometry":{"type":"Polygon","coordinates":[[[14.468152,50.071687],[14.46818,50.071626],[14.468236,50.071494],[14.468253,50.071414],[14.468309,50.071347],[14.468423,50.071211],[14.468548,50.071086],[14.468643,50.07104],[14.468794,50.07099],[14.468523,50.070739],[14.468272,50.070527],[14.468095,50.070366],[14.46793,50.070215],[14.467728,50.07017],[14.467712,50.070178],[14.467576,50.070157],[14.465717,50.069947],[14.464757,50.069754],[14.462335,50.070266],[14.462401,50.07029],[14.46248,50.070315],[14.462573,50.070342],[14.462627,50.070419],[14.462657,50.070476],[14.462644,50.070538],[14.462617,50.0706],[14.4626,50.07068],[14.462581,50.070769],[14.462558,50.070812],[14.462544,50.070874],[14.46254,50.070892],[14.462554,50.070893],[14.462952,50.070947],[14.463308,50.070996],[14.463802,50.071058],[14.464034,50.071097],[14.464214,50.071112],[14.464226,50.071123],[14.468152,50.071687]]]}},{"type":"Feature","properties":{"cislo":10096,"kod":28621,"mestskaCast":"praha-10"},"geometry":{"type":"Polygon","coordinates":[[[14.464595,50.073097],[14.465481,50.073175],[14.46591,50.073213],[14.466715,50.073275],[14.469049,50.073436],[14.468829,50.073144],[14.4689,50.073077],[14.469383,50.072793],[14.46992,50.07246],[14.470128,50.072342],[14.470157,50.072272],[14.47028,50.072292],[14.470349,50.072298],[14.470689,50.072355],[14.470769,50.07218],[14.470807,50.072066],[14.46818,50.071689],[14.468152,50.071687],[14.464226,50.071123],[14.464214,50.071112],[14.463572,50.072009],[14.463349,50.072325],[14.463512,50.072357],[14.464688,50.072661],[14.464623,50.072964],[14.464595,50.073097]]]}},{"type":"Feature","properties":{"cislo":10097,"kod":28623,"mestskaCast":"praha-10"},"geometry":{"type":"Polygon","coordinates":[[[14.470807,50.072066],[14.470809,50.072057],[14.470836,50.071932],[14.470815,50.071831],[14.470794,50.071729],[14.470772,50.071636],[14.47074,50.071588],[14.470676,50.071492],[14.470613,50.071386],[14.470549,50.07129],[14.470537,50.07128],[14.470503,50.07124],[14.470422,50.071161],[14.470338,50.07109],[14.470268,50.07102],[14.470151,50.07091],[14.470055,50.070829],[14.46995,50.070729],[14.469856,50.070639],[14.470013,50.070562],[14.470169,50.070494],[14.470263,50.070448],[14.470281,50.070431],[14.47036,50.070257],[14.470467,50.070021],[14.470542,50.069864],[14.470643,50.069656],[14.470717,50.069508],[14.470721,50.06949],[14.47045,50.069439],[14.470111,50.069373],[14.46968,50.06928],[14.469288,50.0692],[14.469098,50.069165],[14.469031,50.06915],[14.469017,50.069149],[14.468806,50.069675],[14.467728,50.07017],[14.46793,50.070215],[14.468095,50.070366],[14.468272,50.070527],[14.468523,50.070739],[14.468794,50.07099],[14.468643,50.07104],[14.468548,50.071086],[14.468423,50.071211],[14.468309,50.071347],[14.468253,50.071414],[14.468236,50.071494],[14.46818,50.071626],[14.468152,50.071687],[14.46818,50.071689],[14.470807,50.072066]]]}},{"type":"Feature","properties":{"cislo":10098,"kod":28625,"mestskaCast":"praha-10"},"geometry":{"type":"Polygon","coordinates":[[[14.469049,50.073436],[14.469965,50.073507],[14.470354,50.073532],[14.475191,50.073795],[14.475198,50.073632],[14.475208,50.073515],[14.475363,50.073121],[14.475388,50.073005],[14.475458,50.072739],[14.475485,50.072678],[14.472932,50.072353],[14.472263,50.072648],[14.471497,50.072535],[14.471347,50.072513],[14.470759,50.072361],[14.470689,50.072355],[14.470349,50.072298],[14.47028,50.072292],[14.470157,50.072272],[14.470128,50.072342],[14.46992,50.07246],[14.469383,50.072793],[14.4689,50.073077],[14.468829,50.073144],[14.469049,50.073436]]]}},{"type":"Feature","properties":{"cislo":10099,"kod":28627,"mestskaCast":"praha-10"},"geometry":{"type":"Polygon","coordinates":[[[14.470689,50.072355],[14.470759,50.072361],[14.471347,50.072513],[14.471497,50.072535],[14.472263,50.072648],[14.472932,50.072353],[14.475485,50.072678],[14.475518,50.072526],[14.47555,50.072375],[14.475594,50.072234],[14.475774,50.071587],[14.475516,50.071537],[14.475085,50.071445],[14.474788,50.071382],[14.47445,50.071316],[14.474111,50.07125],[14.4738,50.071186],[14.473693,50.071159],[14.473652,50.071155],[14.473288,50.071077],[14.472896,50.070998],[14.472437,50.070903],[14.471977,50.070808],[14.471613,50.07073],[14.47166,50.070644],[14.471691,50.070565],[14.471534,50.070505],[14.471403,50.070458],[14.471269,50.070428],[14.471176,50.070401],[14.471041,50.070371],[14.47105,50.070327],[14.471144,50.070153],[14.471227,50.069961],[14.47133,50.069743],[14.471382,50.06963],[14.471152,50.069582],[14.470802,50.069506],[14.470721,50.06949],[14.470717,50.069508],[14.470643,50.069656],[14.470542,50.069864],[14.470467,50.070021],[14.47036,50.070257],[14.470281,50.070431],[14.470263,50.070448],[14.470169,50.070494],[14.470013,50.070562],[14.469856,50.070639],[14.46995,50.070729],[14.470055,50.070829],[14.470151,50.07091],[14.470268,50.07102],[14.470338,50.07109],[14.470422,50.071161],[14.470503,50.07124],[14.470537,50.07128],[14.470549,50.07129],[14.470613,50.071386],[14.470676,50.071492],[14.47074,50.071588],[14.470772,50.071636],[14.470794,50.071729],[14.470815,50.071831],[14.470836,50.071932],[14.470809,50.072057],[14.470807,50.072066],[14.470769,50.07218],[14.470689,50.072355]]]}},{"type":"Feature","properties":{"cislo":10100,"kod":28629,"mestskaCast":"praha-10"},"geometry":{"type":"Polygon","coordinates":[[[14.471382,50.06963],[14.47133,50.069743],[14.471227,50.069961],[14.471144,50.070153],[14.47105,50.070327],[14.471041,50.070371],[14.471176,50.070401],[14.471269,50.070428],[14.471403,50.070458],[14.471534,50.070505],[14.471691,50.070565],[14.47166,50.070644],[14.471613,50.07073],[14.471977,50.070808],[14.472437,50.070903],[14.472896,50.070998],[14.473288,50.071077],[14.473652,50.071155],[14.473693,50.071159],[14.473771,50.070993],[14.473777,50.070966],[14.473804,50.070905],[14.474106,50.070877],[14.474522,50.070841],[14.474955,50.070798],[14.475015,50.070712],[14.475029,50.070714],[14.475258,50.070761],[14.475393,50.070791],[14.475399,50.070764],[14.475457,50.070624],[14.475511,50.070502],[14.473298,50.070035],[14.473256,50.070031],[14.473203,50.070017],[14.47296,50.069969],[14.472718,50.069911],[14.472407,50.069847],[14.472083,50.069782],[14.471772,50.069719],[14.471489,50.069657],[14.471382,50.06963]]]}},{"type":"Feature","properties":{"cislo":10101,"kod":28631,"mestskaCast":"praha-10"},"geometry":{"type":"Polygon","coordinates":[[[14.473256,50.070031],[14.473771,50.069069],[14.473313,50.068176],[14.473066,50.066421],[14.472875,50.066059],[14.471611,50.066301],[14.471054,50.066398],[14.470228,50.066506],[14.469714,50.066534],[14.467821,50.066485],[14.467515,50.067792],[14.469098,50.069165],[14.469288,50.0692],[14.46968,50.06928],[14.470111,50.069373],[14.47045,50.069439],[14.470721,50.06949],[14.470802,50.069506],[14.471152,50.069582],[14.471382,50.06963],[14.471489,50.069657],[14.471772,50.069719],[14.472083,50.069782],[14.472407,50.069847],[14.472718,50.069911],[14.47296,50.069969],[14.473203,50.070017],[14.473256,50.070031]]]}},{"type":"Feature","properties":{"cislo":10102,"kod":28633,"mestskaCast":"praha-10"},"geometry":{"type":"Polygon","coordinates":[[[14.47963,50.071818],[14.477213,50.071251],[14.477377,50.070875],[14.476635,50.070719],[14.475525,50.070503],[14.475511,50.070502],[14.475457,50.070624],[14.475399,50.070764],[14.475393,50.070791],[14.475258,50.070761],[14.475029,50.070714],[14.475015,50.070712],[14.474955,50.070798],[14.474522,50.070841],[14.474106,50.070877],[14.473804,50.070905],[14.473777,50.070966],[14.473771,50.070993],[14.473693,50.071159],[14.4738,50.071186],[14.474111,50.07125],[14.47445,50.071316],[14.474788,50.071382],[14.475085,50.071445],[14.475516,50.071537],[14.475774,50.071587],[14.476003,50.071634],[14.476906,50.071832],[14.477006,50.071759],[14.479148,50.072229],[14.479478,50.072004],[14.479552,50.07192],[14.47963,50.071818]]]}},{"type":"Feature","properties":{"cislo":10103,"kod":28635,"mestskaCast":"praha-10"},"geometry":{"type":"Polygon","coordinates":[[[14.475485,50.072678],[14.475458,50.072739],[14.475388,50.073005],[14.475363,50.073121],[14.475208,50.073515],[14.475198,50.073632],[14.475191,50.073795],[14.47738,50.073915],[14.479079,50.073548],[14.482009,50.072835],[14.481073,50.072326],[14.47963,50.071818],[14.479552,50.07192],[14.479478,50.072004],[14.479148,50.072229],[14.477006,50.071759],[14.476906,50.071832],[14.476003,50.071634],[14.475774,50.071587],[14.475594,50.072234],[14.47555,50.072375],[14.475518,50.072526],[14.475485,50.072678]]]}},{"type":"Feature","properties":{"cislo":10104,"kod":28637,"mestskaCast":"praha-10"},"geometry":{"type":"Polygon","coordinates":[[[14.482009,50.072835],[14.484003,50.072339],[14.484826,50.072447],[14.484948,50.072141],[14.484966,50.072124],[14.485022,50.071993],[14.485024,50.071984],[14.485167,50.071643],[14.485172,50.071616],[14.485199,50.071555],[14.485209,50.07151],[14.485257,50.071415],[14.485283,50.071362],[14.485148,50.071332],[14.484786,50.071246],[14.479846,50.070938],[14.47963,50.071818],[14.481073,50.072326],[14.482009,50.072835]]]}},{"type":"Feature","properties":{"cislo":10105,"kod":28639,"mestskaCast":"praha-10"},"geometry":{"type":"Polygon","coordinates":[[[14.47963,50.071818],[14.479846,50.070938],[14.48003,50.069738],[14.481602,50.069904],[14.481926,50.06878],[14.482275,50.06813],[14.482589,50.06745],[14.482619,50.067307],[14.482741,50.067],[14.481936,50.066676],[14.480929,50.066306],[14.480448,50.066181],[14.479421,50.065973],[14.479049,50.065931],[14.478948,50.065877],[14.477532,50.06577],[14.477162,50.069767],[14.477094,50.069888],[14.47702,50.070036],[14.476784,50.070414],[14.476761,50.070458],[14.476709,50.070571],[14.476635,50.070719],[14.477377,50.070875],[14.477213,50.071251],[14.47963,50.071818]]]}},{"type":"Feature","properties":{"cislo":10106,"kod":28641,"mestskaCast":"praha-10"},"geometry":{"type":"Polygon","coordinates":[[[14.476635,50.070719],[14.476709,50.070571],[14.476761,50.070458],[14.476784,50.070414],[14.47702,50.070036],[14.477094,50.069888],[14.477162,50.069767],[14.477532,50.06577],[14.477333,50.066243],[14.475573,50.066033],[14.475373,50.06598],[14.475217,50.065984],[14.474645,50.065888],[14.474418,50.065895],[14.474191,50.065903],[14.473253,50.066001],[14.472948,50.066047],[14.472875,50.066059],[14.473066,50.066421],[14.473313,50.068176],[14.473771,50.069069],[14.473256,50.070031],[14.473298,50.070035],[14.475511,50.070502],[14.475525,50.070503],[14.476635,50.070719]]]}},{"type":"Feature","properties":{"cislo":10107,"kod":28643,"mestskaCast":"praha-10"},"geometry":{"type":"Polygon","coordinates":[[[14.469435,50.061418],[14.469557,50.061374],[14.469338,50.063996],[14.469347,50.06455],[14.469406,50.065463],[14.46958,50.065442],[14.469714,50.066534],[14.470228,50.066506],[14.471054,50.066398],[14.471611,50.066301],[14.472875,50.066059],[14.472948,50.066047],[14.473253,50.066001],[14.474191,50.065903],[14.474418,50.065895],[14.474645,50.065888],[14.475217,50.065984],[14.475373,50.06598],[14.475573,50.066033],[14.477333,50.066243],[14.477532,50.06577],[14.476371,50.064733],[14.477914,50.064506],[14.481183,50.06385],[14.486717,50.063348],[14.485766,50.062384],[14.486166,50.06183],[14.486026,50.060629],[14.485653,50.060659],[14.485482,50.059537],[14.484585,50.059649],[14.48369,50.059679],[14.481796,50.059503],[14.480743,50.059419],[14.48061,50.05958],[14.479929,50.059402],[14.479604,50.059274],[14.479416,50.059094],[14.47908,50.05862],[14.478921,50.058506],[14.478719,50.058461],[14.478549,50.0584],[14.478279,50.058213],[14.478243,50.058183],[14.478195,50.058142],[14.478077,50.058032],[14.478033,50.057974],[14.47806,50.057849],[14.478069,50.057805],[14.477981,50.057688],[14.47786,50.057596],[14.477751,50.057513],[14.477556,50.057369],[14.477506,50.057337],[14.477467,50.057325],[14.47736,50.057297],[14.477019,50.05724],[14.476871,50.057209],[14.476894,50.057166],[14.477086,50.056529],[14.477115,50.056459],[14.477179,50.056356],[14.477199,50.05633],[14.477162,50.056173],[14.47706,50.055855],[14.476958,50.055474],[14.476935,50.055381],[14.476915,50.05528],[14.476849,50.054993],[14.47685,50.054992],[14.47685,50.054992],[14.476691,50.054872],[14.476623,50.054861],[14.476475,50.054919],[14.476422,50.054996],[14.476618,50.055124],[14.476621,50.055187],[14.476495,50.055299],[14.476392,50.055456],[14.476288,50.055503],[14.476185,50.055503],[14.476042,50.055442],[14.475979,50.055411],[14.475927,50.055328],[14.475793,50.05528],[14.475661,50.055328],[14.475535,50.055318],[14.475372,50.055281],[14.47524,50.055187],[14.475108,50.055276],[14.475062,50.055305],[14.475027,50.055317],[14.474847,50.055333],[14.474706,50.055325],[14.474482,50.055285],[14.474369,50.055235],[14.474243,50.055155],[14.474123,50.055018],[14.47402,50.05498],[14.473873,50.054966],[14.473682,50.055007],[14.473657,50.055022],[14.473455,50.055059],[14.473251,50.055054],[14.4731,50.055021],[14.472947,50.055],[14.472612,50.054975],[14.472508,50.054967],[14.472495,50.054966],[14.47241,50.054956],[14.472396,50.054955],[14.472391,50.054954],[14.472387,50.054954],[14.47229,50.054943],[14.472251,50.054939],[14.472247,50.054939],[14.47129,50.056986],[14.471293,50.05699],[14.473108,50.057204],[14.473109,50.057268],[14.473015,50.057577],[14.471698,50.057406],[14.471249,50.057331],[14.470837,50.057412],[14.470501,50.057401],[14.47025,50.057388],[14.470222,50.057721],[14.470696,50.057745],[14.470342,50.058548],[14.470152,50.058513],[14.470083,50.058507],[14.469944,50.058495],[14.469859,50.058497],[14.469681,50.058871],[14.469625,50.059002],[14.468854,50.059379],[14.468699,50.059247],[14.468579,50.059282],[14.46837,50.059336],[14.468248,50.05938],[14.467883,50.059502],[14.467781,50.059384],[14.467737,50.059326],[14.467682,50.059258],[14.46761,50.059197],[14.4676,50.059178],[14.46746,50.059038],[14.467425,50.059008],[14.467303,50.058916],[14.467176,50.05885],[14.466944,50.058748],[14.466691,50.05868],[14.466518,50.058629],[14.466281,50.058553],[14.466067,50.058498],[14.465895,50.058447],[14.465669,50.058381],[14.465455,50.058326],[14.465255,50.058272],[14.465039,50.058226],[14.464822,50.058189],[14.464606,50.058142],[14.464529,50.058172],[14.464274,50.058113],[14.464029,50.058073],[14.463691,50.058007],[14.463689,50.058006],[14.463578,50.058107],[14.463537,50.058157],[14.463521,50.058176],[14.463495,50.05822],[14.46348,50.058279],[14.463487,50.058331],[14.463509,50.058389],[14.463514,50.058408],[14.463514,50.05841],[14.463563,50.058459],[14.463637,50.058505],[14.464127,50.058707],[14.464197,50.058816],[14.464045,50.059046],[14.463861,50.059194],[14.46393,50.059241],[14.464069,50.059281],[14.463804,50.059745],[14.465193,50.060154],[14.464884,50.060681],[14.465814,50.060944],[14.4658,50.060879],[14.465833,50.060855],[14.466175,50.060377],[14.466745,50.060545],[14.467543,50.06077],[14.469001,50.061271],[14.469251,50.061356],[14.469435,50.061418]]]}},{"type":"Feature","properties":{"cislo":10108,"kod":28645,"mestskaCast":"praha-10"},"geometry":{"type":"Polygon","coordinates":[[[14.47129,50.056986],[14.46897,50.056901],[14.468296,50.056882],[14.467117,50.056807],[14.467108,50.056875],[14.467127,50.057043],[14.467148,50.05707],[14.467164,50.057343],[14.467099,50.057499],[14.467042,50.057591],[14.46701,50.057695],[14.466945,50.057785],[14.466948,50.057912],[14.467003,50.058052],[14.467003,50.058129],[14.467161,50.058218],[14.467086,50.05825],[14.466975,50.058298],[14.466856,50.058255],[14.466851,50.058223],[14.466768,50.058192],[14.466523,50.05812],[14.466121,50.058024],[14.466033,50.058043],[14.465975,50.05804],[14.465571,50.057969],[14.464962,50.057884],[14.464586,50.05783],[14.464322,50.057812],[14.464084,50.057829],[14.463942,50.05787],[14.463867,50.057891],[14.463706,50.05799],[14.463689,50.058006],[14.463691,50.058007],[14.464029,50.058073],[14.464274,50.058113],[14.464529,50.058172],[14.464606,50.058142],[14.464822,50.058189],[14.465039,50.058226],[14.465255,50.058272],[14.465455,50.058326],[14.465669,50.058381],[14.465895,50.058447],[14.466067,50.058498],[14.466281,50.058553],[14.466518,50.058629],[14.466691,50.05868],[14.466944,50.058748],[14.467176,50.05885],[14.467303,50.058916],[14.467425,50.059008],[14.46746,50.059038],[14.4676,50.059178],[14.46761,50.059197],[14.467682,50.059258],[14.467737,50.059326],[14.467781,50.059384],[14.467883,50.059502],[14.468248,50.05938],[14.46837,50.059336],[14.468579,50.059282],[14.468699,50.059247],[14.468854,50.059379],[14.469625,50.059002],[14.469681,50.058871],[14.469859,50.058497],[14.469944,50.058495],[14.470083,50.058507],[14.470152,50.058513],[14.470342,50.058548],[14.470696,50.057745],[14.470222,50.057721],[14.47025,50.057388],[14.470501,50.057401],[14.470837,50.057412],[14.471249,50.057331],[14.471698,50.057406],[14.473015,50.057577],[14.473109,50.057268],[14.473108,50.057204],[14.471293,50.05699],[14.47129,50.056986]]]}},{"type":"Feature","properties":{"cislo":10109,"kod":28647,"mestskaCast":"praha-10"},"geometry":{"type":"Polygon","coordinates":[[[14.488283,50.077749],[14.4888,50.077707],[14.489003,50.077479],[14.489045,50.076884],[14.488067,50.07695],[14.488283,50.077749]]]}}]}
