{"type":"FeatureCollection","features":[{"type":"Feature","properties":{"cislo":5001,"kod":26855,"mestskaCast":"praha-5"},"geometry":{"type":"Polygon","coordinates":[[[14.406968,50.08123],[14.406979,50.08123],[14.40793,50.081248],[14.408008,50.08125],[14.408076,50.079616],[14.407015,50.079568],[14.406952,50.080651],[14.404604,50.080552],[14.404781,50.07946],[14.403692,50.079409],[14.403592,50.079809],[14.403039,50.080286],[14.403151,50.08075],[14.403151,50.080752],[14.403151,50.080752],[14.403156,50.080753],[14.403169,50.080752],[14.403699,50.080778],[14.403954,50.080792],[14.403978,50.080793],[14.404229,50.080797],[14.404408,50.080801],[14.404566,50.080806],[14.404531,50.081177],[14.406188,50.081221],[14.406968,50.08123]]]}},{"type":"Feature","properties":{"cislo":5002,"kod":26857,"mestskaCast":"praha-5"},"geometry":{"type":"Polygon","coordinates":[[[14.407015,50.079568],[14.404781,50.07946],[14.404604,50.080552],[14.406952,50.080651],[14.407015,50.079568]]]}},{"type":"Feature","properties":{"cislo":5003,"kod":26859,"mestskaCast":"praha-5"},"geometry":{"type":"Polygon","coordinates":[[[14.405282,50.077517],[14.405145,50.077959],[14.404783,50.079451],[14.404781,50.07946],[14.407015,50.079568],[14.408076,50.079616],[14.408174,50.07791],[14.405282,50.077517]]]}},{"type":"Feature","properties":{"cislo":5004,"kod":26861,"mestskaCast":"praha-5"},"geometry":{"type":"Polygon","coordinates":[[[14.403692,50.079409],[14.404781,50.07946],[14.404783,50.079451],[14.405145,50.077959],[14.405282,50.077517],[14.405492,50.076801],[14.404165,50.076674],[14.404185,50.076912],[14.402995,50.076933],[14.403097,50.078567],[14.403853,50.078788],[14.403692,50.079409]]]}},{"type":"Feature","properties":{"cislo":5005,"kod":26863,"mestskaCast":"praha-5"},"geometry":{"type":"Polygon","coordinates":[[[14.408008,50.08125],[14.409103,50.081278],[14.409108,50.081278],[14.409123,50.081177],[14.409133,50.080766],[14.409135,50.080765],[14.409499,50.079838],[14.409823,50.079066],[14.410886,50.078676],[14.410891,50.078675],[14.411217,50.077208],[14.411406,50.076174],[14.411415,50.076122],[14.411496,50.075676],[14.411512,50.075592],[14.408853,50.075329],[14.408846,50.075364],[14.408505,50.076233],[14.407455,50.076131],[14.407232,50.077037],[14.405492,50.076801],[14.405282,50.077517],[14.408174,50.07791],[14.408076,50.079616],[14.408008,50.08125]]]}},{"type":"Feature","properties":{"cislo":5006,"kod":26865,"mestskaCast":"praha-5"},"geometry":{"type":"Polygon","coordinates":[[[14.407455,50.076131],[14.407619,50.075428],[14.406114,50.075277],[14.4061,50.075275],[14.403765,50.07446],[14.403832,50.075002],[14.40391,50.075426],[14.404165,50.076674],[14.405492,50.076801],[14.407232,50.077037],[14.407455,50.076131]]]}},{"type":"Feature","properties":{"cislo":5007,"kod":26867,"mestskaCast":"praha-5"},"geometry":{"type":"Polygon","coordinates":[[[14.407455,50.076131],[14.408505,50.076233],[14.408846,50.075364],[14.408853,50.075329],[14.411512,50.075592],[14.411513,50.075585],[14.411531,50.075488],[14.411543,50.075418],[14.4118,50.074138],[14.411981,50.073555],[14.410532,50.073417],[14.408331,50.073222],[14.406724,50.073089],[14.4061,50.075275],[14.406114,50.075277],[14.407619,50.075428],[14.407455,50.076131]]]}},{"type":"Feature","properties":{"cislo":5008,"kod":26869,"mestskaCast":"praha-5"},"geometry":{"type":"Polygon","coordinates":[[[14.411981,50.073555],[14.412197,50.072857],[14.410473,50.072704],[14.408359,50.072499],[14.406908,50.072361],[14.406894,50.07236],[14.40673,50.073062],[14.406724,50.073089],[14.408331,50.073222],[14.410532,50.073417],[14.411981,50.073555]]]}},{"type":"Feature","properties":{"cislo":5009,"kod":26871,"mestskaCast":"praha-5"},"geometry":{"type":"Polygon","coordinates":[[[14.403765,50.07446],[14.4061,50.075275],[14.406724,50.073089],[14.40673,50.073062],[14.406894,50.07236],[14.40399,50.072093],[14.403916,50.072504],[14.403832,50.072959],[14.403795,50.073528],[14.40374,50.074049],[14.403759,50.074423],[14.403765,50.07446]]]}},{"type":"Feature","properties":{"cislo":5010,"kod":26873,"mestskaCast":"praha-5"},"geometry":{"type":"Polygon","coordinates":[[[14.408359,50.072499],[14.408509,50.071931],[14.406931,50.071791],[14.407191,50.07058],[14.407192,50.070571],[14.405423,50.070405],[14.405075,50.070319],[14.405039,50.070353],[14.404756,50.070754],[14.404418,50.071278],[14.404198,50.071649],[14.404003,50.072031],[14.40399,50.072093],[14.406894,50.07236],[14.406908,50.072361],[14.408359,50.072499]]]}},{"type":"Feature","properties":{"cislo":5011,"kod":26875,"mestskaCast":"praha-5"},"geometry":{"type":"Polygon","coordinates":[[[14.400807,50.073127],[14.401941,50.07389],[14.401983,50.0756],[14.40391,50.075426],[14.403832,50.075002],[14.403765,50.07446],[14.403759,50.074423],[14.40374,50.074049],[14.403795,50.073528],[14.403832,50.072959],[14.403916,50.072504],[14.40399,50.072093],[14.404003,50.072031],[14.404198,50.071649],[14.404418,50.071278],[14.404756,50.070754],[14.405039,50.070353],[14.405075,50.070319],[14.40552,50.069687],[14.405788,50.069294],[14.403431,50.068976],[14.403228,50.069593],[14.401506,50.069404],[14.401542,50.069235],[14.400563,50.06913],[14.399864,50.070683],[14.399759,50.071237],[14.399671,50.071646],[14.39967,50.071655],[14.39954,50.071734],[14.399421,50.07255],[14.400602,50.072963],[14.400807,50.073127]]]}},{"type":"Feature","properties":{"cislo":5012,"kod":26877,"mestskaCast":"praha-5"},"geometry":{"type":"Polygon","coordinates":[[[14.39758,50.079925],[14.398735,50.080251],[14.398842,50.080651],[14.399666,50.080559],[14.399674,50.080582],[14.399618,50.080594],[14.399649,50.080675],[14.399668,50.080728],[14.39981,50.080708],[14.400195,50.080659],[14.400261,50.08065],[14.400327,50.080646],[14.400457,50.080639],[14.400649,50.080641],[14.400801,50.080652],[14.401579,50.080743],[14.40158,50.080661],[14.401547,50.080644],[14.401546,50.080614],[14.401593,50.080591],[14.401634,50.080599],[14.401654,50.080618],[14.401747,50.080606],[14.401843,50.080618],[14.401859,50.080599],[14.401895,50.08059],[14.401937,50.080603],[14.401951,50.080625],[14.40194,50.080649],[14.401915,50.08066],[14.401915,50.080748],[14.402226,50.080749],[14.402333,50.080749],[14.403151,50.080752],[14.403151,50.080752],[14.403151,50.08075],[14.403039,50.080286],[14.403592,50.079809],[14.403692,50.079409],[14.403853,50.078788],[14.403097,50.078567],[14.402995,50.076933],[14.404185,50.076912],[14.404165,50.076674],[14.40391,50.075426],[14.401983,50.0756],[14.401941,50.07389],[14.400807,50.073127],[14.400774,50.073214],[14.400468,50.073196],[14.40037,50.074113],[14.400231,50.074101],[14.399315,50.075218],[14.399398,50.075688],[14.399244,50.075747],[14.398961,50.075949],[14.398747,50.076093],[14.398644,50.076111],[14.398618,50.0761],[14.395649,50.079031],[14.395403,50.078928],[14.395219,50.078866],[14.395003,50.07882],[14.394945,50.07896],[14.394944,50.078962],[14.394944,50.078962],[14.395008,50.078974],[14.396078,50.079419],[14.396392,50.079548],[14.396541,50.079608],[14.396797,50.079688],[14.397187,50.079811],[14.39736,50.079869],[14.397365,50.079863],[14.39758,50.079925]]]}},{"type":"Feature","properties":{"cislo":5013,"kod":26879,"mestskaCast":"praha-5"},"geometry":{"type":"Polygon","coordinates":[[[14.408359,50.072499],[14.410473,50.072704],[14.412197,50.072857],[14.412197,50.072857],[14.412294,50.072541],[14.412329,50.072297],[14.412323,50.072296],[14.409351,50.072015],[14.409646,50.07077],[14.407191,50.07058],[14.406931,50.071791],[14.408509,50.071931],[14.408359,50.072499]]]}},{"type":"Feature","properties":{"cislo":5014,"kod":26881,"mestskaCast":"praha-5"},"geometry":{"type":"Polygon","coordinates":[[[14.412329,50.072297],[14.412575,50.070576],[14.412651,50.070238],[14.41265,50.070238],[14.407368,50.069751],[14.407192,50.070571],[14.407191,50.07058],[14.409646,50.07077],[14.409351,50.072015],[14.412323,50.072296],[14.412329,50.072297]]]}},{"type":"Feature","properties":{"cislo":5015,"kod":26883,"mestskaCast":"praha-5"},"geometry":{"type":"Polygon","coordinates":[[[14.407192,50.070571],[14.407368,50.069751],[14.41265,50.070238],[14.412651,50.070238],[14.412913,50.069063],[14.412968,50.068816],[14.413,50.068699],[14.413434,50.067094],[14.413434,50.067093],[14.41348,50.066944],[14.41348,50.066944],[14.411421,50.066626],[14.410485,50.066452],[14.409698,50.066309],[14.409057,50.066207],[14.408598,50.066112],[14.408135,50.066035],[14.407838,50.065909],[14.407836,50.065917],[14.407591,50.066404],[14.406867,50.066294],[14.406778,50.066577],[14.407423,50.066661],[14.407034,50.067426],[14.406704,50.067977],[14.4063,50.068613],[14.405788,50.069294],[14.40552,50.069687],[14.405075,50.070319],[14.405423,50.070405],[14.407192,50.070571]]]}},{"type":"Feature","properties":{"cislo":5016,"kod":26885,"mestskaCast":"praha-5"},"geometry":{"type":"Polygon","coordinates":[[[14.39939,50.068354],[14.399424,50.069972],[14.399477,50.070449],[14.39949,50.071113],[14.399554,50.071273],[14.399671,50.071646],[14.399759,50.071237],[14.399864,50.070683],[14.400563,50.06913],[14.401542,50.069235],[14.401506,50.069404],[14.403228,50.069593],[14.403431,50.068976],[14.405788,50.069294],[14.4063,50.068613],[14.406704,50.067977],[14.407034,50.067426],[14.407423,50.066661],[14.406778,50.066577],[14.406867,50.066294],[14.407591,50.066404],[14.407836,50.065917],[14.407701,50.065824],[14.407483,50.065723],[14.407298,50.065597],[14.407096,50.065489],[14.407004,50.06539],[14.406845,50.065276],[14.40671,50.065119],[14.406606,50.064946],[14.406559,50.064769],[14.406508,50.064547],[14.406498,50.064328],[14.406527,50.064131],[14.406584,50.063864],[14.406637,50.063615],[14.406731,50.063042],[14.406241,50.063026],[14.404792,50.062816],[14.40443,50.063519],[14.403896,50.064497],[14.403775,50.064731],[14.403116,50.066034],[14.402107,50.067914],[14.40126,50.067785],[14.400815,50.06868],[14.39939,50.068354]]]}},{"type":"Feature","properties":{"cislo":5017,"kod":26887,"mestskaCast":"praha-5"},"geometry":{"type":"Polygon","coordinates":[[[14.41348,50.066944],[14.413504,50.066866],[14.413811,50.065866],[14.414009,50.065276],[14.414218,50.064653],[14.414792,50.063367],[14.415226,50.062499],[14.415807,50.061804],[14.416227,50.060004],[14.416369,50.059177],[14.416308,50.058235],[14.416307,50.058217],[14.415908,50.057055],[14.415416,50.055798],[14.414524,50.05417],[14.413905,50.052897],[14.413169,50.051516],[14.412731,50.050679],[14.412731,50.050678],[14.411332,50.051161],[14.410705,50.05126],[14.410443,50.0513],[14.409895,50.051224],[14.409148,50.051621],[14.408929,50.053172],[14.408666,50.054138],[14.408535,50.054616],[14.408331,50.055506],[14.408059,50.057633],[14.407713,50.060497],[14.407459,50.06307],[14.406731,50.063042],[14.406637,50.063615],[14.406584,50.063864],[14.406527,50.064131],[14.406498,50.064328],[14.406508,50.064547],[14.406559,50.064769],[14.406606,50.064946],[14.40671,50.065119],[14.406845,50.065276],[14.407004,50.06539],[14.407096,50.065489],[14.407298,50.065597],[14.407483,50.065723],[14.407701,50.065824],[14.407836,50.065917],[14.407838,50.065909],[14.408135,50.066035],[14.408598,50.066112],[14.409057,50.066207],[14.409698,50.066309],[14.410485,50.066452],[14.411421,50.066626],[14.41348,50.066944],[14.41348,50.066944]]]}},{"type":"Feature","properties":{"cislo":5018,"kod":26889,"mestskaCast":"praha-5"},"geometry":{"type":"Polygon","coordinates":[[[14.404455,50.048454],[14.404578,50.048538],[14.404682,50.048647],[14.404808,50.048713],[14.404831,50.048869],[14.40485,50.04898],[14.4049,50.049075],[14.404948,50.049179],[14.405008,50.04923],[14.405076,50.049308],[14.405142,50.049396],[14.405239,50.049468],[14.405305,50.049555],[14.405262,50.049624],[14.405182,50.049735],[14.405142,50.049922],[14.405081,50.050207],[14.405055,50.050459],[14.40505,50.050613],[14.404984,50.050725],[14.404977,50.050824],[14.404966,50.050941],[14.404959,50.05104],[14.4049,50.051117],[14.404816,50.051182],[14.404712,50.051273],[14.404576,50.051379],[14.404484,50.051479],[14.404388,50.051598],[14.40429,50.051725],[14.404227,50.051892],[14.40418,50.052042],[14.404081,50.052179],[14.403964,50.052132],[14.403645,50.05204],[14.403364,50.05197],[14.403117,50.051939],[14.40292,50.05194],[14.402744,50.051969],[14.40262,50.052022],[14.402546,50.052106],[14.402538,50.052205],[14.402537,50.052278],[14.400959,50.051947],[14.400826,50.052171],[14.40065,50.052664],[14.400453,50.052928],[14.400362,50.053219],[14.400206,50.05355],[14.399982,50.053939],[14.399958,50.054182],[14.399961,50.054236],[14.399953,50.054272],[14.399975,50.054301],[14.400079,50.05441],[14.39977,50.054601],[14.400341,50.055096],[14.399992,50.055274],[14.399778,50.055355],[14.399555,50.055471],[14.399331,50.055533],[14.399159,50.055608],[14.398949,50.055671],[14.398728,50.055715],[14.398672,50.056237],[14.398721,50.056341],[14.39926,50.057115],[14.399498,50.057054],[14.399879,50.056988],[14.400153,50.056958],[14.400445,50.056911],[14.400802,50.056889],[14.40101,50.056907],[14.401141,50.056955],[14.401175,50.056532],[14.401331,50.056527],[14.401515,50.056525],[14.401728,50.056517],[14.401882,50.056522],[14.402072,50.056557],[14.402171,50.056556],[14.40236,50.056528],[14.402619,50.056505],[14.402838,50.05647],[14.403041,50.056443],[14.403175,50.05641],[14.403326,50.056359],[14.403443,50.056343],[14.403624,50.056286],[14.403786,50.056255],[14.403924,50.056204],[14.404085,50.056173],[14.404178,50.056462],[14.404397,50.056427],[14.404452,50.056369],[14.404454,50.056296],[14.404429,50.056212],[14.404419,50.05613],[14.404553,50.056096],[14.404699,50.056073],[14.404918,50.056038],[14.405109,50.056],[14.405251,50.055995],[14.405336,50.055993],[14.405269,50.055715],[14.405174,50.055434],[14.405101,50.055246],[14.405007,50.055093],[14.404912,50.054948],[14.404792,50.054783],[14.404728,50.054687],[14.404666,50.054581],[14.404655,50.054435],[14.404693,50.054321],[14.404768,50.054236],[14.404927,50.054087],[14.405043,50.054007],[14.405474,50.053573],[14.405901,50.053157],[14.406146,50.05287],[14.406394,50.052566],[14.40656,50.052253],[14.406653,50.052017],[14.406742,50.051598],[14.406787,50.051257],[14.406837,50.051026],[14.406886,50.050794],[14.406948,50.050636],[14.407365,50.050664],[14.407349,50.050871],[14.407332,50.051015],[14.407325,50.051377],[14.407349,50.051861],[14.407336,50.052577],[14.407347,50.052986],[14.40735,50.053367],[14.4073,50.053998],[14.40776,50.054021],[14.408158,50.054074],[14.408458,50.054119],[14.408666,50.054138],[14.408929,50.053172],[14.409148,50.051621],[14.409501,50.050037],[14.409109,50.049693],[14.409126,50.048823],[14.40807,50.048884],[14.407885,50.048759],[14.407516,50.048771],[14.406312,50.048601],[14.406178,50.048571],[14.405951,50.048578],[14.405452,50.04847],[14.405439,50.048469],[14.405306,50.04843],[14.40511,50.048422],[14.404871,50.048419],[14.404587,50.04843],[14.404469,50.048456],[14.404455,50.048454]]]}},{"type":"Feature","properties":{"cislo":5019,"kod":26891,"mestskaCast":"praha-5"},"geometry":{"type":"Polygon","coordinates":[[[14.402543,50.060347],[14.40271,50.060162],[14.403825,50.060288],[14.404446,50.059953],[14.40462,50.059932],[14.404839,50.059897],[14.405003,50.059984],[14.405122,50.060022],[14.405326,50.060058],[14.405435,50.059288],[14.405454,50.058209],[14.405492,50.057441],[14.405485,50.056615],[14.405313,50.056627],[14.405315,50.056291],[14.405336,50.055993],[14.405251,50.055995],[14.405109,50.056],[14.404918,50.056038],[14.404699,50.056073],[14.404553,50.056096],[14.404419,50.05613],[14.404429,50.056212],[14.404454,50.056296],[14.404452,50.056369],[14.404397,50.056427],[14.404178,50.056462],[14.404085,50.056173],[14.403924,50.056204],[14.403786,50.056255],[14.403624,50.056286],[14.403443,50.056343],[14.403326,50.056359],[14.403175,50.05641],[14.403041,50.056443],[14.402838,50.05647],[14.402619,50.056505],[14.40236,50.056528],[14.402171,50.056556],[14.402072,50.056557],[14.401882,50.056522],[14.401728,50.056517],[14.401515,50.056525],[14.401331,50.056527],[14.401175,50.056532],[14.401141,50.056955],[14.40101,50.056907],[14.400802,50.056889],[14.400445,50.056911],[14.400153,50.056958],[14.399879,50.056988],[14.399498,50.057054],[14.39926,50.057115],[14.399294,50.057154],[14.399343,50.057385],[14.399662,50.058067],[14.398942,50.058203],[14.398787,50.057872],[14.397582,50.0581],[14.397705,50.058384],[14.401305,50.058885],[14.401454,50.060033],[14.401715,50.060065],[14.401994,50.060144],[14.402529,50.060346],[14.402543,50.060347]]]}},{"type":"Feature","properties":{"cislo":5020,"kod":26893,"mestskaCast":"praha-5"},"geometry":{"type":"Polygon","coordinates":[[[14.390322,50.061059],[14.390422,50.060922],[14.390346,50.060879],[14.390294,50.060793],[14.390277,50.060674],[14.390194,50.060339],[14.390465,50.060327],[14.390775,50.060328],[14.39115,50.060352],[14.391714,50.06042],[14.392005,50.059983],[14.393216,50.060381],[14.393648,50.059748],[14.39423,50.059927],[14.394454,50.059738],[14.394283,50.059614],[14.394222,50.059635],[14.394068,50.059567],[14.393847,50.059412],[14.394223,50.059173],[14.393775,50.058761],[14.394025,50.058647],[14.394724,50.059135],[14.394965,50.059066],[14.395136,50.059254],[14.394892,50.059404],[14.394977,50.059467],[14.395184,50.059358],[14.395726,50.059724],[14.39547,50.059864],[14.395673,50.059973],[14.396065,50.059654],[14.396123,50.059713],[14.396922,50.059866],[14.398389,50.059996],[14.398464,50.060039],[14.398989,50.060022],[14.399007,50.060006],[14.399088,50.059759],[14.399382,50.059767],[14.399748,50.059772],[14.400062,50.059818],[14.400487,50.059874],[14.400875,50.059972],[14.401454,50.060033],[14.401305,50.058885],[14.397705,50.058384],[14.397582,50.0581],[14.398787,50.057872],[14.398942,50.058203],[14.399662,50.058067],[14.399343,50.057385],[14.399294,50.057154],[14.39926,50.057115],[14.398721,50.056341],[14.398672,50.056237],[14.398728,50.055715],[14.398949,50.055671],[14.399159,50.055608],[14.399331,50.055533],[14.399555,50.055471],[14.399778,50.055355],[14.399992,50.055274],[14.400341,50.055096],[14.39977,50.054601],[14.400079,50.05441],[14.399975,50.054301],[14.399953,50.054272],[14.399961,50.054236],[14.399958,50.054182],[14.399982,50.053939],[14.400206,50.05355],[14.400362,50.053219],[14.400453,50.052928],[14.40065,50.052664],[14.400826,50.052171],[14.400959,50.051947],[14.402537,50.052278],[14.402538,50.052205],[14.402546,50.052106],[14.40262,50.052022],[14.402744,50.051969],[14.40292,50.05194],[14.403117,50.051939],[14.403364,50.05197],[14.403645,50.05204],[14.403964,50.052132],[14.404081,50.052179],[14.40418,50.052042],[14.404227,50.051892],[14.40429,50.051725],[14.404388,50.051598],[14.404484,50.051479],[14.404576,50.051379],[14.404712,50.051273],[14.404816,50.051182],[14.4049,50.051117],[14.404959,50.05104],[14.404966,50.050941],[14.404977,50.050824],[14.404984,50.050725],[14.40505,50.050613],[14.405055,50.050459],[14.405081,50.050207],[14.405142,50.049922],[14.405182,50.049735],[14.405262,50.049624],[14.405305,50.049555],[14.405239,50.049468],[14.405142,50.049396],[14.405076,50.049308],[14.405008,50.04923],[14.404948,50.049179],[14.4049,50.049075],[14.40485,50.04898],[14.404831,50.048869],[14.404808,50.048713],[14.404682,50.048647],[14.404578,50.048538],[14.404455,50.048454],[14.404239,50.048408],[14.403899,50.048351],[14.403563,50.048275],[14.403296,50.048206],[14.402962,50.048122],[14.402576,50.048015],[14.402591,50.047944],[14.400089,50.047713],[14.399884,50.047685],[14.399223,50.047545],[14.399281,50.047668],[14.399044,50.047593],[14.39877,50.047487],[14.398475,50.047352],[14.398362,50.047287],[14.398152,50.047214],[14.397929,50.04714],[14.397493,50.047001],[14.397228,50.046923],[14.396684,50.046766],[14.396381,50.046666],[14.396062,50.046575],[14.394892,50.04638],[14.394607,50.046327],[14.394241,50.046259],[14.394038,50.046222],[14.393225,50.046132],[14.392739,50.046034],[14.390679,50.045651],[14.39035,50.045604],[14.389607,50.04552],[14.388876,50.045446],[14.388275,50.045556],[14.387175,50.045558],[14.386623,50.045636],[14.385252,50.045323],[14.384941,50.045132],[14.38402,50.045023],[14.383773,50.045056],[14.383453,50.0451],[14.383181,50.045121],[14.383138,50.045126],[14.383581,50.045819],[14.383556,50.045935],[14.383509,50.045958],[14.381235,50.047753],[14.38076,50.050097],[14.380546,50.050569],[14.380285,50.051063],[14.381125,50.051355],[14.381861,50.051539],[14.381568,50.052511],[14.382115,50.052587],[14.381951,50.053153],[14.380096,50.053061],[14.379869,50.053594],[14.379549,50.053575],[14.379476,50.05365],[14.379404,50.053789],[14.379307,50.05398],[14.379223,50.054172],[14.379136,50.054382],[14.378541,50.054329],[14.378041,50.054294],[14.377251,50.054233],[14.376447,50.054234],[14.375675,50.05422],[14.375673,50.054492],[14.375667,50.054582],[14.375565,50.054664],[14.375195,50.054876],[14.374991,50.054976],[14.374647,50.054999],[14.374389,50.055022],[14.374033,50.055036],[14.373567,50.054976],[14.373298,50.054979],[14.37321,50.055126],[14.37323,50.055427],[14.373361,50.055539],[14.373501,50.055678],[14.373584,50.055749],[14.374354,50.055709],[14.37497,50.055664],[14.375497,50.055638],[14.37602,50.05563],[14.37652,50.055665],[14.377054,50.055677],[14.377664,50.055722],[14.378077,50.055768],[14.378364,50.055811],[14.379129,50.055925],[14.379683,50.056038],[14.379587,50.056683],[14.380721,50.056983],[14.380488,50.057344],[14.383198,50.05812],[14.382914,50.058195],[14.382529,50.058278],[14.382253,50.058317],[14.382022,50.058342],[14.381702,50.058386],[14.38141,50.058433],[14.381085,50.05844],[14.380861,50.05843],[14.380698,50.05847],[14.380584,50.058541],[14.380486,50.058669],[14.381848,50.058626],[14.381757,50.058791],[14.384262,50.059204],[14.384464,50.059249],[14.384612,50.059281],[14.384745,50.05932],[14.385027,50.059318],[14.385183,50.059313],[14.385062,50.05942],[14.385335,50.059463],[14.385196,50.059714],[14.385085,50.05984],[14.384509,50.060488],[14.385035,50.061124],[14.385047,50.061135],[14.387764,50.061349],[14.3903,50.061093],[14.390322,50.061059]]]}},{"type":"Feature","properties":{"cislo":5021,"kod":26895,"mestskaCast":"praha-5"},"geometry":{"type":"Polygon","coordinates":[[[14.398001,50.061541],[14.39851,50.061668],[14.398385,50.061857],[14.398893,50.061984],[14.399014,50.061949],[14.399448,50.06196],[14.401056,50.062157],[14.401501,50.062251],[14.402705,50.062621],[14.40375,50.062941],[14.403766,50.062933],[14.404,50.062627],[14.402934,50.062206],[14.403805,50.061103],[14.403961,50.061099],[14.404101,50.061102],[14.404382,50.061109],[14.404522,50.061113],[14.404627,50.061086],[14.404711,50.06102],[14.404687,50.060937],[14.404591,50.060856],[14.404449,50.060797],[14.40413,50.060769],[14.403773,50.060728],[14.403515,50.060678],[14.402543,50.060347],[14.402529,50.060346],[14.401994,50.060144],[14.401715,50.060065],[14.401454,50.060033],[14.400875,50.059972],[14.400487,50.059874],[14.400062,50.059818],[14.399748,50.059772],[14.399382,50.059767],[14.399088,50.059759],[14.399007,50.060006],[14.399005,50.060015],[14.398923,50.060461],[14.398398,50.060415],[14.398298,50.061077],[14.398001,50.061541]]]}},{"type":"Feature","properties":{"cislo":5022,"kod":26897,"mestskaCast":"praha-5"},"geometry":{"type":"Polygon","coordinates":[[[14.390362,50.061661],[14.390636,50.061631],[14.393493,50.061722],[14.393707,50.061777],[14.393763,50.061909],[14.393899,50.062066],[14.394083,50.062192],[14.394335,50.062268],[14.394633,50.062322],[14.396212,50.06239],[14.396568,50.06244],[14.396728,50.062481],[14.396908,50.062497],[14.397064,50.062493],[14.397212,50.06246],[14.397336,50.062408],[14.397448,50.062345],[14.397536,50.062262],[14.398001,50.061541],[14.398298,50.061077],[14.398398,50.060415],[14.398923,50.060461],[14.399005,50.060015],[14.399007,50.060006],[14.398989,50.060022],[14.398464,50.060039],[14.398389,50.059996],[14.396922,50.059866],[14.396123,50.059713],[14.396065,50.059654],[14.395673,50.059973],[14.39547,50.059864],[14.395726,50.059724],[14.395184,50.059358],[14.394977,50.059467],[14.394892,50.059404],[14.395136,50.059254],[14.394965,50.059066],[14.394724,50.059135],[14.394025,50.058647],[14.393775,50.058761],[14.394223,50.059173],[14.393847,50.059412],[14.394068,50.059567],[14.394222,50.059635],[14.394283,50.059614],[14.394454,50.059738],[14.39423,50.059927],[14.393648,50.059748],[14.393216,50.060381],[14.392005,50.059983],[14.391714,50.06042],[14.39115,50.060352],[14.390775,50.060328],[14.390465,50.060327],[14.390194,50.060339],[14.390277,50.060674],[14.390294,50.060793],[14.390346,50.060879],[14.390422,50.060922],[14.390322,50.061059],[14.390327,50.061559],[14.390362,50.061661]]]}},{"type":"Feature","properties":{"cislo":5023,"kod":26899,"mestskaCast":"praha-5"},"geometry":{"type":"Polygon","coordinates":[[[14.40375,50.062941],[14.404167,50.062969],[14.403868,50.063378],[14.40443,50.063519],[14.404792,50.062816],[14.406241,50.063026],[14.406731,50.063042],[14.407459,50.06307],[14.407713,50.060497],[14.408059,50.057633],[14.408331,50.055506],[14.408535,50.054616],[14.408666,50.054138],[14.408458,50.054119],[14.408158,50.054074],[14.40776,50.054021],[14.4073,50.053998],[14.40735,50.053367],[14.407347,50.052986],[14.407336,50.052577],[14.407349,50.051861],[14.407325,50.051377],[14.407332,50.051015],[14.407349,50.050871],[14.407365,50.050664],[14.406948,50.050636],[14.406886,50.050794],[14.406837,50.051026],[14.406787,50.051257],[14.406742,50.051598],[14.406653,50.052017],[14.40656,50.052253],[14.406394,50.052566],[14.406146,50.05287],[14.405901,50.053157],[14.405474,50.053573],[14.405043,50.054007],[14.404927,50.054087],[14.404768,50.054236],[14.404693,50.054321],[14.404655,50.054435],[14.404666,50.054581],[14.404728,50.054687],[14.404792,50.054783],[14.404912,50.054948],[14.405007,50.055093],[14.405101,50.055246],[14.405174,50.055434],[14.405269,50.055715],[14.405336,50.055993],[14.405315,50.056291],[14.405313,50.056627],[14.405485,50.056615],[14.405492,50.057441],[14.405454,50.058209],[14.405435,50.059288],[14.405326,50.060058],[14.405122,50.060022],[14.405003,50.059984],[14.404839,50.059897],[14.40462,50.059932],[14.404446,50.059953],[14.403825,50.060288],[14.40271,50.060162],[14.402543,50.060347],[14.403515,50.060678],[14.403773,50.060728],[14.40413,50.060769],[14.404449,50.060797],[14.404591,50.060856],[14.404687,50.060937],[14.404711,50.06102],[14.404627,50.061086],[14.404522,50.061113],[14.404382,50.061109],[14.404101,50.061102],[14.403961,50.061099],[14.403805,50.061103],[14.402934,50.062206],[14.404,50.062627],[14.403766,50.062933],[14.40375,50.062941]]]}},{"type":"Feature","properties":{"cislo":5024,"kod":26901,"mestskaCast":"praha-5"},"geometry":{"type":"Polygon","coordinates":[[[14.403775,50.064731],[14.403896,50.064497],[14.40443,50.063519],[14.403868,50.063378],[14.404167,50.062969],[14.40375,50.062941],[14.402705,50.062621],[14.401501,50.062251],[14.401056,50.062157],[14.399448,50.06196],[14.399014,50.061949],[14.398893,50.061984],[14.398385,50.061857],[14.39851,50.061668],[14.398001,50.061541],[14.397536,50.062262],[14.397448,50.062345],[14.397336,50.062408],[14.397212,50.06246],[14.397064,50.062493],[14.396908,50.062497],[14.396728,50.062481],[14.396568,50.06244],[14.396212,50.06239],[14.394633,50.062322],[14.394335,50.062268],[14.394083,50.062192],[14.393899,50.062066],[14.393763,50.061909],[14.393707,50.061777],[14.393493,50.061722],[14.390636,50.061631],[14.390362,50.061661],[14.39037,50.061689],[14.390456,50.061879],[14.390468,50.062878],[14.389484,50.062863],[14.389486,50.062918],[14.389493,50.063545],[14.391654,50.063655],[14.391991,50.063994],[14.394581,50.064342],[14.394736,50.064737],[14.395147,50.064664],[14.395464,50.064629],[14.395554,50.0648],[14.396483,50.064547],[14.397946,50.064695],[14.398909,50.065134],[14.399105,50.065406],[14.399219,50.065398],[14.399324,50.065434],[14.399352,50.0655],[14.39969,50.06544],[14.399713,50.065396],[14.400255,50.065236],[14.400278,50.065328],[14.401425,50.06524],[14.40176,50.065124],[14.401716,50.065066],[14.401891,50.065036],[14.402173,50.064907],[14.402753,50.065358],[14.403186,50.064915],[14.403517,50.064817],[14.403775,50.064731]]]}},{"type":"Feature","properties":{"cislo":5025,"kod":26903,"mestskaCast":"praha-5"},"geometry":{"type":"Polygon","coordinates":[[[14.383885,50.062474],[14.384191,50.062692],[14.384659,50.063006],[14.385032,50.063239],[14.385403,50.063481],[14.385725,50.063691],[14.386052,50.063874],[14.386522,50.064116],[14.387248,50.06448],[14.386692,50.065429],[14.386974,50.065427],[14.389354,50.065438],[14.3896,50.065215],[14.389851,50.064965],[14.390108,50.064752],[14.390204,50.064634],[14.390407,50.064606],[14.390649,50.064664],[14.391137,50.064753],[14.393458,50.06524],[14.393848,50.065329],[14.39518,50.064903],[14.395063,50.064793],[14.39508,50.064713],[14.395147,50.064664],[14.394736,50.064737],[14.394581,50.064342],[14.391991,50.063994],[14.391654,50.063655],[14.389493,50.063545],[14.389486,50.062918],[14.389484,50.062863],[14.390468,50.062878],[14.390456,50.061879],[14.39037,50.061689],[14.390362,50.061661],[14.390327,50.061559],[14.390322,50.061059],[14.3903,50.061093],[14.387764,50.061349],[14.385047,50.061135],[14.385035,50.061124],[14.384175,50.061121],[14.383593,50.062258],[14.383617,50.062278],[14.383885,50.062474]]]}},{"type":"Feature","properties":{"cislo":5026,"kod":26905,"mestskaCast":"praha-5"},"geometry":{"type":"Polygon","coordinates":[[[14.403775,50.064731],[14.403517,50.064817],[14.403186,50.064915],[14.402753,50.065358],[14.402173,50.064907],[14.401891,50.065036],[14.401716,50.065066],[14.40176,50.065124],[14.401425,50.06524],[14.400278,50.065328],[14.400255,50.065236],[14.399713,50.065396],[14.39969,50.06544],[14.399352,50.0655],[14.399324,50.065434],[14.399219,50.065398],[14.399105,50.065406],[14.398902,50.065696],[14.399111,50.066432],[14.398395,50.06635],[14.398231,50.066917],[14.398173,50.066993],[14.399369,50.067136],[14.39939,50.068354],[14.400815,50.06868],[14.40126,50.067785],[14.402107,50.067914],[14.403116,50.066034],[14.403775,50.064731]]]}},{"type":"Feature","properties":{"cislo":5027,"kod":26907,"mestskaCast":"praha-5"},"geometry":{"type":"Polygon","coordinates":[[[14.396524,50.067183],[14.396633,50.067201],[14.39665,50.067121],[14.397838,50.067236],[14.398173,50.066993],[14.398231,50.066917],[14.398395,50.06635],[14.399111,50.066432],[14.398902,50.065696],[14.399105,50.065406],[14.398909,50.065134],[14.397946,50.064695],[14.396483,50.064547],[14.395554,50.0648],[14.395464,50.064629],[14.395147,50.064664],[14.39508,50.064713],[14.395063,50.064793],[14.39518,50.064903],[14.393848,50.065329],[14.393903,50.065334],[14.395882,50.0661],[14.394973,50.066591],[14.396605,50.066872],[14.396524,50.067183]]]}},{"type":"Feature","properties":{"cislo":5028,"kod":26909,"mestskaCast":"praha-5"},"geometry":{"type":"Polygon","coordinates":[[[14.392535,50.068426],[14.392532,50.068308],[14.392463,50.068238],[14.392244,50.068273],[14.392107,50.068252],[14.392,50.068224],[14.391818,50.068153],[14.391675,50.068095],[14.391489,50.068042],[14.391299,50.068007],[14.391109,50.067972],[14.390904,50.067945],[14.390692,50.067944],[14.390535,50.067958],[14.390343,50.067995],[14.390297,50.067619],[14.390181,50.067636],[14.390061,50.067271],[14.390593,50.067092],[14.390587,50.066465],[14.390153,50.066254],[14.389938,50.066334],[14.389831,50.06637],[14.389565,50.066428],[14.389443,50.066209],[14.389753,50.065882],[14.389561,50.065793],[14.389448,50.065592],[14.389803,50.065251],[14.389995,50.065278],[14.390199,50.065314],[14.390433,50.065407],[14.390732,50.065525],[14.391118,50.065695],[14.391464,50.066189],[14.391741,50.06733],[14.392292,50.067261],[14.393281,50.067512],[14.39341,50.067569],[14.393551,50.067699],[14.393841,50.067598],[14.394188,50.067556],[14.394662,50.067516],[14.395021,50.067485],[14.395551,50.06745],[14.396424,50.067519],[14.396524,50.067183],[14.396605,50.066872],[14.394973,50.066591],[14.395882,50.0661],[14.393903,50.065334],[14.393848,50.065329],[14.393458,50.06524],[14.391137,50.064753],[14.390649,50.064664],[14.390407,50.064606],[14.390204,50.064634],[14.390108,50.064752],[14.389851,50.064965],[14.3896,50.065215],[14.389354,50.065438],[14.386974,50.065427],[14.386692,50.065429],[14.386354,50.065426],[14.386185,50.06562],[14.38595,50.065926],[14.385731,50.06616],[14.385596,50.06633],[14.385755,50.066444],[14.386204,50.066847],[14.386325,50.066939],[14.386492,50.067081],[14.386667,50.067251],[14.386916,50.067473],[14.387075,50.067587],[14.387252,50.067748],[14.387392,50.067815],[14.387602,50.067824],[14.387867,50.067839],[14.388132,50.067853],[14.388448,50.06789],[14.388779,50.067992],[14.389133,50.068115],[14.389448,50.068288],[14.389655,50.068442],[14.389823,50.068512],[14.390041,50.068549],[14.390252,50.06855],[14.392535,50.068426]]]}},{"type":"Feature","properties":{"cislo":5029,"kod":26911,"mestskaCast":"praha-5"},"geometry":{"type":"Polygon","coordinates":[[[14.397624,50.072118],[14.398129,50.071999],[14.399538,50.071743],[14.39954,50.071734],[14.39967,50.071655],[14.399671,50.071646],[14.399554,50.071273],[14.39949,50.071113],[14.399477,50.070449],[14.399424,50.069972],[14.39939,50.068354],[14.399369,50.067136],[14.398173,50.066993],[14.397838,50.067236],[14.39665,50.067121],[14.396633,50.067201],[14.396524,50.067183],[14.396424,50.067519],[14.395551,50.06745],[14.395021,50.067485],[14.394662,50.067516],[14.394188,50.067556],[14.393841,50.067598],[14.393551,50.067699],[14.39401,50.068058],[14.395045,50.068494],[14.395974,50.068895],[14.397419,50.069522],[14.39601,50.071094],[14.397624,50.072118]]]}},{"type":"Feature","properties":{"cislo":5030,"kod":26913,"mestskaCast":"praha-5"},"geometry":{"type":"Polygon","coordinates":[[[14.392535,50.068426],[14.390252,50.06855],[14.390041,50.068549],[14.389823,50.068512],[14.389655,50.068442],[14.389448,50.068288],[14.389133,50.068115],[14.388779,50.067992],[14.388448,50.06789],[14.388132,50.067853],[14.387867,50.067839],[14.387602,50.067824],[14.387392,50.067815],[14.387252,50.067748],[14.387075,50.067587],[14.386916,50.067473],[14.386667,50.067251],[14.386492,50.067081],[14.386325,50.066939],[14.386204,50.066847],[14.385755,50.066444],[14.385596,50.06633],[14.385539,50.066397],[14.385279,50.066819],[14.38464,50.067697],[14.384581,50.067773],[14.384422,50.067986],[14.384274,50.068155],[14.384134,50.068278],[14.384943,50.06924],[14.384955,50.06925],[14.385298,50.069099],[14.385528,50.06921],[14.385777,50.069296],[14.386001,50.06937],[14.386335,50.069391],[14.387988,50.06951],[14.388442,50.06956],[14.388856,50.069669],[14.38941,50.069782],[14.390219,50.06989],[14.390258,50.069903],[14.391823,50.070169],[14.391778,50.069656],[14.393602,50.0697],[14.393609,50.069075],[14.391738,50.069054],[14.391717,50.068889],[14.392027,50.068626],[14.392176,50.068721],[14.392504,50.068505],[14.392535,50.068426]]]}},{"type":"Feature","properties":{"cislo":5031,"kod":26915,"mestskaCast":"praha-5"},"geometry":{"type":"Polygon","coordinates":[[[14.393496,50.072296],[14.394036,50.072344],[14.39502,50.072359],[14.396134,50.072358],[14.397195,50.07228],[14.397581,50.072123],[14.397624,50.072118],[14.39601,50.071094],[14.397419,50.069522],[14.395974,50.068895],[14.395045,50.068494],[14.39401,50.068058],[14.393551,50.067699],[14.39341,50.067569],[14.393281,50.067512],[14.392292,50.067261],[14.391741,50.06733],[14.391464,50.066189],[14.391118,50.065695],[14.390732,50.065525],[14.390433,50.065407],[14.390199,50.065314],[14.389995,50.065278],[14.389803,50.065251],[14.389448,50.065592],[14.389561,50.065793],[14.389753,50.065882],[14.389443,50.066209],[14.389565,50.066428],[14.389831,50.06637],[14.389938,50.066334],[14.390153,50.066254],[14.390587,50.066465],[14.390593,50.067092],[14.390061,50.067271],[14.390181,50.067636],[14.390297,50.067619],[14.390343,50.067995],[14.390535,50.067958],[14.390692,50.067944],[14.390904,50.067945],[14.391109,50.067972],[14.391299,50.068007],[14.391489,50.068042],[14.391675,50.068095],[14.391818,50.068153],[14.392,50.068224],[14.392107,50.068252],[14.392244,50.068273],[14.392463,50.068238],[14.392532,50.068308],[14.392535,50.068426],[14.392504,50.068505],[14.392176,50.068721],[14.392027,50.068626],[14.391717,50.068889],[14.391738,50.069054],[14.393609,50.069075],[14.393602,50.0697],[14.391778,50.069656],[14.391823,50.070169],[14.390258,50.069903],[14.389976,50.070495],[14.389803,50.070843],[14.389695,50.071214],[14.38955,50.071891],[14.391432,50.072122],[14.392913,50.072253],[14.393496,50.072296]]]}},{"type":"Feature","properties":{"cislo":5032,"kod":26917,"mestskaCast":"praha-5"},"geometry":{"type":"Polygon","coordinates":[[[14.389324,50.072615],[14.388943,50.073471],[14.389279,50.074073],[14.389854,50.073434],[14.389983,50.073355],[14.390102,50.073329],[14.390191,50.073309],[14.39046,50.072843],[14.391162,50.072987],[14.391264,50.072642],[14.393064,50.072866],[14.393339,50.072899],[14.393418,50.072661],[14.393185,50.072631],[14.393159,50.07262],[14.393184,50.072504],[14.393447,50.072528],[14.393496,50.072296],[14.392913,50.072253],[14.391432,50.072122],[14.38955,50.071891],[14.389324,50.072615]]]}},{"type":"Feature","properties":{"cislo":5033,"kod":26919,"mestskaCast":"praha-5"},"geometry":{"type":"Polygon","coordinates":[[[14.398618,50.0761],[14.397499,50.075465],[14.396351,50.074637],[14.396002,50.074488],[14.395333,50.074256],[14.39476,50.074033],[14.394057,50.073762],[14.39347,50.073537],[14.392797,50.073323],[14.392878,50.073076],[14.392987,50.073095],[14.393064,50.072866],[14.391264,50.072642],[14.391162,50.072987],[14.39046,50.072843],[14.390191,50.073309],[14.390102,50.073329],[14.389983,50.073355],[14.389854,50.073434],[14.389279,50.074073],[14.388659,50.073546],[14.388444,50.073363],[14.387603,50.073733],[14.387701,50.074922],[14.390497,50.07596],[14.392506,50.076719],[14.393193,50.076998],[14.393063,50.077213],[14.392938,50.077202],[14.392496,50.07808],[14.392495,50.078083],[14.392495,50.078083],[14.392497,50.078083],[14.39245,50.07816],[14.392388,50.078296],[14.392531,50.078334],[14.392639,50.078367],[14.392753,50.078407],[14.392803,50.078426],[14.392928,50.078472],[14.39294,50.078476],[14.393002,50.0785],[14.393217,50.078581],[14.393238,50.078588],[14.393298,50.078611],[14.393318,50.078619],[14.393605,50.078726],[14.393766,50.078785],[14.393808,50.078796],[14.394759,50.078931],[14.394826,50.07894],[14.394944,50.078962],[14.394944,50.078962],[14.394945,50.07896],[14.395003,50.07882],[14.395219,50.078866],[14.395403,50.078928],[14.395649,50.079031],[14.398618,50.0761]]]}},{"type":"Feature","properties":{"cislo":5034,"kod":26921,"mestskaCast":"praha-5"},"geometry":{"type":"Polygon","coordinates":[[[14.398618,50.0761],[14.398644,50.076111],[14.398747,50.076093],[14.398961,50.075949],[14.399244,50.075747],[14.399398,50.075688],[14.399315,50.075218],[14.400231,50.074101],[14.40037,50.074113],[14.400468,50.073196],[14.400774,50.073214],[14.400807,50.073127],[14.400602,50.072963],[14.399421,50.07255],[14.39954,50.071734],[14.399538,50.071743],[14.398129,50.071999],[14.397624,50.072118],[14.397581,50.072123],[14.397195,50.07228],[14.396134,50.072358],[14.39502,50.072359],[14.394036,50.072344],[14.393496,50.072296],[14.393447,50.072528],[14.393184,50.072504],[14.393159,50.07262],[14.393185,50.072631],[14.393418,50.072661],[14.393339,50.072899],[14.393064,50.072866],[14.392987,50.073095],[14.392878,50.073076],[14.392797,50.073323],[14.39347,50.073537],[14.394057,50.073762],[14.39476,50.074033],[14.395333,50.074256],[14.396002,50.074488],[14.396351,50.074637],[14.397499,50.075465],[14.398618,50.0761]]]}},{"type":"Feature","properties":{"cislo":5035,"kod":26923,"mestskaCast":"praha-5"},"geometry":{"type":"Polygon","coordinates":[[[14.37715,50.078075],[14.377154,50.078076],[14.377161,50.078081],[14.377177,50.078093],[14.37727,50.078119],[14.377966,50.078594],[14.378001,50.078631],[14.378027,50.078697],[14.378327,50.07872],[14.378389,50.078725],[14.379408,50.078846],[14.379734,50.078885],[14.379727,50.078939],[14.379695,50.079192],[14.379692,50.079212],[14.379689,50.079363],[14.379689,50.079367],[14.379689,50.079377],[14.38006,50.07937],[14.380423,50.079334],[14.381777,50.079133],[14.381932,50.079079],[14.381965,50.079067],[14.382248,50.079034],[14.383621,50.078874],[14.384771,50.07872],[14.384771,50.07872],[14.384771,50.078718],[14.384151,50.077139],[14.38364,50.075904],[14.383409,50.075339],[14.383338,50.075342],[14.382954,50.075353],[14.382632,50.075343],[14.382352,50.075336],[14.382087,50.075321],[14.381772,50.075275],[14.381465,50.075193],[14.381101,50.075116],[14.380866,50.075031],[14.380523,50.074983],[14.380158,50.074977],[14.37981,50.075019],[14.379471,50.075089],[14.37913,50.075167],[14.3788,50.075192],[14.377905,50.075222],[14.377268,50.075102],[14.37694,50.075054],[14.376754,50.075001],[14.376558,50.074929],[14.376379,50.074841],[14.37531,50.074238],[14.374355,50.074743],[14.373936,50.075186],[14.374207,50.075301],[14.374374,50.07538],[14.374572,50.075506],[14.374705,50.075609],[14.374799,50.075762],[14.375328,50.076517],[14.375493,50.076668],[14.375773,50.076875],[14.375924,50.077024],[14.376121,50.07716],[14.376321,50.077277],[14.376514,50.077367],[14.376747,50.077461],[14.377035,50.077568],[14.37715,50.078075]]]}},{"type":"Feature","properties":{"cislo":5036,"kod":26925,"mestskaCast":"praha-5"},"geometry":{"type":"Polygon","coordinates":[[[14.368127,50.073798],[14.368243,50.074507],[14.368436,50.074524],[14.369286,50.074246],[14.372376,50.074766],[14.373936,50.075186],[14.374355,50.074743],[14.37531,50.074238],[14.376379,50.074841],[14.376558,50.074929],[14.376754,50.075001],[14.37694,50.075054],[14.377268,50.075102],[14.377905,50.075222],[14.3788,50.075192],[14.37913,50.075167],[14.379471,50.075089],[14.37981,50.075019],[14.380158,50.074977],[14.380523,50.074983],[14.380866,50.075031],[14.381101,50.075116],[14.381465,50.075193],[14.381772,50.075275],[14.382087,50.075321],[14.382352,50.075336],[14.382632,50.075343],[14.382954,50.075353],[14.383338,50.075342],[14.383409,50.075339],[14.383309,50.075149],[14.384421,50.074104],[14.384511,50.074012],[14.384512,50.073876],[14.38447,50.073745],[14.384408,50.07364],[14.384336,50.073515],[14.384165,50.073328],[14.385062,50.07309],[14.384907,50.073021],[14.384648,50.072917],[14.384418,50.072806],[14.384509,50.072578],[14.383484,50.072423],[14.382371,50.071961],[14.381745,50.071724],[14.381531,50.071668],[14.381065,50.072262],[14.380912,50.072448],[14.380729,50.072577],[14.381018,50.072812],[14.381169,50.072961],[14.381241,50.073086],[14.381238,50.073231],[14.381168,50.073361],[14.381078,50.073453],[14.380963,50.073524],[14.380782,50.073581],[14.380646,50.073623],[14.380492,50.073618],[14.3779,50.07288],[14.377285,50.072725],[14.376428,50.072576],[14.375487,50.072429],[14.374682,50.072303],[14.374286,50.07224],[14.37415,50.071693],[14.37401,50.071689],[14.373547,50.071675],[14.373129,50.07172],[14.373087,50.071716],[14.372032,50.071904],[14.372028,50.071985],[14.371269,50.072235],[14.371479,50.072508],[14.371128,50.072631],[14.371218,50.072739],[14.371282,50.072899],[14.371214,50.07302],[14.371068,50.07317],[14.370921,50.07333],[14.370752,50.07346],[14.370502,50.073574],[14.37023,50.073658],[14.369891,50.073728],[14.369658,50.073762],[14.369346,50.073834],[14.36821,50.073805],[14.368127,50.073798]]]}},{"type":"Feature","properties":{"cislo":5037,"kod":26927,"mestskaCast":"praha-5"},"geometry":{"type":"Polygon","coordinates":[[[14.361962,50.078529],[14.363096,50.07863],[14.363884,50.078713],[14.364362,50.078692],[14.364999,50.078759],[14.366161,50.078871],[14.367035,50.078945],[14.367359,50.078915],[14.367434,50.078908],[14.367789,50.078867],[14.368282,50.078922],[14.368685,50.078991],[14.369252,50.079032],[14.369612,50.079019],[14.369749,50.079034],[14.370037,50.079077],[14.370284,50.079149],[14.371485,50.079203],[14.371919,50.079238],[14.372904,50.07926],[14.373015,50.079272],[14.373286,50.079365],[14.373349,50.079332],[14.373486,50.079291],[14.373491,50.079291],[14.373566,50.079295],[14.374014,50.079308],[14.37402,50.079217],[14.373951,50.079201],[14.373572,50.078943],[14.373473,50.0789],[14.373474,50.078893],[14.373436,50.078872],[14.373397,50.078851],[14.373251,50.078773],[14.373247,50.078775],[14.373165,50.078735],[14.373168,50.078733],[14.373082,50.07869],[14.372929,50.078633],[14.372507,50.078479],[14.372496,50.078442],[14.372324,50.078309],[14.371978,50.078231],[14.371381,50.078049],[14.371094,50.078044],[14.371123,50.07804],[14.371674,50.077967],[14.371817,50.077966],[14.371987,50.077996],[14.37257,50.077953],[14.373006,50.077921],[14.373717,50.077835],[14.373916,50.077853],[14.374119,50.077867],[14.374108,50.077749],[14.374278,50.077757],[14.374299,50.077764],[14.374393,50.077795],[14.374394,50.077795],[14.374483,50.077836],[14.374573,50.077877],[14.374663,50.077918],[14.374753,50.077959],[14.374843,50.077999],[14.374933,50.078041],[14.375077,50.078002],[14.375086,50.078001],[14.375127,50.077995],[14.375128,50.078009],[14.375131,50.078032],[14.375133,50.078046],[14.375187,50.078044],[14.375758,50.078054],[14.376207,50.078061],[14.376459,50.078065],[14.37715,50.078075],[14.377035,50.077568],[14.376747,50.077461],[14.376514,50.077367],[14.376321,50.077277],[14.376121,50.07716],[14.375924,50.077024],[14.375773,50.076875],[14.375493,50.076668],[14.375328,50.076517],[14.374799,50.075762],[14.374705,50.075609],[14.374572,50.075506],[14.374374,50.07538],[14.374207,50.075301],[14.373936,50.075186],[14.372376,50.074766],[14.369286,50.074246],[14.368436,50.074524],[14.368243,50.074507],[14.368127,50.073798],[14.367495,50.073787],[14.367284,50.07385],[14.366665,50.073777],[14.366396,50.07378],[14.365885,50.073798],[14.364695,50.073819],[14.364114,50.073767],[14.360691,50.072963],[14.359924,50.075609],[14.359687,50.075597],[14.359349,50.07553],[14.359008,50.075473],[14.358722,50.075429],[14.358564,50.075569],[14.358488,50.075726],[14.35845,50.075968],[14.358321,50.076374],[14.358183,50.076752],[14.358,50.076817],[14.35757,50.076915],[14.35711,50.076956],[14.356677,50.076999],[14.356516,50.077038],[14.356516,50.077038],[14.356516,50.077038],[14.356692,50.077507],[14.356717,50.077647],[14.356729,50.077709],[14.356773,50.077946],[14.356826,50.078142],[14.356881,50.078143],[14.357736,50.078173],[14.35784,50.078177],[14.358407,50.078196],[14.358857,50.078211],[14.358964,50.078215],[14.35902,50.078213],[14.359212,50.078221],[14.359937,50.078249],[14.360544,50.078327],[14.361181,50.078409],[14.361188,50.07841],[14.36165,50.078492],[14.361751,50.07851],[14.361962,50.078529]]]}},{"type":"Feature","properties":{"cislo":5038,"kod":26929,"mestskaCast":"praha-5"},"geometry":{"type":"Polygon","coordinates":[[[14.383409,50.075339],[14.38364,50.075904],[14.384151,50.077139],[14.384771,50.078718],[14.384771,50.07872],[14.384787,50.07872],[14.384919,50.078725],[14.384924,50.078725],[14.386493,50.078533],[14.38759,50.078412],[14.387824,50.078386],[14.387811,50.078299],[14.387774,50.078055],[14.387767,50.078008],[14.387753,50.077916],[14.38775,50.077896],[14.387748,50.077883],[14.388539,50.077832],[14.388831,50.077814],[14.389117,50.077816],[14.38918,50.077816],[14.389372,50.077818],[14.389396,50.077818],[14.389463,50.077819],[14.389728,50.077857],[14.389947,50.077889],[14.39,50.077882],[14.390088,50.077874],[14.390199,50.077857],[14.390546,50.077891],[14.390891,50.077925],[14.39125,50.07796],[14.391472,50.077981],[14.391703,50.078003],[14.39198,50.07803],[14.392226,50.078051],[14.392495,50.078083],[14.392495,50.078083],[14.392496,50.07808],[14.392938,50.077202],[14.393063,50.077213],[14.393193,50.076998],[14.392506,50.076719],[14.390497,50.07596],[14.387701,50.074922],[14.387603,50.073733],[14.388444,50.073363],[14.388397,50.073323],[14.388044,50.073128],[14.387515,50.073026],[14.386863,50.072914],[14.385478,50.072727],[14.384509,50.072578],[14.384418,50.072806],[14.384648,50.072917],[14.384907,50.073021],[14.385062,50.07309],[14.384165,50.073328],[14.384336,50.073515],[14.384408,50.07364],[14.38447,50.073745],[14.384512,50.073876],[14.384511,50.074012],[14.384421,50.074104],[14.383309,50.075149],[14.383409,50.075339]]]}},{"type":"Feature","properties":{"cislo":5039,"kod":26931,"mestskaCast":"praha-5"},"geometry":{"type":"Polygon","coordinates":[[[14.388444,50.073363],[14.388659,50.073546],[14.389279,50.074073],[14.388943,50.073471],[14.389324,50.072615],[14.388812,50.072506],[14.388083,50.072351],[14.387231,50.072184],[14.386372,50.071981],[14.385843,50.071879],[14.38504,50.071744],[14.384316,50.071635],[14.384111,50.071607],[14.383054,50.071078],[14.383042,50.071068],[14.381765,50.070909],[14.381751,50.070907],[14.381531,50.071668],[14.381745,50.071724],[14.382371,50.071961],[14.383484,50.072423],[14.384509,50.072578],[14.385478,50.072727],[14.386863,50.072914],[14.387515,50.073026],[14.388044,50.073128],[14.388397,50.073323],[14.388444,50.073363]]]}},{"type":"Feature","properties":{"cislo":5040,"kod":26933,"mestskaCast":"praha-5"},"geometry":{"type":"Polygon","coordinates":[[[14.381531,50.071668],[14.381751,50.070907],[14.381478,50.070865],[14.380186,50.070692],[14.378009,50.070402],[14.376307,50.070514],[14.37473,50.070374],[14.374132,50.070202],[14.373637,50.070077],[14.373311,50.07002],[14.373087,50.07001],[14.372514,50.069986],[14.372402,50.070112],[14.372276,50.070174],[14.372121,50.070241],[14.371969,50.070291],[14.371827,50.07036],[14.371676,50.07041],[14.371518,50.070424],[14.371372,50.070447],[14.371255,50.070464],[14.371099,50.070468],[14.370979,50.070503],[14.3709,50.070541],[14.370857,50.07061],[14.370873,50.070666],[14.370905,50.070714],[14.370998,50.070741],[14.371081,50.070748],[14.37117,50.070729],[14.371302,50.070704],[14.371427,50.070715],[14.371595,50.070721],[14.371749,50.070726],[14.371895,50.070702],[14.372041,50.070679],[14.372222,50.070623],[14.372648,50.071269],[14.372973,50.071198],[14.373129,50.07172],[14.373547,50.071675],[14.37401,50.071689],[14.37415,50.071693],[14.374286,50.07224],[14.374682,50.072303],[14.375487,50.072429],[14.376428,50.072576],[14.377285,50.072725],[14.3779,50.07288],[14.380492,50.073618],[14.380646,50.073623],[14.380782,50.073581],[14.380963,50.073524],[14.381078,50.073453],[14.381168,50.073361],[14.381238,50.073231],[14.381241,50.073086],[14.381169,50.072961],[14.381018,50.072812],[14.380729,50.072577],[14.380912,50.072448],[14.381065,50.072262],[14.381531,50.071668]]]}},{"type":"Feature","properties":{"cislo":5041,"kod":26935,"mestskaCast":"praha-5"},"geometry":{"type":"Polygon","coordinates":[[[14.376307,50.070514],[14.378009,50.070402],[14.380186,50.070692],[14.380394,50.069934],[14.380489,50.069624],[14.380582,50.068798],[14.380746,50.068494],[14.381133,50.067676],[14.381571,50.066752],[14.381905,50.066247],[14.38213,50.066185],[14.382484,50.06539],[14.380306,50.064434],[14.380325,50.064345],[14.380328,50.064264],[14.380314,50.064199],[14.38026,50.064122],[14.380185,50.064079],[14.380161,50.064058],[14.378781,50.063128],[14.378201,50.063203],[14.377968,50.063237],[14.377793,50.063267],[14.377469,50.063329],[14.37741,50.063278],[14.37732,50.063234],[14.377176,50.063185],[14.377047,50.063128],[14.376776,50.063013],[14.37534,50.06274],[14.374056,50.062481],[14.372863,50.062256],[14.371955,50.062085],[14.371839,50.062428],[14.371664,50.062721],[14.371472,50.062958],[14.371262,50.063149],[14.371099,50.063316],[14.372968,50.063346],[14.373402,50.063357],[14.374096,50.063346],[14.374909,50.063364],[14.37541,50.063727],[14.375719,50.063927],[14.376025,50.064144],[14.376468,50.064447],[14.37668,50.064575],[14.376815,50.064668],[14.376954,50.064744],[14.377118,50.064832],[14.377345,50.064961],[14.377596,50.065101],[14.377773,50.065198],[14.377286,50.065564],[14.377197,50.065646],[14.377044,50.065833],[14.376929,50.065977],[14.376794,50.066146],[14.376651,50.066351],[14.376267,50.066825],[14.375576,50.067681],[14.375011,50.067685],[14.375057,50.067798],[14.375062,50.067907],[14.375025,50.068013],[14.374927,50.068077],[14.374799,50.068147],[14.374574,50.068209],[14.374405,50.068275],[14.374211,50.068322],[14.374062,50.068363],[14.374358,50.068625],[14.374556,50.068752],[14.374767,50.068888],[14.375048,50.069022],[14.375317,50.069083],[14.375657,50.06914],[14.375958,50.069185],[14.376209,50.069262],[14.376307,50.070514]]]}},{"type":"Feature","properties":{"cislo":5042,"kod":26937,"mestskaCast":"praha-5"},"geometry":{"type":"Polygon","coordinates":[[[14.384867,50.071302],[14.384958,50.071011],[14.385002,50.07087],[14.384934,50.070728],[14.384641,50.07032],[14.38483,50.069965],[14.384974,50.069687],[14.38505,50.069531],[14.385055,50.06944],[14.384955,50.06925],[14.384943,50.06924],[14.384134,50.068278],[14.384274,50.068155],[14.384422,50.067986],[14.384581,50.067773],[14.38464,50.067697],[14.381571,50.066752],[14.381133,50.067676],[14.380746,50.068494],[14.380582,50.068798],[14.380489,50.069624],[14.380394,50.069934],[14.380186,50.070692],[14.381478,50.070865],[14.381751,50.070907],[14.381765,50.070909],[14.383042,50.071068],[14.384867,50.071302]]]}},{"type":"Feature","properties":{"cislo":5043,"kod":26939,"mestskaCast":"praha-5"},"geometry":{"type":"Polygon","coordinates":[[[14.368127,50.073798],[14.36821,50.073805],[14.369346,50.073834],[14.369658,50.073762],[14.369891,50.073728],[14.37023,50.073658],[14.370502,50.073574],[14.370752,50.07346],[14.370921,50.07333],[14.371068,50.07317],[14.371214,50.07302],[14.371282,50.072899],[14.371218,50.072739],[14.371128,50.072631],[14.371479,50.072508],[14.371269,50.072235],[14.372028,50.071985],[14.372032,50.071904],[14.373087,50.071716],[14.373129,50.07172],[14.372973,50.071198],[14.372648,50.071269],[14.372222,50.070623],[14.372041,50.070679],[14.371895,50.070702],[14.371749,50.070726],[14.371595,50.070721],[14.371427,50.070715],[14.371302,50.070704],[14.37117,50.070729],[14.371081,50.070748],[14.370998,50.070741],[14.370905,50.070714],[14.370873,50.070666],[14.370857,50.07061],[14.3709,50.070541],[14.370979,50.070503],[14.371099,50.070468],[14.371255,50.070464],[14.371372,50.070447],[14.371518,50.070424],[14.371676,50.07041],[14.371827,50.07036],[14.371969,50.070291],[14.372121,50.070241],[14.372276,50.070174],[14.372402,50.070112],[14.372514,50.069986],[14.371771,50.069965],[14.371744,50.069963],[14.370987,50.069941],[14.370228,50.069928],[14.36955,50.069931],[14.369282,50.069934],[14.368426,50.069912],[14.367537,50.069851],[14.366815,50.069796],[14.364951,50.069676],[14.364131,50.069621],[14.362966,50.069599],[14.361776,50.069556],[14.361381,50.069557],[14.361353,50.069882],[14.361265,50.070228],[14.36118,50.070556],[14.361065,50.070827],[14.360955,50.071144],[14.360857,50.071335],[14.360679,50.071573],[14.360514,50.071749],[14.360352,50.071916],[14.360181,50.072119],[14.36004,50.072252],[14.359883,50.072392],[14.359716,50.072513],[14.359525,50.072678],[14.360691,50.072963],[14.364114,50.073767],[14.364695,50.073819],[14.365885,50.073798],[14.366396,50.07378],[14.366665,50.073777],[14.367284,50.07385],[14.367495,50.073787],[14.368127,50.073798]]]}},{"type":"Feature","properties":{"cislo":5044,"kod":26941,"mestskaCast":"praha-5"},"geometry":{"type":"Polygon","coordinates":[[[14.356516,50.077038],[14.356516,50.077038],[14.356677,50.076999],[14.35711,50.076956],[14.35757,50.076915],[14.358,50.076817],[14.358183,50.076752],[14.358321,50.076374],[14.35845,50.075968],[14.358488,50.075726],[14.358564,50.075569],[14.358722,50.075429],[14.359008,50.075473],[14.359349,50.07553],[14.359687,50.075597],[14.359924,50.075609],[14.360691,50.072963],[14.359525,50.072678],[14.359283,50.072883],[14.358963,50.073127],[14.358703,50.073285],[14.35839,50.07343],[14.358102,50.073522],[14.35779,50.073594],[14.357514,50.073633],[14.357275,50.07363],[14.356735,50.073582],[14.356235,50.073546],[14.35546,50.073477],[14.354527,50.073421],[14.353895,50.07341],[14.353354,50.073435],[14.352673,50.073519],[14.352529,50.073534],[14.352478,50.072785],[14.352611,50.072234],[14.352679,50.071986],[14.352742,50.071492],[14.35271,50.07138],[14.352599,50.071307],[14.352381,50.071269],[14.351288,50.071108],[14.351286,50.071381],[14.350881,50.071363],[14.350653,50.07137],[14.350468,50.07138],[14.350294,50.071401],[14.350164,50.071417],[14.350055,50.071398],[14.350081,50.071473],[14.350155,50.071588],[14.350213,50.071711],[14.350315,50.071829],[14.350371,50.071962],[14.35037,50.072098],[14.350351,50.07225],[14.350277,50.072398],[14.350193,50.072527],[14.350069,50.072643],[14.349884,50.072717],[14.349699,50.072791],[14.349493,50.072827],[14.349296,50.072828],[14.348962,50.072807],[14.348618,50.072767],[14.348191,50.072784],[14.347909,50.072849],[14.347789,50.072884],[14.347684,50.072911],[14.347542,50.07298],[14.34744,50.073062],[14.347379,50.073147],[14.349237,50.073494],[14.349913,50.073627],[14.349554,50.074576],[14.349444,50.074892],[14.349336,50.075064],[14.34905,50.075148],[14.348634,50.075247],[14.348275,50.075342],[14.348022,50.075401],[14.347758,50.07545],[14.347442,50.075476],[14.34697,50.075507],[14.346567,50.075544],[14.346565,50.075551],[14.346565,50.075551],[14.346825,50.075542],[14.347019,50.075548],[14.347127,50.075561],[14.347255,50.075575],[14.347285,50.075579],[14.347515,50.075604],[14.348233,50.075702],[14.348404,50.075754],[14.348595,50.075765],[14.348784,50.075796],[14.3489,50.075818],[14.349099,50.075891],[14.349646,50.076294],[14.350067,50.076512],[14.350273,50.076562],[14.350681,50.076625],[14.350688,50.076587],[14.35157,50.076748],[14.352123,50.076834],[14.352561,50.076919],[14.35317,50.077018],[14.353841,50.077125],[14.354037,50.077154],[14.354149,50.077139],[14.354231,50.077195],[14.354252,50.077209],[14.354446,50.077161],[14.355217,50.077063],[14.355546,50.077044],[14.355707,50.077058],[14.356516,50.077038]]]}},{"type":"Feature","properties":{"cislo":5045,"kod":26943,"mestskaCast":"praha-5"},"geometry":{"type":"Polygon","coordinates":[[[14.350055,50.071398],[14.350164,50.071417],[14.350294,50.071401],[14.350468,50.07138],[14.350653,50.07137],[14.350881,50.071363],[14.351286,50.071381],[14.351288,50.071108],[14.352381,50.071269],[14.352599,50.071307],[14.35271,50.07138],[14.352742,50.071492],[14.352679,50.071986],[14.352611,50.072234],[14.352478,50.072785],[14.352529,50.073534],[14.352673,50.073519],[14.353354,50.073435],[14.353895,50.07341],[14.354527,50.073421],[14.35546,50.073477],[14.356235,50.073546],[14.356735,50.073582],[14.357275,50.07363],[14.357514,50.073633],[14.35779,50.073594],[14.358102,50.073522],[14.35839,50.07343],[14.358703,50.073285],[14.358963,50.073127],[14.359283,50.072883],[14.359525,50.072678],[14.359716,50.072513],[14.359883,50.072392],[14.36004,50.072252],[14.360181,50.072119],[14.360352,50.071916],[14.360514,50.071749],[14.360679,50.071573],[14.360857,50.071335],[14.360955,50.071144],[14.361065,50.070827],[14.36118,50.070556],[14.361265,50.070228],[14.361353,50.069882],[14.361381,50.069557],[14.361126,50.069562],[14.360249,50.069511],[14.359549,50.069485],[14.358928,50.06942],[14.358025,50.069295],[14.35735,50.069153],[14.356725,50.069043],[14.3559,50.068878],[14.354998,50.068743],[14.354389,50.068626],[14.353835,50.068513],[14.3534,50.068437],[14.352627,50.068296],[14.350032,50.068164],[14.34999,50.06895],[14.348947,50.069338],[14.34963,50.070098],[14.349717,50.070151],[14.350373,50.070836],[14.350309,50.070939],[14.350179,50.071082],[14.350038,50.071215],[14.350019,50.071304],[14.350021,50.071359],[14.350041,50.071397],[14.350055,50.071398]]]}},{"type":"Feature","properties":{"cislo":5046,"kod":26945,"mestskaCast":"praha-5"},"geometry":{"type":"Polygon","coordinates":[[[14.347789,50.072884],[14.347909,50.072849],[14.348191,50.072784],[14.348618,50.072767],[14.348962,50.072807],[14.349296,50.072828],[14.349493,50.072827],[14.349699,50.072791],[14.349884,50.072717],[14.350069,50.072643],[14.350193,50.072527],[14.350277,50.072398],[14.350351,50.07225],[14.35037,50.072098],[14.350371,50.071962],[14.350315,50.071829],[14.350213,50.071711],[14.350155,50.071588],[14.350081,50.071473],[14.350055,50.071398],[14.350041,50.071397],[14.350021,50.071359],[14.350019,50.071304],[14.350038,50.071215],[14.350179,50.071082],[14.350309,50.070939],[14.350373,50.070836],[14.349717,50.070151],[14.34963,50.070098],[14.348272,50.069986],[14.348058,50.069994],[14.34796,50.070058],[14.347943,50.070138],[14.347909,50.071016],[14.34688,50.071015],[14.346568,50.07115],[14.347294,50.071905],[14.347308,50.07256],[14.347629,50.072579],[14.347791,50.072612],[14.347813,50.072705],[14.3478,50.072831],[14.347789,50.072884]]]}},{"type":"Feature","properties":{"cislo":5047,"kod":26947,"mestskaCast":"praha-5"},"geometry":{"type":"Polygon","coordinates":[[[14.341937,50.075387],[14.342501,50.075526],[14.34295,50.075629],[14.343307,50.075702],[14.343586,50.075753],[14.343974,50.075814],[14.344334,50.075862],[14.344729,50.075906],[14.345034,50.075937],[14.34543,50.075971],[14.34543,50.075969],[14.345449,50.075874],[14.345389,50.075855],[14.345356,50.07583],[14.345347,50.075799],[14.345363,50.075759],[14.345377,50.07574],[14.345397,50.075727],[14.34542,50.07571],[14.345507,50.075661],[14.34568,50.075596],[14.345797,50.075578],[14.345829,50.075576],[14.346313,50.07556],[14.346565,50.075551],[14.346565,50.075551],[14.346567,50.075544],[14.34697,50.075507],[14.347442,50.075476],[14.347758,50.07545],[14.348022,50.075401],[14.348275,50.075342],[14.348634,50.075247],[14.34905,50.075148],[14.349336,50.075064],[14.349444,50.074892],[14.349554,50.074576],[14.349913,50.073627],[14.349237,50.073494],[14.347379,50.073147],[14.34744,50.073062],[14.347542,50.07298],[14.347684,50.072911],[14.347789,50.072884],[14.3478,50.072831],[14.347813,50.072705],[14.347791,50.072612],[14.347629,50.072579],[14.347308,50.07256],[14.347294,50.071905],[14.346568,50.07115],[14.34688,50.071015],[14.347909,50.071016],[14.347943,50.070138],[14.34796,50.070058],[14.348058,50.069994],[14.348272,50.069986],[14.34963,50.070098],[14.348947,50.069338],[14.34999,50.06895],[14.350032,50.068164],[14.352627,50.068296],[14.3534,50.068437],[14.352729,50.067396],[14.352649,50.066818],[14.352585,50.066522],[14.352408,50.066298],[14.352051,50.066121],[14.351442,50.065939],[14.350369,50.06568],[14.349222,50.065378],[14.348712,50.065124],[14.34783,50.064637],[14.347344,50.064339],[14.346904,50.064027],[14.346645,50.063787],[14.346384,50.063627],[14.345815,50.063386],[14.345298,50.063167],[14.344702,50.062923],[14.344286,50.062759],[14.344098,50.062651],[14.344038,50.062537],[14.344004,50.062434],[14.34407,50.062322],[14.344172,50.062177],[14.344254,50.062057],[14.3439,50.061998],[14.342854,50.061751],[14.341206,50.061349],[14.339674,50.060931],[14.337841,50.060541],[14.335356,50.060291],[14.335354,50.060292],[14.335357,50.060295],[14.335293,50.060325],[14.335105,50.060415],[14.335061,50.060312],[14.335045,50.060321],[14.335024,50.060332],[14.33503,50.060336],[14.334968,50.060369],[14.334885,50.060409],[14.334862,50.060419],[14.334829,50.060435],[14.334691,50.060512],[14.334532,50.060629],[14.334444,50.060697],[14.334402,50.060727],[14.334315,50.060755],[14.334172,50.060795],[14.33407,50.060824],[14.333775,50.060908],[14.333695,50.060929],[14.333628,50.060947],[14.333375,50.061036],[14.33334,50.061048],[14.332852,50.061277],[14.332432,50.061514],[14.331947,50.061693],[14.330983,50.062066],[14.330526,50.062155],[14.330391,50.062181],[14.330112,50.062236],[14.329732,50.06231],[14.328907,50.062352],[14.328393,50.062401],[14.328093,50.062734],[14.327734,50.062903],[14.327314,50.063098],[14.327151,50.063081],[14.326865,50.063052],[14.326798,50.063045],[14.326684,50.063033],[14.326636,50.063028],[14.326586,50.063023],[14.326556,50.06302],[14.326553,50.06302],[14.326541,50.063017],[14.326531,50.063015],[14.326356,50.062975],[14.326147,50.062927],[14.326018,50.062897],[14.325925,50.062876],[14.325882,50.062866],[14.325765,50.06284],[14.325614,50.062815],[14.325343,50.06277],[14.325071,50.062725],[14.325027,50.062718],[14.324974,50.062779],[14.324885,50.062882],[14.324741,50.063048],[14.324599,50.063214],[14.324455,50.06338],[14.324383,50.063463],[14.324312,50.063537],[14.324158,50.063695],[14.324156,50.063697],[14.324101,50.063753],[14.323899,50.06396],[14.323786,50.064076],[14.323737,50.064115],[14.323408,50.064395],[14.323356,50.06444],[14.323349,50.064446],[14.323314,50.06449],[14.323215,50.064615],[14.323114,50.064743],[14.323039,50.064836],[14.322936,50.064918],[14.322925,50.064927],[14.322893,50.064953],[14.322835,50.065002],[14.322834,50.065003],[14.322827,50.06501],[14.322802,50.065032],[14.322793,50.06504],[14.322773,50.065065],[14.32272,50.065132],[14.322702,50.065156],[14.322679,50.065185],[14.322253,50.065143],[14.322249,50.065155],[14.322239,50.065193],[14.322226,50.065239],[14.322218,50.065265],[14.322202,50.065263],[14.322197,50.065263],[14.322047,50.065246],[14.322014,50.065263],[14.321989,50.065275],[14.321764,50.065389],[14.321722,50.065507],[14.321757,50.065575],[14.321811,50.065661],[14.321848,50.065716],[14.32194,50.065851],[14.32211,50.066042],[14.322413,50.066473],[14.322486,50.066538],[14.322542,50.066647],[14.322557,50.066677],[14.322627,50.066811],[14.322753,50.067162],[14.322695,50.067349],[14.322588,50.067853],[14.322514,50.068118],[14.32252,50.0683],[14.322416,50.068473],[14.322444,50.068496],[14.322454,50.068504],[14.322523,50.068503],[14.322534,50.06925],[14.322577,50.069531],[14.322607,50.069722],[14.32261,50.069738],[14.32264,50.069929],[14.322675,50.070152],[14.322803,50.070484],[14.322868,50.070695],[14.322808,50.070965],[14.322537,50.071219],[14.32222,50.071703],[14.322201,50.072182],[14.322083,50.072381],[14.321969,50.072605],[14.32196,50.072627],[14.321843,50.072922],[14.321743,50.073138],[14.321719,50.073408],[14.321723,50.073458],[14.321725,50.073494],[14.321725,50.073495],[14.32207,50.073373],[14.322204,50.073188],[14.322337,50.073102],[14.322456,50.07311],[14.322702,50.073237],[14.323107,50.073284],[14.323308,50.073195],[14.324589,50.07349],[14.324872,50.073741],[14.324915,50.073878],[14.325248,50.073932],[14.325558,50.074038],[14.325493,50.074205],[14.325489,50.074215],[14.32539,50.07447],[14.325787,50.074508],[14.326111,50.074539],[14.326332,50.074559],[14.326427,50.074568],[14.32643,50.074568],[14.326657,50.07459],[14.326887,50.074611],[14.327116,50.074633],[14.327343,50.074655],[14.327571,50.074677],[14.3278,50.074698],[14.328027,50.07472],[14.328254,50.074741],[14.328482,50.074763],[14.32871,50.074784],[14.328938,50.074806],[14.329166,50.074827],[14.329394,50.07485],[14.329575,50.074866],[14.329623,50.07487],[14.329848,50.074892],[14.330078,50.074914],[14.330306,50.074935],[14.330535,50.074957],[14.330762,50.074978],[14.330948,50.074996],[14.330991,50.075],[14.331234,50.075028],[14.331462,50.075055],[14.331514,50.075061],[14.331535,50.075064],[14.33158,50.075069],[14.331689,50.075082],[14.331863,50.075103],[14.331915,50.075109],[14.331962,50.075115],[14.332141,50.075136],[14.332316,50.075157],[14.332368,50.075163],[14.332595,50.075189],[14.332823,50.075216],[14.333049,50.075243],[14.333178,50.075258],[14.333228,50.075264],[14.333276,50.07527],[14.333325,50.075276],[14.333502,50.075297],[14.333729,50.075323],[14.334045,50.075361],[14.33409,50.075366],[14.334131,50.075371],[14.334354,50.075397],[14.334625,50.074456],[14.335136,50.074507],[14.336052,50.074589],[14.337129,50.074775],[14.337803,50.074959],[14.338265,50.075113],[14.338531,50.075127],[14.338498,50.075266],[14.338538,50.075501],[14.339113,50.075641],[14.339831,50.075796],[14.340139,50.075533],[14.340366,50.075302],[14.340409,50.07526],[14.341226,50.075602],[14.341771,50.075337],[14.341937,50.075387]]]}},{"type":"Feature","properties":{"cislo":5048,"kod":26949,"mestskaCast":"praha-5"},"geometry":{"type":"Polygon","coordinates":[[[14.3534,50.068437],[14.353835,50.068513],[14.354389,50.068626],[14.354998,50.068743],[14.3559,50.068878],[14.356725,50.069043],[14.35735,50.069153],[14.358025,50.069295],[14.358928,50.06942],[14.359549,50.069485],[14.360249,50.069511],[14.361126,50.069562],[14.361381,50.069557],[14.361776,50.069556],[14.362966,50.069599],[14.364131,50.069621],[14.364951,50.069676],[14.366815,50.069796],[14.367537,50.069851],[14.368426,50.069912],[14.369282,50.069934],[14.36955,50.069931],[14.369257,50.06887],[14.367956,50.068818],[14.367517,50.068633],[14.36713,50.068463],[14.366895,50.068442],[14.365381,50.068398],[14.364435,50.068404],[14.364155,50.068461],[14.363983,50.068473],[14.363774,50.068463],[14.363339,50.068452],[14.363015,50.06845],[14.362766,50.068428],[14.362773,50.068656],[14.362081,50.06873],[14.361946,50.068764],[14.361717,50.068779],[14.361488,50.068795],[14.361277,50.068795],[14.361055,50.068775],[14.360862,50.068758],[14.36067,50.068731],[14.360415,50.068672],[14.360173,50.068615],[14.359878,50.068543],[14.359698,50.068463],[14.359407,50.068374],[14.35944,50.068286],[14.359202,50.068147],[14.358966,50.067999],[14.358517,50.067859],[14.35816,50.067745],[14.358234,50.067598],[14.358283,50.067502],[14.358276,50.067338],[14.357994,50.06734],[14.357685,50.067331],[14.357441,50.067354],[14.357146,50.067346],[14.356589,50.067315],[14.355998,50.067244],[14.355962,50.06715],[14.355861,50.067096],[14.35556,50.067114],[14.355169,50.067097],[14.354863,50.067079],[14.354175,50.067063],[14.353696,50.067193],[14.353209,50.067295],[14.352729,50.067396],[14.3534,50.068437]]]}},{"type":"Feature","properties":{"cislo":5049,"kod":26951,"mestskaCast":"praha-5"},"geometry":{"type":"Polygon","coordinates":[[[14.36955,50.069931],[14.370228,50.069928],[14.370987,50.069941],[14.371744,50.069963],[14.371766,50.069465],[14.371708,50.069342],[14.371469,50.068613],[14.371661,50.068576],[14.371937,50.068537],[14.372148,50.068474],[14.372341,50.068427],[14.372533,50.06839],[14.372788,50.068385],[14.37209,50.068024],[14.371615,50.067147],[14.371386,50.067162],[14.371262,50.067151],[14.371206,50.067346],[14.371111,50.067392],[14.370966,50.067543],[14.370825,50.067476],[14.370822,50.067621],[14.370884,50.067726],[14.370829,50.067921],[14.370652,50.067887],[14.370457,50.067879],[14.370426,50.068221],[14.366978,50.068186],[14.366972,50.068213],[14.367019,50.068389],[14.36713,50.068463],[14.367517,50.068633],[14.367956,50.068818],[14.369257,50.06887],[14.36955,50.069931]]]}},{"type":"Feature","properties":{"cislo":5050,"kod":26953,"mestskaCast":"praha-5"},"geometry":{"type":"Polygon","coordinates":[[[14.372514,50.069986],[14.373087,50.07001],[14.373311,50.07002],[14.373637,50.070077],[14.374132,50.070202],[14.37473,50.070374],[14.376307,50.070514],[14.376209,50.069262],[14.375958,50.069185],[14.375657,50.06914],[14.375317,50.069083],[14.375048,50.069022],[14.374767,50.068888],[14.374556,50.068752],[14.374358,50.068625],[14.374062,50.068363],[14.373872,50.068391],[14.373676,50.068383],[14.372788,50.068385],[14.372533,50.06839],[14.372341,50.068427],[14.372148,50.068474],[14.371937,50.068537],[14.371661,50.068576],[14.371469,50.068613],[14.371708,50.069342],[14.371766,50.069465],[14.371744,50.069963],[14.371771,50.069965],[14.372514,50.069986]]]}},{"type":"Feature","properties":{"cislo":5051,"kod":26955,"mestskaCast":"praha-5"},"geometry":{"type":"Polygon","coordinates":[[[14.36713,50.068463],[14.367019,50.068389],[14.366972,50.068213],[14.366978,50.068186],[14.366805,50.067481],[14.366462,50.067505],[14.366418,50.066529],[14.366388,50.066472],[14.36633,50.066413],[14.366256,50.066361],[14.366153,50.066315],[14.366021,50.066276],[14.365845,50.066242],[14.365777,50.066227],[14.36576,50.066308],[14.365674,50.066445],[14.36558,50.066555],[14.365454,50.066616],[14.365356,50.06668],[14.365161,50.066735],[14.365013,50.066767],[14.364869,50.066782],[14.364464,50.066827],[14.364002,50.066877],[14.363396,50.066941],[14.363092,50.066978],[14.36275,50.066993],[14.362462,50.067021],[14.362209,50.067017],[14.36183,50.06701],[14.361821,50.066265],[14.36095,50.066251],[14.360558,50.066234],[14.360048,50.06618],[14.359696,50.066112],[14.359305,50.066032],[14.357112,50.065537],[14.35729,50.065172],[14.354978,50.064838],[14.355011,50.064623],[14.355057,50.064537],[14.35512,50.064443],[14.355232,50.06438],[14.355325,50.064343],[14.355437,50.06428],[14.355636,50.064207],[14.355817,50.064151],[14.355989,50.064075],[14.356172,50.06401],[14.356329,50.063933],[14.356402,50.063858],[14.356443,50.063735],[14.356491,50.063639],[14.356578,50.063565],[14.35667,50.063464],[14.356818,50.063369],[14.357044,50.063234],[14.357459,50.063008],[14.35765,50.062907],[14.357179,50.062738],[14.356777,50.062639],[14.35616,50.062557],[14.35554,50.062492],[14.354716,50.062455],[14.353678,50.062426],[14.352361,50.06239],[14.350788,50.062359],[14.349166,50.062296],[14.347485,50.062246],[14.346127,50.062197],[14.344869,50.062148],[14.344254,50.062057],[14.344172,50.062177],[14.34407,50.062322],[14.344004,50.062434],[14.344038,50.062537],[14.344098,50.062651],[14.344286,50.062759],[14.344702,50.062923],[14.345298,50.063167],[14.345815,50.063386],[14.346384,50.063627],[14.346645,50.063787],[14.346904,50.064027],[14.347344,50.064339],[14.34783,50.064637],[14.348712,50.065124],[14.349222,50.065378],[14.350369,50.06568],[14.351442,50.065939],[14.352051,50.066121],[14.352408,50.066298],[14.352585,50.066522],[14.352649,50.066818],[14.352729,50.067396],[14.353209,50.067295],[14.353696,50.067193],[14.354175,50.067063],[14.354863,50.067079],[14.355169,50.067097],[14.35556,50.067114],[14.355861,50.067096],[14.355962,50.06715],[14.355998,50.067244],[14.356589,50.067315],[14.357146,50.067346],[14.357441,50.067354],[14.357685,50.067331],[14.357994,50.06734],[14.358276,50.067338],[14.358283,50.067502],[14.358234,50.067598],[14.35816,50.067745],[14.358517,50.067859],[14.358966,50.067999],[14.359202,50.068147],[14.35944,50.068286],[14.359407,50.068374],[14.359698,50.068463],[14.359878,50.068543],[14.360173,50.068615],[14.360415,50.068672],[14.36067,50.068731],[14.360862,50.068758],[14.361055,50.068775],[14.361277,50.068795],[14.361488,50.068795],[14.361717,50.068779],[14.361946,50.068764],[14.362081,50.06873],[14.362773,50.068656],[14.362766,50.068428],[14.363015,50.06845],[14.363339,50.068452],[14.363774,50.068463],[14.363983,50.068473],[14.364155,50.068461],[14.364435,50.068404],[14.365381,50.068398],[14.366895,50.068442],[14.36713,50.068463]]]}},{"type":"Feature","properties":{"cislo":5052,"kod":26957,"mestskaCast":"praha-5"},"geometry":{"type":"Polygon","coordinates":[[[14.35765,50.062907],[14.357459,50.063008],[14.357044,50.063234],[14.356818,50.063369],[14.35667,50.063464],[14.356578,50.063565],[14.356491,50.063639],[14.356443,50.063735],[14.356402,50.063858],[14.356329,50.063933],[14.356172,50.06401],[14.355989,50.064075],[14.355817,50.064151],[14.355636,50.064207],[14.355437,50.06428],[14.355325,50.064343],[14.355232,50.06438],[14.35512,50.064443],[14.355057,50.064537],[14.355011,50.064623],[14.354978,50.064838],[14.35729,50.065172],[14.357112,50.065537],[14.359305,50.066032],[14.359696,50.066112],[14.360048,50.06618],[14.360558,50.066234],[14.36095,50.066251],[14.361821,50.066265],[14.36183,50.06701],[14.362209,50.067017],[14.362462,50.067021],[14.36275,50.066993],[14.363092,50.066978],[14.363396,50.066941],[14.364002,50.066877],[14.364464,50.066827],[14.364869,50.066782],[14.365013,50.066767],[14.365161,50.066735],[14.365356,50.06668],[14.365454,50.066616],[14.36558,50.066555],[14.365674,50.066445],[14.36576,50.066308],[14.365777,50.066227],[14.365781,50.06621],[14.365787,50.06592],[14.365796,50.065222],[14.365715,50.064352],[14.365352,50.064338],[14.364925,50.064354],[14.364459,50.064422],[14.363952,50.064485],[14.363504,50.064536],[14.363062,50.06456],[14.362487,50.064546],[14.362113,50.064512],[14.361712,50.064476],[14.361251,50.06439],[14.360833,50.064235],[14.360457,50.064147],[14.359954,50.06393],[14.359574,50.063732],[14.359151,50.063531],[14.358623,50.063303],[14.358169,50.063117],[14.35769,50.06292],[14.35765,50.062907]]]}},{"type":"Feature","properties":{"cislo":5053,"kod":26959,"mestskaCast":"praha-5"},"geometry":{"type":"Polygon","coordinates":[[[14.371099,50.063316],[14.371262,50.063149],[14.371472,50.062958],[14.371664,50.062721],[14.371839,50.062428],[14.371955,50.062085],[14.371914,50.062081],[14.371095,50.06189],[14.370256,50.061661],[14.370374,50.061372],[14.370403,50.061239],[14.370294,50.061156],[14.370008,50.06104],[14.369685,50.060902],[14.369317,50.060779],[14.36907,50.060684],[14.368792,50.060469],[14.368652,50.060266],[14.368558,50.060049],[14.368531,50.059847],[14.36859,50.059634],[14.368729,50.059383],[14.36885,50.059149],[14.369123,50.058928],[14.369355,50.058767],[14.369525,50.058564],[14.369702,50.058399],[14.369807,50.058236],[14.36983,50.058065],[14.369596,50.057908],[14.369338,50.057794],[14.369091,50.057763],[14.368816,50.05773],[14.36845,50.057924],[14.368061,50.058162],[14.367315,50.058613],[14.360154,50.059327],[14.361141,50.059851],[14.360631,50.059996],[14.360096,50.060057],[14.359569,50.060146],[14.359042,50.060236],[14.358496,50.060287],[14.357911,50.060316],[14.357022,50.060319],[14.355405,50.060365],[14.355375,50.060571],[14.349851,50.060097],[14.349563,50.060126],[14.349265,50.060135],[14.348782,50.060083],[14.348314,50.060032],[14.347937,50.060017],[14.347431,50.060008],[14.347131,50.060027],[14.346813,50.060062],[14.346543,50.060201],[14.346325,50.060427],[14.346163,50.060594],[14.345995,50.060651],[14.345875,50.060686],[14.34558,50.060614],[14.345311,50.06049],[14.345027,50.060365],[14.344736,50.060276],[14.34447,50.06027],[14.344226,50.060221],[14.343859,50.060225],[14.343565,50.060217],[14.343306,50.060175],[14.343098,50.060093],[14.34284,50.059979],[14.342586,50.059984],[14.342289,50.059985],[14.341487,50.059913],[14.341352,50.059819],[14.339406,50.058774],[14.3394,50.058775],[14.3394,50.058775],[14.3394,50.058776],[14.339379,50.058778],[14.339339,50.058783],[14.339335,50.058784],[14.33933,50.058787],[14.33932,50.058791],[14.339285,50.058805],[14.339201,50.058889],[14.339194,50.058896],[14.339186,50.058927],[14.339128,50.058984],[14.339025,50.059095],[14.33894,50.059204],[14.338838,50.05937],[14.338745,50.059484],[14.338681,50.059627],[14.338591,50.059754],[14.338554,50.059808],[14.338472,50.059929],[14.338319,50.060063],[14.338215,50.060056],[14.338077,50.060047],[14.337909,50.059946],[14.337803,50.059848],[14.337747,50.059773],[14.337568,50.059741],[14.33727,50.059822],[14.337153,50.059922],[14.336997,50.060043],[14.336962,50.060049],[14.336788,50.060081],[14.336433,50.06007],[14.336158,50.060121],[14.33597,50.060129],[14.3356,50.060151],[14.335433,50.060215],[14.335389,50.060231],[14.335338,50.060251],[14.335326,50.060256],[14.335354,50.060292],[14.335356,50.060291],[14.337841,50.060541],[14.339674,50.060931],[14.341206,50.061349],[14.342854,50.061751],[14.3439,50.061998],[14.344254,50.062057],[14.344869,50.062148],[14.346127,50.062197],[14.347485,50.062246],[14.349166,50.062296],[14.350788,50.062359],[14.352361,50.06239],[14.353678,50.062426],[14.354716,50.062455],[14.35554,50.062492],[14.35616,50.062557],[14.356777,50.062639],[14.357179,50.062738],[14.35765,50.062907],[14.35769,50.06292],[14.358169,50.063117],[14.358623,50.063303],[14.359151,50.063531],[14.359574,50.063732],[14.359954,50.06393],[14.360457,50.064147],[14.360833,50.064235],[14.361251,50.06439],[14.361712,50.064476],[14.362113,50.064512],[14.362487,50.064546],[14.363062,50.06456],[14.363504,50.064536],[14.363952,50.064485],[14.364459,50.064422],[14.364925,50.064354],[14.365352,50.064338],[14.365715,50.064352],[14.365796,50.065222],[14.369002,50.065525],[14.36897,50.06535],[14.369128,50.065073],[14.36935,50.064894],[14.369495,50.064743],[14.369646,50.064566],[14.369759,50.064431],[14.369701,50.064244],[14.369601,50.064117],[14.369835,50.064011],[14.370162,50.063868],[14.370481,50.063696],[14.370739,50.063547],[14.371046,50.063365],[14.371099,50.063316]]]}},{"type":"Feature","properties":{"cislo":5054,"kod":26961,"mestskaCast":"praha-5"},"geometry":{"type":"Polygon","coordinates":[[[14.371262,50.067151],[14.371386,50.067162],[14.371615,50.067147],[14.37209,50.068024],[14.372788,50.068385],[14.373676,50.068383],[14.373872,50.068391],[14.374062,50.068363],[14.374211,50.068322],[14.374405,50.068275],[14.374574,50.068209],[14.374799,50.068147],[14.374927,50.068077],[14.375025,50.068013],[14.375062,50.067907],[14.375057,50.067798],[14.375011,50.067685],[14.375576,50.067681],[14.376267,50.066825],[14.376651,50.066351],[14.376794,50.066146],[14.376929,50.065977],[14.377044,50.065833],[14.377197,50.065646],[14.377286,50.065564],[14.377773,50.065198],[14.377596,50.065101],[14.377345,50.064961],[14.377118,50.064832],[14.376954,50.064744],[14.376815,50.064668],[14.37668,50.064575],[14.376468,50.064447],[14.376025,50.064144],[14.375719,50.063927],[14.37541,50.063727],[14.374909,50.063364],[14.374096,50.063346],[14.373402,50.063357],[14.372968,50.063346],[14.371099,50.063316],[14.371046,50.063365],[14.370739,50.063547],[14.370481,50.063696],[14.370162,50.063868],[14.369835,50.064011],[14.369601,50.064117],[14.369701,50.064244],[14.369759,50.064431],[14.369646,50.064566],[14.369495,50.064743],[14.36935,50.064894],[14.369128,50.065073],[14.36897,50.06535],[14.369002,50.065525],[14.369068,50.065613],[14.36915,50.065693],[14.369263,50.065757],[14.369397,50.065787],[14.369518,50.065816],[14.369678,50.065858],[14.369882,50.065894],[14.37006,50.065919],[14.369969,50.06621],[14.370824,50.066631],[14.370822,50.066767],[14.370875,50.066917],[14.370897,50.06701],[14.370913,50.067066],[14.371135,50.067149],[14.371248,50.06715],[14.371262,50.067151]]]}},{"type":"Feature","properties":{"cislo":5055,"kod":26963,"mestskaCast":"praha-5"},"geometry":{"type":"Polygon","coordinates":[[[14.366978,50.068186],[14.370426,50.068221],[14.370457,50.067879],[14.370652,50.067887],[14.370829,50.067921],[14.370884,50.067726],[14.370822,50.067621],[14.370825,50.067476],[14.370966,50.067543],[14.371111,50.067392],[14.371206,50.067346],[14.371262,50.067151],[14.371248,50.06715],[14.371135,50.067149],[14.370913,50.067066],[14.370897,50.06701],[14.370875,50.066917],[14.370822,50.066767],[14.370824,50.066631],[14.369969,50.06621],[14.37006,50.065919],[14.369882,50.065894],[14.369678,50.065858],[14.369518,50.065816],[14.369397,50.065787],[14.369263,50.065757],[14.36915,50.065693],[14.369068,50.065613],[14.369002,50.065525],[14.365796,50.065222],[14.365787,50.06592],[14.365781,50.06621],[14.365777,50.066227],[14.365845,50.066242],[14.366021,50.066276],[14.366153,50.066315],[14.366256,50.066361],[14.36633,50.066413],[14.366388,50.066472],[14.366418,50.066529],[14.366462,50.067505],[14.366805,50.067481],[14.366978,50.068186]]]}},{"type":"Feature","properties":{"cislo":5056,"kod":26965,"mestskaCast":"praha-5"},"geometry":{"type":"Polygon","coordinates":[[[14.389695,50.071214],[14.389803,50.070843],[14.389976,50.070495],[14.390258,50.069903],[14.390219,50.06989],[14.38941,50.069782],[14.388856,50.069669],[14.388442,50.06956],[14.387988,50.06951],[14.386335,50.069391],[14.386001,50.06937],[14.385777,50.069296],[14.385528,50.06921],[14.385298,50.069099],[14.384955,50.06925],[14.385055,50.06944],[14.38505,50.069531],[14.384974,50.069687],[14.38483,50.069965],[14.384641,50.07032],[14.384934,50.070728],[14.385002,50.07087],[14.384958,50.071011],[14.384867,50.071302],[14.388395,50.071752],[14.388603,50.071045],[14.389695,50.071214]]]}},{"type":"Feature","properties":{"cislo":5057,"kod":26967,"mestskaCast":"praha-5"},"geometry":{"type":"Polygon","coordinates":[[[14.383042,50.071068],[14.383054,50.071078],[14.384111,50.071607],[14.384316,50.071635],[14.38504,50.071744],[14.385843,50.071879],[14.386372,50.071981],[14.387231,50.072184],[14.388083,50.072351],[14.388812,50.072506],[14.389324,50.072615],[14.38955,50.071891],[14.389695,50.071214],[14.388603,50.071045],[14.388395,50.071752],[14.384867,50.071302],[14.383042,50.071068]]]}},{"type":"Feature","properties":{"cislo":5058,"kod":26969,"mestskaCast":"praha-5"},"geometry":{"type":"Polygon","coordinates":[[[14.385596,50.06633],[14.385731,50.06616],[14.38595,50.065926],[14.386185,50.06562],[14.386354,50.065426],[14.386692,50.065429],[14.387248,50.06448],[14.386522,50.064116],[14.386052,50.063874],[14.385725,50.063691],[14.385403,50.063481],[14.385032,50.063239],[14.384659,50.063006],[14.384191,50.062692],[14.383885,50.062474],[14.383558,50.062554],[14.383396,50.062585],[14.383218,50.062624],[14.383086,50.062648],[14.382928,50.062662],[14.382814,50.06267],[14.382699,50.062678],[14.382517,50.062671],[14.382421,50.062662],[14.382295,50.062723],[14.382186,50.062768],[14.382062,50.062821],[14.38192,50.06289],[14.381812,50.062935],[14.381694,50.063024],[14.381634,50.063109],[14.381606,50.06317],[14.381566,50.063557],[14.381512,50.063743],[14.381466,50.063957],[14.380368,50.06375],[14.380339,50.063884],[14.380338,50.063956],[14.380398,50.064007],[14.380185,50.064079],[14.38026,50.064122],[14.380314,50.064199],[14.380328,50.064264],[14.380325,50.064345],[14.380306,50.064434],[14.382484,50.06539],[14.38213,50.066185],[14.381905,50.066247],[14.381571,50.066752],[14.38464,50.067697],[14.385279,50.066819],[14.385539,50.066397],[14.385596,50.06633]]]}},{"type":"Feature","properties":{"cislo":5059,"kod":26971,"mestskaCast":"praha-5"},"geometry":{"type":"Polygon","coordinates":[[[14.371955,50.062085],[14.372863,50.062256],[14.374056,50.062481],[14.37534,50.06274],[14.376776,50.063013],[14.377047,50.063128],[14.377176,50.063185],[14.37732,50.063234],[14.37741,50.063278],[14.377469,50.063329],[14.377793,50.063267],[14.377968,50.063237],[14.378201,50.063203],[14.378781,50.063128],[14.380161,50.064058],[14.380185,50.064079],[14.380398,50.064007],[14.380338,50.063956],[14.380339,50.063884],[14.380368,50.06375],[14.381466,50.063957],[14.381512,50.063743],[14.381566,50.063557],[14.381606,50.06317],[14.381634,50.063109],[14.381694,50.063024],[14.381812,50.062935],[14.38192,50.06289],[14.382062,50.062821],[14.382186,50.062768],[14.382295,50.062723],[14.382421,50.062662],[14.382517,50.062671],[14.382699,50.062678],[14.382814,50.06267],[14.382928,50.062662],[14.383086,50.062648],[14.383218,50.062624],[14.383396,50.062585],[14.383558,50.062554],[14.383885,50.062474],[14.383617,50.062278],[14.383593,50.062258],[14.383067,50.061884],[14.382688,50.061615],[14.382366,50.061404],[14.381539,50.060922],[14.381047,50.060652],[14.380427,50.060324],[14.379769,50.060039],[14.379343,50.059856],[14.378792,50.059662],[14.378281,50.05948],[14.377794,50.059319],[14.377159,50.059062],[14.376865,50.058918],[14.376542,50.058781],[14.376281,50.058685],[14.375931,50.058608],[14.375613,50.05858],[14.375221,50.058563],[14.374595,50.058526],[14.374022,50.058502],[14.373613,50.058502],[14.373234,50.058495],[14.373135,50.058496],[14.372513,50.058831],[14.372448,50.05887],[14.372266,50.058799],[14.371989,50.058711],[14.371664,50.058582],[14.371339,50.058454],[14.37104,50.058336],[14.37085,50.058238],[14.370678,50.058122],[14.370564,50.057994],[14.370472,50.057832],[14.370506,50.057672],[14.370561,50.057486],[14.370678,50.057333],[14.370764,50.057195],[14.370793,50.057062],[14.370768,50.056914],[14.370657,50.056841],[14.370465,50.056751],[14.370203,50.056655],[14.369843,50.05656],[14.369626,50.056586],[14.369474,50.056636],[14.369343,50.056787],[14.369251,50.056952],[14.36916,50.057116],[14.369182,50.057272],[14.36932,50.057421],[14.369419,50.057484],[14.36979,50.057526],[14.36983,50.058065],[14.369807,50.058236],[14.369702,50.058399],[14.369525,50.058564],[14.369355,50.058767],[14.369123,50.058928],[14.36885,50.059149],[14.368729,50.059383],[14.36859,50.059634],[14.368531,50.059847],[14.368558,50.060049],[14.368652,50.060266],[14.368792,50.060469],[14.36907,50.060684],[14.369317,50.060779],[14.369685,50.060902],[14.370008,50.06104],[14.370294,50.061156],[14.370403,50.061239],[14.370374,50.061372],[14.370256,50.061661],[14.371095,50.06189],[14.371914,50.062081],[14.371955,50.062085]]]}},{"type":"Feature","properties":{"cislo":5060,"kod":26973,"mestskaCast":"praha-5"},"geometry":{"type":"Polygon","coordinates":[[[14.370465,50.056751],[14.370657,50.056841],[14.370768,50.056914],[14.370793,50.057062],[14.370764,50.057195],[14.370678,50.057333],[14.370561,50.057486],[14.370506,50.057672],[14.370472,50.057832],[14.370564,50.057994],[14.370678,50.058122],[14.37085,50.058238],[14.37104,50.058336],[14.371339,50.058454],[14.371664,50.058582],[14.371989,50.058711],[14.372266,50.058799],[14.372448,50.05887],[14.372513,50.058831],[14.373135,50.058496],[14.373234,50.058495],[14.373613,50.058502],[14.374022,50.058502],[14.374595,50.058526],[14.375221,50.058563],[14.375613,50.05858],[14.375931,50.058608],[14.376281,50.058685],[14.376542,50.058781],[14.376865,50.058918],[14.377159,50.059062],[14.377794,50.059319],[14.378281,50.05948],[14.378792,50.059662],[14.379343,50.059856],[14.379769,50.060039],[14.380427,50.060324],[14.381047,50.060652],[14.381539,50.060922],[14.382366,50.061404],[14.382688,50.061615],[14.383067,50.061884],[14.383593,50.062258],[14.384175,50.061121],[14.385035,50.061124],[14.384509,50.060488],[14.385085,50.05984],[14.385196,50.059714],[14.385335,50.059463],[14.385062,50.05942],[14.385183,50.059313],[14.385027,50.059318],[14.384745,50.05932],[14.384612,50.059281],[14.384464,50.059249],[14.384262,50.059204],[14.381757,50.058791],[14.381848,50.058626],[14.380486,50.058669],[14.380584,50.058541],[14.380698,50.05847],[14.380861,50.05843],[14.381085,50.05844],[14.38141,50.058433],[14.381702,50.058386],[14.382022,50.058342],[14.382253,50.058317],[14.382529,50.058278],[14.382914,50.058195],[14.383198,50.05812],[14.380488,50.057344],[14.380721,50.056983],[14.379587,50.056683],[14.379683,50.056038],[14.379129,50.055925],[14.378364,50.055811],[14.378077,50.055768],[14.377664,50.055722],[14.377054,50.055677],[14.37652,50.055665],[14.37602,50.05563],[14.375497,50.055638],[14.37497,50.055664],[14.374354,50.055709],[14.373584,50.055749],[14.373497,50.055759],[14.37264,50.05581],[14.372714,50.056125],[14.371283,50.056225],[14.371213,50.056219],[14.371185,50.056153],[14.371183,50.056098],[14.371069,50.056169],[14.37097,50.05617],[14.370874,50.056288],[14.370803,50.056355],[14.370729,50.056439],[14.370543,50.056649],[14.370465,50.056751]]]}},{"type":"Feature","properties":{"cislo":5061,"kod":26975,"mestskaCast":"praha-5"},"geometry":{"type":"Polygon","coordinates":[[[14.368816,50.05773],[14.369091,50.057763],[14.369338,50.057794],[14.369596,50.057908],[14.36983,50.058065],[14.36979,50.057526],[14.369419,50.057484],[14.36932,50.057421],[14.369182,50.057272],[14.36916,50.057116],[14.369251,50.056952],[14.369343,50.056787],[14.369474,50.056636],[14.369626,50.056586],[14.369843,50.05656],[14.370203,50.056655],[14.370465,50.056751],[14.370543,50.056649],[14.370729,50.056439],[14.370803,50.056355],[14.370874,50.056288],[14.37097,50.05617],[14.371069,50.056169],[14.371183,50.056098],[14.371185,50.056153],[14.371213,50.056219],[14.371283,50.056225],[14.372714,50.056125],[14.37264,50.05581],[14.372613,50.055808],[14.371847,50.05583],[14.371157,50.055823],[14.369844,50.05577],[14.368425,50.055743],[14.368086,50.054697],[14.367897,50.054135],[14.367722,50.053702],[14.367333,50.052887],[14.367293,50.052747],[14.367307,50.052549],[14.367314,50.052322],[14.367298,50.05213],[14.367236,50.051961],[14.367178,50.051838],[14.367061,50.051792],[14.366711,50.051779],[14.366202,50.051788],[14.365367,50.051804],[14.364687,50.051816],[14.364374,50.051833],[14.364184,50.051862],[14.363953,50.051887],[14.363815,50.051938],[14.363745,50.052004],[14.363726,50.052093],[14.363762,50.052251],[14.363805,50.052445],[14.36386,50.05265],[14.363886,50.052789],[14.363884,50.052797],[14.363898,50.052799],[14.364108,50.053725],[14.364402,50.055176],[14.365109,50.055494],[14.365154,50.055679],[14.365209,50.055947],[14.365303,50.056101],[14.365377,50.056216],[14.365516,50.056356],[14.365679,50.056452],[14.36583,50.056538],[14.366014,50.0566],[14.366121,50.056627],[14.366287,50.056642],[14.366494,50.056661],[14.366751,50.056647],[14.367514,50.056506],[14.367751,50.056455],[14.367905,50.05646],[14.368061,50.056519],[14.368177,50.056638],[14.368433,50.057215],[14.368499,50.057302],[14.36863,50.05735],[14.368778,50.057382],[14.368816,50.05773]]]}},{"type":"Feature","properties":{"cislo":5062,"kod":26977,"mestskaCast":"praha-5"},"geometry":{"type":"Polygon","coordinates":[[[14.3394,50.058775],[14.3394,50.058775],[14.339406,50.058774],[14.341352,50.059819],[14.341487,50.059913],[14.342289,50.059985],[14.342586,50.059984],[14.34284,50.059979],[14.343098,50.060093],[14.343306,50.060175],[14.343565,50.060217],[14.343859,50.060225],[14.344226,50.060221],[14.34447,50.06027],[14.344736,50.060276],[14.345027,50.060365],[14.345311,50.06049],[14.34558,50.060614],[14.345875,50.060686],[14.345995,50.060651],[14.346163,50.060594],[14.346325,50.060427],[14.346543,50.060201],[14.346813,50.060062],[14.347131,50.060027],[14.347431,50.060008],[14.347937,50.060017],[14.348314,50.060032],[14.348782,50.060083],[14.349265,50.060135],[14.349563,50.060126],[14.349851,50.060097],[14.355375,50.060571],[14.355405,50.060365],[14.357022,50.060319],[14.357911,50.060316],[14.358496,50.060287],[14.359042,50.060236],[14.359569,50.060146],[14.360096,50.060057],[14.360631,50.059996],[14.361141,50.059851],[14.360154,50.059327],[14.367315,50.058613],[14.368061,50.058162],[14.36845,50.057924],[14.368816,50.05773],[14.368778,50.057382],[14.36863,50.05735],[14.368499,50.057302],[14.368433,50.057215],[14.368177,50.056638],[14.368061,50.056519],[14.367905,50.05646],[14.367751,50.056455],[14.367514,50.056506],[14.366751,50.056647],[14.366494,50.056661],[14.366287,50.056642],[14.366121,50.056627],[14.366014,50.0566],[14.36583,50.056538],[14.365679,50.056452],[14.365516,50.056356],[14.365377,50.056216],[14.365303,50.056101],[14.365209,50.055947],[14.365154,50.055679],[14.365109,50.055494],[14.364402,50.055176],[14.364108,50.053725],[14.363898,50.052799],[14.363884,50.052797],[14.360235,50.05397],[14.360021,50.053851],[14.359822,50.053724],[14.35908,50.052914],[14.358965,50.052795],[14.358834,50.052747],[14.358366,50.052759],[14.357966,50.052787],[14.357613,50.052856],[14.357287,50.052926],[14.357054,50.052897],[14.356806,50.052802],[14.356464,50.05269],[14.356244,50.052597],[14.35617,50.052482],[14.356088,50.052275],[14.356015,50.052023],[14.355896,50.051858],[14.355777,50.051757],[14.35561,50.051679],[14.355275,50.051531],[14.355159,50.051484],[14.355155,50.051483],[14.355143,50.051497],[14.355156,50.051499],[14.35515,50.051503],[14.355017,50.051586],[14.354732,50.051764],[14.354719,50.051771],[14.354228,50.052073],[14.353939,50.052246],[14.353848,50.0523],[14.353719,50.052377],[14.353522,50.052494],[14.353432,50.052547],[14.353323,50.052613],[14.353202,50.052685],[14.352661,50.052968],[14.352535,50.053034],[14.352464,50.053071],[14.352428,50.05309],[14.352397,50.053106],[14.352332,50.05314],[14.352265,50.053175],[14.352258,50.053179],[14.352204,50.053207],[14.352097,50.053262],[14.351557,50.053546],[14.351475,50.053585],[14.351387,50.053626],[14.351,50.053809],[14.350418,50.054057],[14.349738,50.054236],[14.349604,50.054352],[14.349602,50.054353],[14.349494,50.054447],[14.349491,50.054449],[14.349285,50.054626],[14.349098,50.054787],[14.348747,50.054896],[14.348708,50.054826],[14.348218,50.054984],[14.348286,50.055109],[14.348224,50.055145],[14.348137,50.055167],[14.347722,50.055268],[14.34754,50.055311],[14.347428,50.055337],[14.347366,50.055363],[14.347127,50.05546],[14.346987,50.055501],[14.346833,50.055547],[14.346818,50.055551],[14.346511,50.055658],[14.346498,50.055663],[14.346197,50.055754],[14.346118,50.055777],[14.345921,50.055834],[14.345801,50.055617],[14.345781,50.055622],[14.345649,50.055646],[14.34452,50.055845],[14.344456,50.056142],[14.344354,50.056157],[14.344315,50.056162],[14.344265,50.056169],[14.344216,50.056176],[14.343882,50.056224],[14.343673,50.056252],[14.343599,50.056262],[14.343178,50.056283],[14.343129,50.056287],[14.342913,50.056303],[14.342899,50.056304],[14.342704,50.056304],[14.342539,50.056303],[14.342516,50.056303],[14.34219,50.05629],[14.342183,50.05629],[14.34184,50.056278],[14.341795,50.056277],[14.341777,50.056276],[14.341429,50.056254],[14.341363,50.056203],[14.341031,50.056191],[14.340836,50.056192],[14.34063,50.056189],[14.340403,50.056183],[14.340336,50.05618],[14.340335,50.05618],[14.34012,50.056171],[14.339836,50.056163],[14.339551,50.056155],[14.339301,50.056159],[14.339367,50.056233],[14.339413,50.056484],[14.339478,50.056668],[14.339563,50.056677],[14.339612,50.056827],[14.339504,50.056894],[14.339597,50.057127],[14.339604,50.057127],[14.339634,50.057258],[14.339644,50.057414],[14.339672,50.057589],[14.339684,50.057685],[14.339717,50.057885],[14.339724,50.057988],[14.339724,50.05807],[14.339637,50.058282],[14.339613,50.058331],[14.339606,50.05834],[14.339546,50.058417],[14.339462,50.058477],[14.33942,50.058558],[14.339366,50.058632],[14.339348,50.058671],[14.339332,50.058707],[14.339324,50.058725],[14.339385,50.058718],[14.339386,50.058721],[14.3394,50.058775]]]}},{"type":"Feature","properties":{"cislo":5063,"kod":26979,"mestskaCast":"praha-5"},"geometry":{"type":"Polygon","coordinates":[[[14.37264,50.05581],[14.373497,50.055759],[14.373584,50.055749],[14.373501,50.055678],[14.373361,50.055539],[14.37323,50.055427],[14.37321,50.055126],[14.373298,50.054979],[14.373567,50.054976],[14.374033,50.055036],[14.374389,50.055022],[14.374647,50.054999],[14.374991,50.054976],[14.375195,50.054876],[14.375565,50.054664],[14.375667,50.054582],[14.375673,50.054492],[14.375675,50.05422],[14.376447,50.054234],[14.377251,50.054233],[14.378041,50.054294],[14.378541,50.054329],[14.379136,50.054382],[14.379223,50.054172],[14.379307,50.05398],[14.379404,50.053789],[14.379476,50.05365],[14.379549,50.053575],[14.379869,50.053594],[14.380096,50.053061],[14.381951,50.053153],[14.382115,50.052587],[14.381568,50.052511],[14.381861,50.051539],[14.381125,50.051355],[14.380285,50.051063],[14.380546,50.050569],[14.38076,50.050097],[14.381235,50.047753],[14.383509,50.045958],[14.383556,50.045935],[14.383581,50.045819],[14.383138,50.045126],[14.383079,50.045139],[14.382849,50.045091],[14.382844,50.044918],[14.382843,50.044791],[14.38284,50.044673],[14.382853,50.044547],[14.382961,50.044439],[14.38312,50.044353],[14.383262,50.044284],[14.383398,50.044242],[14.38356,50.044211],[14.383692,50.044186],[14.383857,50.044137],[14.383976,50.044111],[14.384141,50.044063],[14.384269,50.043992],[14.384359,50.043901],[14.384422,50.043806],[14.38436,50.043701],[14.384268,50.043602],[14.384188,50.043513],[14.384121,50.043435],[14.384098,50.043342],[14.384094,50.043232],[14.384276,50.043103],[14.384175,50.042986],[14.384003,50.042734],[14.383855,50.042503],[14.383734,50.042347],[14.383572,50.042115],[14.383446,50.041913],[14.383319,50.041784],[14.383128,50.041622],[14.383074,50.041544],[14.382821,50.041413],[14.382373,50.041137],[14.382095,50.040985],[14.381948,50.040881],[14.381837,50.040808],[14.381668,50.040675],[14.381491,50.040514],[14.381277,50.040395],[14.379996,50.040127],[14.378575,50.038276],[14.378561,50.038275],[14.37499,50.038038],[14.3748,50.038003],[14.374908,50.038748],[14.374669,50.038745],[14.374444,50.038743],[14.37414,50.038716],[14.373901,50.038713],[14.373714,50.038732],[14.373573,50.038729],[14.373382,50.038703],[14.373139,50.038718],[14.372983,50.038722],[14.372833,50.038763],[14.372628,50.038799],[14.372472,50.038803],[14.372273,50.038813],[14.372062,50.038812],[14.3719,50.038843],[14.371791,50.038825],[14.371631,50.038783],[14.37153,50.038729],[14.371462,50.03865],[14.371422,50.038574],[14.371346,50.038603],[14.371137,50.038657],[14.370991,50.038681],[14.370847,50.038695],[14.370707,50.038692],[14.370592,50.0387],[14.370383,50.03869],[14.370171,50.038689],[14.369974,50.03869],[14.369804,50.038693],[14.36965,50.038688],[14.369469,50.038681],[14.369316,50.038668],[14.369168,50.038636],[14.369018,50.038614],[14.368838,50.038598],[14.368676,50.038565],[14.368514,50.038533],[14.368364,50.03851],[14.368219,50.038461],[14.368028,50.038435],[14.367881,50.038395],[14.367729,50.038381],[14.367605,50.03837],[14.367468,50.038349],[14.367318,50.038326],[14.367207,50.038316],[14.36716,50.038276],[14.367045,50.03822],[14.366905,50.038217],[14.366739,50.038202],[14.366571,50.038196],[14.366439,50.038221],[14.366326,50.03822],[14.366223,50.038174],[14.366085,50.038162],[14.365888,50.038162],[14.365614,50.037993],[14.365012,50.038039],[14.364822,50.038004],[14.364613,50.037994],[14.364419,50.037977],[14.3642,50.037948],[14.363963,50.037936],[14.363744,50.037908],[14.363576,50.037902],[14.363483,50.037875],[14.363333,50.037917],[14.363161,50.037929],[14.362988,50.037949],[14.362804,50.037951],[14.362634,50.037954],[14.362437,50.037955],[14.362315,50.037935],[14.362129,50.037945],[14.361977,50.037932],[14.361797,50.037916],[14.361643,50.037911],[14.361375,50.037914],[14.361108,50.037972],[14.360882,50.038043],[14.360642,50.038112],[14.360233,50.037913],[14.35993,50.037749],[14.359691,50.037619],[14.3594,50.03753],[14.359283,50.037419],[14.359155,50.03729],[14.35902,50.037196],[14.35898,50.03712],[14.358916,50.03696],[14.35881,50.036796],[14.358675,50.036639],[14.358521,50.036571],[14.358355,50.036556],[14.35799,50.036614],[14.357821,50.036681],[14.357678,50.036686],[14.357424,50.036691],[14.357206,50.036653],[14.356999,50.036571],[14.35685,50.036476],[14.356669,50.036333],[14.356459,50.036196],[14.356279,50.036053],[14.356001,50.035901],[14.355787,50.035782],[14.355603,50.03572],[14.35536,50.035672],[14.355095,50.035657],[14.354908,50.035677],[14.354742,50.035725],[14.354628,50.035733],[14.35458,50.035693],[14.354422,50.035579],[14.354321,50.035534],[14.354321,50.035534],[14.354326,50.03554],[14.354084,50.035613],[14.353636,50.035551],[14.353519,50.035539],[14.352942,50.035517],[14.352399,50.036793],[14.352747,50.036908],[14.353134,50.036991],[14.353364,50.037127],[14.35341,50.037286],[14.353368,50.037407],[14.353214,50.037519],[14.35295,50.037621],[14.352705,50.037705],[14.352408,50.037804],[14.352283,50.03786],[14.352195,50.037968],[14.352202,50.038085],[14.352341,50.038194],[14.352568,50.03834],[14.352772,50.038445],[14.352851,50.038529],[14.352833,50.038614],[14.352763,50.038714],[14.352594,50.038824],[14.352436,50.038955],[14.35226,50.039094],[14.352077,50.039193],[14.351908,50.039226],[14.351789,50.039254],[14.351757,50.039329],[14.35181,50.039382],[14.351997,50.039417],[14.352211,50.039475],[14.352466,50.039643],[14.352556,50.039825],[14.35261,50.040177],[14.352638,50.040276],[14.352728,50.04038],[14.352878,50.040664],[14.35299,50.040819],[14.353194,50.041001],[14.353386,50.041163],[14.353705,50.041336],[14.354237,50.041644],[14.354614,50.041851],[14.35497,50.042076],[14.355297,50.042288],[14.355419,50.042396],[14.355439,50.042456],[14.355393,50.042519],[14.355303,50.042559],[14.355021,50.042592],[14.354657,50.042627],[14.354194,50.042673],[14.353753,50.042691],[14.353439,50.042721],[14.353288,50.042823],[14.353178,50.042958],[14.353119,50.043156],[14.353116,50.043319],[14.353195,50.043481],[14.353356,50.043785],[14.353617,50.0443],[14.35383,50.044553],[14.353482,50.044883],[14.352868,50.045449],[14.352512,50.045896],[14.352579,50.046309],[14.352789,50.046758],[14.352823,50.046805],[14.352856,50.046875],[14.352581,50.047807],[14.352527,50.047989],[14.352499,50.048084],[14.352434,50.048304],[14.352425,50.048337],[14.352409,50.04839],[14.352378,50.048496],[14.352365,50.048538],[14.352365,50.04854],[14.352374,50.048548],[14.352534,50.048685],[14.352673,50.048802],[14.352712,50.048835],[14.352887,50.048987],[14.352975,50.049064],[14.353078,50.049153],[14.353177,50.049239],[14.353257,50.049307],[14.353417,50.049443],[14.353519,50.049526],[14.353561,50.049559],[14.353593,50.049586],[14.353691,50.049654],[14.353759,50.049694],[14.35379,50.04971],[14.353875,50.049748],[14.353887,50.049753],[14.35401,50.049816],[14.354096,50.049945],[14.354284,50.050121],[14.354345,50.050091],[14.354573,50.050315],[14.354795,50.050541],[14.354851,50.050618],[14.354867,50.050648],[14.354879,50.050678],[14.354891,50.050723],[14.354899,50.050785],[14.354904,50.050839],[14.354904,50.050902],[14.354902,50.050973],[14.354905,50.051054],[14.354919,50.051139],[14.354923,50.051151],[14.35494,50.051208],[14.35497,50.051271],[14.355009,50.051334],[14.355046,50.051379],[14.355094,50.051428],[14.355159,50.051479],[14.355155,50.051483],[14.355159,50.051484],[14.355275,50.051531],[14.35561,50.051679],[14.355777,50.051757],[14.355896,50.051858],[14.356015,50.052023],[14.356088,50.052275],[14.35617,50.052482],[14.356244,50.052597],[14.356464,50.05269],[14.356806,50.052802],[14.357054,50.052897],[14.357287,50.052926],[14.357613,50.052856],[14.357966,50.052787],[14.358366,50.052759],[14.358834,50.052747],[14.358965,50.052795],[14.35908,50.052914],[14.359822,50.053724],[14.360021,50.053851],[14.360235,50.05397],[14.363884,50.052797],[14.363886,50.052789],[14.36386,50.05265],[14.363805,50.052445],[14.363762,50.052251],[14.363726,50.052093],[14.363745,50.052004],[14.363815,50.051938],[14.363953,50.051887],[14.364184,50.051862],[14.364374,50.051833],[14.364687,50.051816],[14.365367,50.051804],[14.366202,50.051788],[14.366711,50.051779],[14.367061,50.051792],[14.367178,50.051838],[14.367236,50.051961],[14.367298,50.05213],[14.367314,50.052322],[14.367307,50.052549],[14.367293,50.052747],[14.367333,50.052887],[14.367722,50.053702],[14.367897,50.054135],[14.368086,50.054697],[14.368425,50.055743],[14.369844,50.05577],[14.371157,50.055823],[14.371847,50.05583],[14.372613,50.055808],[14.37264,50.05581]]]}},{"type":"Feature","properties":{"cislo":5064,"kod":26981,"mestskaCast":"praha-5"},"geometry":{"type":"Polygon","coordinates":[[[14.405452,50.04847],[14.405951,50.048578],[14.406178,50.048571],[14.406312,50.048601],[14.407516,50.048771],[14.407885,50.048759],[14.40807,50.048884],[14.409126,50.048823],[14.409109,50.049693],[14.409501,50.050037],[14.409148,50.051621],[14.409895,50.051224],[14.410443,50.0513],[14.410705,50.05126],[14.411332,50.051161],[14.412731,50.050678],[14.412384,50.05001],[14.412227,50.049624],[14.411766,50.048491],[14.411463,50.047458],[14.410947,50.046326],[14.410225,50.044642],[14.410101,50.044415],[14.409462,50.043241],[14.408557,50.041626],[14.408188,50.041097],[14.40772,50.040429],[14.407045,50.039498],[14.407043,50.039496],[14.407024,50.039469],[14.406909,50.039305],[14.406885,50.03927],[14.406876,50.039257],[14.406874,50.039257],[14.406356,50.039901],[14.406186,50.040104],[14.40604,50.040191],[14.405863,50.040229],[14.405654,50.04022],[14.405421,50.04019],[14.405248,50.040138],[14.404981,50.040006],[14.404572,50.039742],[14.4041,50.039446],[14.40357,50.039091],[14.403006,50.038696],[14.402323,50.0382],[14.401799,50.037817],[14.401085,50.0374],[14.40039,50.037029],[14.400163,50.0373],[14.399359,50.036974],[14.399097,50.036878],[14.398872,50.036813],[14.398658,50.036758],[14.398379,50.036678],[14.398176,50.036642],[14.398008,50.036636],[14.397909,50.036637],[14.397893,50.036644],[14.397988,50.036662],[14.39822,50.036764],[14.398416,50.0369],[14.39868,50.03705],[14.398956,50.037211],[14.39916,50.03731],[14.399729,50.037615],[14.399114,50.037461],[14.398831,50.037463],[14.398575,50.037476],[14.398326,50.037518],[14.397938,50.037556],[14.397565,50.03765],[14.397149,50.037749],[14.396917,50.037846],[14.396551,50.037977],[14.396305,50.038137],[14.39614,50.038249],[14.396197,50.038381],[14.396805,50.038372],[14.397154,50.038385],[14.39764,50.038419],[14.398022,50.03848],[14.398354,50.038573],[14.398714,50.038669],[14.399031,50.038769],[14.399308,50.038858],[14.399553,50.038961],[14.399755,50.03907],[14.399982,50.039199],[14.400221,50.039329],[14.400469,50.039487],[14.40068,50.039624],[14.400833,50.039764],[14.401006,50.039943],[14.401151,50.040119],[14.401294,50.040241],[14.40139,50.040386],[14.401506,50.040569],[14.401636,50.040752],[14.40175,50.040944],[14.401892,50.041138],[14.402053,50.04137],[14.402203,50.041592],[14.402355,50.041806],[14.402453,50.042005],[14.40259,50.042153],[14.402752,50.042322],[14.402893,50.042452],[14.403074,50.042596],[14.403323,50.042745],[14.403613,50.042907],[14.403908,50.043042],[14.404255,50.0432],[14.404636,50.043397],[14.404984,50.043546],[14.405301,50.04371],[14.405615,50.043892],[14.405859,50.044068],[14.406163,50.044295],[14.406362,50.044485],[14.406563,50.04473],[14.406695,50.044968],[14.406821,50.04517],[14.406909,50.04535],[14.406949,50.045626],[14.407018,50.045832],[14.407049,50.046016],[14.406693,50.045966],[14.406582,50.045957],[14.406049,50.045882],[14.406062,50.046019],[14.405973,50.046039],[14.405109,50.045926],[14.404646,50.045848],[14.404304,50.0458],[14.403833,50.046421],[14.403972,50.046496],[14.404145,50.046612],[14.404327,50.046746],[14.404441,50.046874],[14.404558,50.046984],[14.404718,50.047162],[14.404851,50.047328],[14.404945,50.047481],[14.405095,50.047703],[14.405277,50.047974],[14.405369,50.0482],[14.405434,50.04836],[14.405452,50.04847]]]}},{"type":"Feature","properties":{"cislo":5065,"kod":26983,"mestskaCast":"praha-5"},"geometry":{"type":"Polygon","coordinates":[[[14.404455,50.048454],[14.404469,50.048456],[14.404587,50.04843],[14.404871,50.048419],[14.40511,50.048422],[14.405306,50.04843],[14.405439,50.048469],[14.405452,50.04847],[14.405434,50.04836],[14.405369,50.0482],[14.405277,50.047974],[14.405095,50.047703],[14.404945,50.047481],[14.404851,50.047328],[14.404718,50.047162],[14.404558,50.046984],[14.404441,50.046874],[14.404327,50.046746],[14.404145,50.046612],[14.403972,50.046496],[14.403833,50.046421],[14.404304,50.0458],[14.404646,50.045848],[14.405109,50.045926],[14.405973,50.046039],[14.406062,50.046019],[14.406049,50.045882],[14.406582,50.045957],[14.406693,50.045966],[14.407049,50.046016],[14.407018,50.045832],[14.406949,50.045626],[14.406909,50.04535],[14.406821,50.04517],[14.406695,50.044968],[14.406563,50.04473],[14.406362,50.044485],[14.406163,50.044295],[14.405859,50.044068],[14.405615,50.043892],[14.405301,50.04371],[14.404984,50.043546],[14.404636,50.043397],[14.404255,50.0432],[14.403908,50.043042],[14.403613,50.042907],[14.403323,50.042745],[14.403074,50.042596],[14.402893,50.042452],[14.402752,50.042322],[14.40259,50.042153],[14.402453,50.042005],[14.402355,50.041806],[14.402203,50.041592],[14.402053,50.04137],[14.401892,50.041138],[14.40175,50.040944],[14.401636,50.040752],[14.401506,50.040569],[14.40139,50.040386],[14.401294,50.040241],[14.401151,50.040119],[14.401006,50.039943],[14.400833,50.039764],[14.40068,50.039624],[14.400469,50.039487],[14.400221,50.039329],[14.399982,50.039199],[14.399755,50.03907],[14.399553,50.038961],[14.399308,50.038858],[14.399031,50.038769],[14.398714,50.038669],[14.398354,50.038573],[14.398022,50.03848],[14.39764,50.038419],[14.397154,50.038385],[14.396805,50.038372],[14.396197,50.038381],[14.39614,50.038249],[14.396305,50.038137],[14.396551,50.037977],[14.396917,50.037846],[14.397149,50.037749],[14.397565,50.03765],[14.397938,50.037556],[14.398326,50.037518],[14.398575,50.037476],[14.398831,50.037463],[14.399114,50.037461],[14.399729,50.037615],[14.39916,50.03731],[14.398956,50.037211],[14.39868,50.03705],[14.398416,50.0369],[14.39822,50.036764],[14.397988,50.036662],[14.397893,50.036644],[14.397761,50.036605],[14.397528,50.036576],[14.397316,50.036575],[14.397044,50.036596],[14.396821,50.036649],[14.396595,50.03672],[14.396388,50.036765],[14.396207,50.036821],[14.396055,50.036871],[14.395807,50.036976],[14.395611,50.037104],[14.395424,50.037251],[14.395365,50.037327],[14.395252,50.037462],[14.395198,50.037585],[14.395177,50.037746],[14.395158,50.037899],[14.395798,50.0384],[14.395557,50.038406],[14.394777,50.038428],[14.394853,50.038534],[14.394878,50.038618],[14.394884,50.038719],[14.394875,50.038827],[14.394838,50.038932],[14.394804,50.039029],[14.394743,50.039115],[14.394653,50.039206],[14.394563,50.039298],[14.394443,50.039396],[14.394304,50.03952],[14.39417,50.039617],[14.394031,50.039741],[14.393823,50.039922],[14.39433,50.040185],[14.393881,50.040245],[14.393956,50.040488],[14.393595,50.040655],[14.393465,50.040608],[14.393319,50.040631],[14.39311,50.040685],[14.392824,50.040768],[14.39297,50.041008],[14.392846,50.041061],[14.392669,50.041099],[14.39249,50.041147],[14.392239,50.041197],[14.391933,50.041243],[14.391576,50.041266],[14.391323,50.041261],[14.390956,50.041265],[14.390595,50.041242],[14.38989,50.04098],[14.389512,50.040901],[14.388949,50.040769],[14.388642,50.040687],[14.388533,50.040605],[14.388495,50.04052],[14.388502,50.04042],[14.387727,50.040288],[14.38768,50.040375],[14.387536,50.040389],[14.387342,50.040372],[14.387168,50.040329],[14.387002,50.040314],[14.387065,50.04002],[14.387107,50.040024],[14.387135,50.040027],[14.38714,50.04],[14.387099,50.039996],[14.387107,50.039961],[14.387205,50.03996],[14.387209,50.039942],[14.387213,50.039925],[14.387205,50.039897],[14.387136,50.039891],[14.387151,50.039819],[14.387001,50.039797],[14.386963,50.039839],[14.386892,50.039842],[14.386849,50.039847],[14.386775,50.039731],[14.386566,50.039722],[14.386338,50.039665],[14.386097,50.039608],[14.385957,50.039604],[14.385872,50.039606],[14.385724,50.039574],[14.385659,50.039151],[14.3856,50.038837],[14.385549,50.038678],[14.385534,50.038486],[14.385483,50.038264],[14.385364,50.038226],[14.385285,50.038201],[14.38475,50.038135],[14.384151,50.0383],[14.384121,50.038306],[14.38318,50.038359],[14.383168,50.038149],[14.382768,50.038177],[14.382399,50.038189],[14.38213,50.038193],[14.381976,50.038188],[14.381836,50.038185],[14.381556,50.038178],[14.381301,50.038183],[14.380877,50.03819],[14.380729,50.038286],[14.380531,50.038423],[14.380371,50.038508],[14.380224,50.038604],[14.380076,50.038636],[14.379956,50.038671],[14.379794,50.038702],[14.379623,50.038714],[14.3794,50.038703],[14.379225,50.03866],[14.379031,50.03858],[14.378918,50.038515],[14.378797,50.038423],[14.378575,50.038276],[14.379996,50.040127],[14.381277,50.040395],[14.381491,50.040514],[14.381668,50.040675],[14.381837,50.040808],[14.381948,50.040881],[14.382095,50.040985],[14.382373,50.041137],[14.382821,50.041413],[14.383074,50.041544],[14.383128,50.041622],[14.383319,50.041784],[14.383446,50.041913],[14.383572,50.042115],[14.383734,50.042347],[14.383855,50.042503],[14.384003,50.042734],[14.384175,50.042986],[14.384276,50.043103],[14.384094,50.043232],[14.384098,50.043342],[14.384121,50.043435],[14.384188,50.043513],[14.384268,50.043602],[14.38436,50.043701],[14.384422,50.043806],[14.384359,50.043901],[14.384269,50.043992],[14.384141,50.044063],[14.383976,50.044111],[14.383857,50.044137],[14.383692,50.044186],[14.38356,50.044211],[14.383398,50.044242],[14.383262,50.044284],[14.38312,50.044353],[14.382961,50.044439],[14.382853,50.044547],[14.38284,50.044673],[14.382843,50.044791],[14.382844,50.044918],[14.382849,50.045091],[14.383079,50.045139],[14.383138,50.045126],[14.383181,50.045121],[14.383453,50.0451],[14.383773,50.045056],[14.38402,50.045023],[14.384941,50.045132],[14.385252,50.045323],[14.386623,50.045636],[14.387175,50.045558],[14.388275,50.045556],[14.388876,50.045446],[14.389607,50.04552],[14.39035,50.045604],[14.390679,50.045651],[14.392739,50.046034],[14.393225,50.046132],[14.394038,50.046222],[14.394241,50.046259],[14.394607,50.046327],[14.394892,50.04638],[14.396062,50.046575],[14.396381,50.046666],[14.396684,50.046766],[14.397228,50.046923],[14.397493,50.047001],[14.397929,50.04714],[14.398152,50.047214],[14.398362,50.047287],[14.398475,50.047352],[14.39877,50.047487],[14.399044,50.047593],[14.399281,50.047668],[14.399223,50.047545],[14.399884,50.047685],[14.400089,50.047713],[14.402591,50.047944],[14.402576,50.048015],[14.402962,50.048122],[14.403296,50.048206],[14.403563,50.048275],[14.403899,50.048351],[14.404239,50.048408],[14.404455,50.048454]]]}},{"type":"Feature","properties":{"cislo":5066,"kod":26985,"mestskaCast":"praha-5"},"geometry":{"type":"Polygon","coordinates":[[[14.406876,50.039257],[14.406875,50.039256],[14.406774,50.039112],[14.406751,50.039079],[14.406036,50.038061],[14.405124,50.036852],[14.40421,50.03574],[14.403075,50.034393],[14.402104,50.033249],[14.401084,50.032043],[14.399994,50.030962],[14.399728,50.031054],[14.399698,50.031064],[14.399639,50.031084],[14.399238,50.031223],[14.399151,50.031253],[14.399047,50.031301],[14.399014,50.031317],[14.398913,50.03137],[14.398891,50.031377],[14.398711,50.031322],[14.397804,50.030856],[14.397605,50.03077],[14.397176,50.030628],[14.397022,50.030554],[14.396756,50.030468],[14.3964,50.030353],[14.39602,50.030224],[14.395933,50.030179],[14.395881,50.030152],[14.395716,50.030107],[14.395516,50.030053],[14.395396,50.03002],[14.39501,50.02996],[14.394941,50.029937],[14.394856,50.029899],[14.394651,50.029726],[14.394643,50.029716],[14.394598,50.029656],[14.394553,50.029632],[14.394512,50.029609],[14.394406,50.029592],[14.394408,50.029538],[14.394134,50.029512],[14.393906,50.029483],[14.393575,50.029442],[14.393444,50.029393],[14.393336,50.029351],[14.393127,50.029149],[14.39311,50.029127],[14.393248,50.028951],[14.392548,50.028512],[14.392485,50.028576],[14.392303,50.028477],[14.392183,50.028416],[14.390615,50.027615],[14.390521,50.027303],[14.390257,50.027077],[14.389823,50.026963],[14.389367,50.02703],[14.388993,50.027216],[14.388805,50.027409],[14.388769,50.027404],[14.38875,50.027435],[14.388675,50.027418],[14.387626,50.027281],[14.385773,50.027076],[14.38471,50.026892],[14.38385,50.026675],[14.383467,50.026631],[14.382494,50.026612],[14.382478,50.026649],[14.38241,50.0268],[14.382201,50.027054],[14.382058,50.027162],[14.381839,50.027273],[14.381636,50.027421],[14.381242,50.027773],[14.381021,50.028005],[14.380969,50.028063],[14.380491,50.028595],[14.379863,50.029168],[14.379807,50.029163],[14.379699,50.029153],[14.37966,50.02915],[14.379159,50.02905],[14.379159,50.02905],[14.379463,50.029215],[14.379971,50.029702],[14.380286,50.030125],[14.380578,50.030493],[14.380804,50.03083],[14.38104,50.031114],[14.381431,50.031669],[14.381502,50.031792],[14.3815,50.031801],[14.385787,50.032836],[14.386044,50.033413],[14.385481,50.033544],[14.384864,50.033725],[14.383808,50.033985],[14.384692,50.035316],[14.384231,50.035493],[14.384315,50.035564],[14.384408,50.035654],[14.384559,50.03574],[14.384672,50.035805],[14.384687,50.035797],[14.384912,50.035935],[14.385169,50.036049],[14.385444,50.036146],[14.385816,50.036251],[14.386182,50.03632],[14.386539,50.036361],[14.386846,50.036379],[14.387284,50.036373],[14.387672,50.036335],[14.389209,50.036136],[14.390822,50.035907],[14.392155,50.035735],[14.393468,50.035661],[14.394299,50.035662],[14.395563,50.035747],[14.396373,50.035847],[14.397134,50.035978],[14.398206,50.036236],[14.399603,50.036687],[14.399359,50.036974],[14.400163,50.0373],[14.40039,50.037029],[14.401085,50.0374],[14.401799,50.037817],[14.402323,50.0382],[14.403006,50.038696],[14.40357,50.039091],[14.4041,50.039446],[14.404572,50.039742],[14.404981,50.040006],[14.405248,50.040138],[14.405421,50.04019],[14.405654,50.04022],[14.405863,50.040229],[14.40604,50.040191],[14.406186,50.040104],[14.406356,50.039901],[14.406874,50.039257],[14.406876,50.039257]]]}},{"type":"Feature","properties":{"cislo":5067,"kod":26987,"mestskaCast":"praha-5"},"geometry":{"type":"Polygon","coordinates":[[[14.397893,50.036644],[14.397909,50.036637],[14.398008,50.036636],[14.398176,50.036642],[14.398379,50.036678],[14.398658,50.036758],[14.398872,50.036813],[14.399097,50.036878],[14.399359,50.036974],[14.399603,50.036687],[14.398206,50.036236],[14.397134,50.035978],[14.396373,50.035847],[14.395563,50.035747],[14.394299,50.035662],[14.393468,50.035661],[14.392155,50.035735],[14.390822,50.035907],[14.389209,50.036136],[14.387672,50.036335],[14.387284,50.036373],[14.386846,50.036379],[14.386539,50.036361],[14.386182,50.03632],[14.385816,50.036251],[14.385444,50.036146],[14.385169,50.036049],[14.384912,50.035935],[14.384687,50.035797],[14.384672,50.035805],[14.384104,50.036417],[14.383698,50.036862],[14.383418,50.037118],[14.383366,50.037295],[14.383229,50.037274],[14.38318,50.037506],[14.383359,50.037522],[14.383315,50.037726],[14.384272,50.037603],[14.384281,50.037694],[14.38424,50.037818],[14.384294,50.037895],[14.384324,50.038016],[14.384297,50.038077],[14.384215,50.038197],[14.384151,50.0383],[14.38475,50.038135],[14.385285,50.038201],[14.385364,50.038226],[14.385483,50.038264],[14.385534,50.038486],[14.385549,50.038678],[14.3856,50.038837],[14.385659,50.039151],[14.385724,50.039574],[14.385872,50.039606],[14.385957,50.039604],[14.386097,50.039608],[14.386338,50.039665],[14.386566,50.039722],[14.386775,50.039731],[14.386849,50.039847],[14.386892,50.039842],[14.386963,50.039839],[14.387001,50.039797],[14.387151,50.039819],[14.387136,50.039891],[14.387205,50.039897],[14.387213,50.039925],[14.387209,50.039942],[14.387205,50.03996],[14.387107,50.039961],[14.387099,50.039996],[14.38714,50.04],[14.387135,50.040027],[14.387107,50.040024],[14.387065,50.04002],[14.387002,50.040314],[14.387168,50.040329],[14.387342,50.040372],[14.387536,50.040389],[14.38768,50.040375],[14.387727,50.040288],[14.388502,50.04042],[14.388495,50.04052],[14.388533,50.040605],[14.388642,50.040687],[14.388949,50.040769],[14.389512,50.040901],[14.38989,50.04098],[14.390595,50.041242],[14.390956,50.041265],[14.391323,50.041261],[14.391576,50.041266],[14.391933,50.041243],[14.392239,50.041197],[14.39249,50.041147],[14.392669,50.041099],[14.392846,50.041061],[14.39297,50.041008],[14.392824,50.040768],[14.39311,50.040685],[14.393319,50.040631],[14.393465,50.040608],[14.393595,50.040655],[14.393956,50.040488],[14.393881,50.040245],[14.39433,50.040185],[14.393823,50.039922],[14.394031,50.039741],[14.39417,50.039617],[14.394304,50.03952],[14.394443,50.039396],[14.394563,50.039298],[14.394653,50.039206],[14.394743,50.039115],[14.394804,50.039029],[14.394838,50.038932],[14.394875,50.038827],[14.394884,50.038719],[14.394878,50.038618],[14.394853,50.038534],[14.394777,50.038428],[14.395557,50.038406],[14.395798,50.0384],[14.395158,50.037899],[14.395177,50.037746],[14.395198,50.037585],[14.395252,50.037462],[14.395365,50.037327],[14.395424,50.037251],[14.395611,50.037104],[14.395807,50.036976],[14.396055,50.036871],[14.396207,50.036821],[14.396388,50.036765],[14.396595,50.03672],[14.396821,50.036649],[14.397044,50.036596],[14.397316,50.036575],[14.397528,50.036576],[14.397761,50.036605],[14.397893,50.036644]]]}},{"type":"Feature","properties":{"cislo":5068,"kod":26989,"mestskaCast":"praha-5"},"geometry":{"type":"Polygon","coordinates":[[[14.381976,50.038188],[14.38213,50.038193],[14.382399,50.038189],[14.382768,50.038177],[14.383168,50.038149],[14.38318,50.038359],[14.384121,50.038306],[14.384151,50.0383],[14.384215,50.038197],[14.384297,50.038077],[14.384324,50.038016],[14.384294,50.037895],[14.38424,50.037818],[14.384281,50.037694],[14.384272,50.037603],[14.383315,50.037726],[14.383359,50.037522],[14.38318,50.037506],[14.383229,50.037274],[14.383366,50.037295],[14.383418,50.037118],[14.383698,50.036862],[14.384104,50.036417],[14.38343,50.036139],[14.383091,50.036472],[14.38184,50.035998],[14.380679,50.037274],[14.38149,50.037564],[14.382042,50.037749],[14.381976,50.038188]]]}},{"type":"Feature","properties":{"cislo":5069,"kod":26991,"mestskaCast":"praha-5"},"geometry":{"type":"Polygon","coordinates":[[[14.384104,50.036417],[14.384672,50.035805],[14.384559,50.03574],[14.384408,50.035654],[14.384315,50.035564],[14.384231,50.035493],[14.384692,50.035316],[14.383808,50.033985],[14.383169,50.034137],[14.382948,50.033854],[14.3815,50.034234],[14.381017,50.033592],[14.380464,50.033742],[14.380891,50.034379],[14.379967,50.034615],[14.380062,50.034759],[14.380361,50.03514],[14.38061,50.035425],[14.38083,50.035581],[14.381139,50.035717],[14.381448,50.035854],[14.38184,50.035998],[14.383091,50.036472],[14.38343,50.036139],[14.384104,50.036417]]]}},{"type":"Feature","properties":{"cislo":5070,"kod":26993,"mestskaCast":"praha-5"},"geometry":{"type":"Polygon","coordinates":[[[14.379967,50.034615],[14.380891,50.034379],[14.380464,50.033742],[14.381017,50.033592],[14.3815,50.034234],[14.382948,50.033854],[14.383169,50.034137],[14.383808,50.033985],[14.384864,50.033725],[14.385481,50.033544],[14.386044,50.033413],[14.385787,50.032836],[14.3815,50.031801],[14.381488,50.031791],[14.381189,50.031873],[14.380805,50.032021],[14.38047,50.032136],[14.380037,50.032252],[14.379692,50.032348],[14.379132,50.032462],[14.378974,50.032411],[14.379019,50.032334],[14.377463,50.031705],[14.376748,50.031424],[14.376029,50.03116],[14.375669,50.031001],[14.375041,50.030709],[14.374861,50.030629],[14.373784,50.03184],[14.374831,50.032215],[14.374474,50.032628],[14.37561,50.033047],[14.376155,50.032415],[14.376309,50.03222],[14.377863,50.032794],[14.378477,50.033021],[14.378792,50.033194],[14.379028,50.033406],[14.379179,50.033555],[14.379458,50.033834],[14.379651,50.034115],[14.379859,50.03446],[14.379967,50.034615]]]}},{"type":"Feature","properties":{"cislo":5071,"kod":26995,"mestskaCast":"praha-5"},"geometry":{"type":"Polygon","coordinates":[[[14.380679,50.037274],[14.38184,50.035998],[14.381448,50.035854],[14.381139,50.035717],[14.38083,50.035581],[14.38061,50.035425],[14.380361,50.03514],[14.380062,50.034759],[14.379967,50.034615],[14.378258,50.035025],[14.377452,50.035235],[14.378289,50.036589],[14.37835,50.036567],[14.379393,50.03637],[14.380303,50.036723],[14.380538,50.036681],[14.380196,50.037095],[14.380679,50.037274]]]}},{"type":"Feature","properties":{"cislo":5072,"kod":26997,"mestskaCast":"praha-5"},"geometry":{"type":"Polygon","coordinates":[[[14.374354,50.036012],[14.374859,50.035894],[14.375273,50.036657],[14.375629,50.037296],[14.37733,50.036921],[14.377529,50.036848],[14.37797,50.036697],[14.378289,50.036589],[14.377452,50.035235],[14.376228,50.035553],[14.37598,50.035131],[14.37559,50.035178],[14.374634,50.035102],[14.374524,50.035546],[14.374164,50.03565],[14.374354,50.036012]]]}},{"type":"Feature","properties":{"cislo":5073,"kod":26999,"mestskaCast":"praha-5"},"geometry":{"type":"Polygon","coordinates":[[[14.381976,50.038188],[14.382042,50.037749],[14.38149,50.037564],[14.380679,50.037274],[14.380196,50.037095],[14.380538,50.036681],[14.380303,50.036723],[14.379393,50.03637],[14.37835,50.036567],[14.378289,50.036589],[14.37797,50.036697],[14.377529,50.036848],[14.37733,50.036921],[14.375629,50.037296],[14.375273,50.036657],[14.374859,50.035894],[14.374354,50.036012],[14.373108,50.0363],[14.372693,50.036463],[14.372819,50.036729],[14.373096,50.036817],[14.373572,50.037685],[14.374761,50.037464],[14.3748,50.038003],[14.37499,50.038038],[14.378561,50.038275],[14.378575,50.038276],[14.378797,50.038423],[14.378918,50.038515],[14.379031,50.03858],[14.379225,50.03866],[14.3794,50.038703],[14.379623,50.038714],[14.379794,50.038702],[14.379956,50.038671],[14.380076,50.038636],[14.380224,50.038604],[14.380371,50.038508],[14.380531,50.038423],[14.380729,50.038286],[14.380877,50.03819],[14.381301,50.038183],[14.381556,50.038178],[14.381836,50.038185],[14.381976,50.038188]]]}},{"type":"Feature","properties":{"cislo":5074,"kod":27001,"mestskaCast":"praha-5"},"geometry":{"type":"Polygon","coordinates":[[[14.354321,50.035534],[14.354321,50.035534],[14.354422,50.035579],[14.35458,50.035693],[14.354628,50.035733],[14.354742,50.035725],[14.354908,50.035677],[14.355095,50.035657],[14.35536,50.035672],[14.355603,50.03572],[14.355787,50.035782],[14.356001,50.035901],[14.356279,50.036053],[14.356459,50.036196],[14.356669,50.036333],[14.35685,50.036476],[14.356999,50.036571],[14.357206,50.036653],[14.357424,50.036691],[14.357678,50.036686],[14.357821,50.036681],[14.35799,50.036614],[14.358355,50.036556],[14.358521,50.036571],[14.358675,50.036639],[14.35881,50.036796],[14.358916,50.03696],[14.35898,50.03712],[14.35902,50.037196],[14.359155,50.03729],[14.359283,50.037419],[14.3594,50.03753],[14.359691,50.037619],[14.35993,50.037749],[14.360233,50.037913],[14.360642,50.038112],[14.360882,50.038043],[14.361108,50.037972],[14.361375,50.037914],[14.361643,50.037911],[14.361797,50.037916],[14.361977,50.037932],[14.362129,50.037945],[14.362315,50.037935],[14.362437,50.037955],[14.362634,50.037954],[14.362804,50.037951],[14.362988,50.037949],[14.363161,50.037929],[14.363333,50.037917],[14.363483,50.037875],[14.363576,50.037902],[14.363744,50.037908],[14.363963,50.037936],[14.3642,50.037948],[14.364419,50.037977],[14.364613,50.037994],[14.364822,50.038004],[14.365012,50.038039],[14.365614,50.037993],[14.365888,50.038162],[14.366085,50.038162],[14.366223,50.038174],[14.366326,50.03822],[14.366439,50.038221],[14.366571,50.038196],[14.366739,50.038202],[14.366905,50.038217],[14.367045,50.03822],[14.36716,50.038276],[14.367207,50.038316],[14.367318,50.038326],[14.367468,50.038349],[14.367605,50.03837],[14.367729,50.038381],[14.367881,50.038395],[14.368028,50.038435],[14.368219,50.038461],[14.368364,50.03851],[14.368514,50.038533],[14.368676,50.038565],[14.368838,50.038598],[14.369018,50.038614],[14.369168,50.038636],[14.369316,50.038668],[14.369469,50.038681],[14.36965,50.038688],[14.369804,50.038693],[14.369974,50.03869],[14.370171,50.038689],[14.370383,50.03869],[14.370592,50.0387],[14.370707,50.038692],[14.370847,50.038695],[14.370991,50.038681],[14.371137,50.038657],[14.371346,50.038603],[14.371422,50.038574],[14.371462,50.03865],[14.37153,50.038729],[14.371631,50.038783],[14.371791,50.038825],[14.3719,50.038843],[14.372062,50.038812],[14.372273,50.038813],[14.372472,50.038803],[14.372628,50.038799],[14.372833,50.038763],[14.372983,50.038722],[14.373139,50.038718],[14.373382,50.038703],[14.373573,50.038729],[14.373714,50.038732],[14.373901,50.038713],[14.37414,50.038716],[14.374444,50.038743],[14.374669,50.038745],[14.374908,50.038748],[14.3748,50.038003],[14.374761,50.037464],[14.373572,50.037685],[14.373096,50.036817],[14.372819,50.036729],[14.372693,50.036463],[14.373108,50.0363],[14.373095,50.036299],[14.371527,50.036314],[14.371513,50.035922],[14.371726,50.035914],[14.372012,50.035894],[14.372337,50.035823],[14.3727,50.03571],[14.372488,50.035446],[14.374743,50.034658],[14.374988,50.034698],[14.375182,50.034715],[14.375338,50.034711],[14.37545,50.034648],[14.375536,50.034574],[14.375244,50.034294],[14.374939,50.034076],[14.374558,50.033815],[14.374207,50.033612],[14.373668,50.0333],[14.373234,50.033089],[14.372881,50.032895],[14.373226,50.032471],[14.372468,50.032195],[14.372131,50.032583],[14.369964,50.031781],[14.36995,50.03178],[14.368711,50.031316],[14.368517,50.031235],[14.368038,50.031102],[14.36773,50.031029],[14.367175,50.030988],[14.366267,50.030953],[14.365881,50.031109],[14.363212,50.030871],[14.36306,50.030858],[14.359942,50.031206],[14.354991,50.03178],[14.355012,50.032113],[14.355046,50.032549],[14.355104,50.03284],[14.355125,50.033073],[14.355113,50.033235],[14.355067,50.033304],[14.355042,50.033343],[14.354789,50.033723],[14.354581,50.033933],[14.35407,50.034793],[14.35399,50.034926],[14.35401,50.035242],[14.354146,50.035347],[14.354321,50.035534]]]}},{"type":"Feature","properties":{"cislo":5075,"kod":27003,"mestskaCast":"praha-5"},"geometry":{"type":"Polygon","coordinates":[[[14.373108,50.0363],[14.374354,50.036012],[14.374164,50.03565],[14.374524,50.035546],[14.374634,50.035102],[14.37559,50.035178],[14.37598,50.035131],[14.376228,50.035553],[14.377452,50.035235],[14.378258,50.035025],[14.379967,50.034615],[14.379859,50.03446],[14.379651,50.034115],[14.379458,50.033834],[14.379179,50.033555],[14.379028,50.033406],[14.378792,50.033194],[14.378477,50.033021],[14.377863,50.032794],[14.377861,50.032802],[14.377282,50.033532],[14.377045,50.03352],[14.37662,50.033464],[14.377054,50.034201],[14.376772,50.034267],[14.375536,50.034574],[14.37545,50.034648],[14.375338,50.034711],[14.375182,50.034715],[14.374988,50.034698],[14.374743,50.034658],[14.372488,50.035446],[14.3727,50.03571],[14.372337,50.035823],[14.372012,50.035894],[14.371726,50.035914],[14.371513,50.035922],[14.371527,50.036314],[14.373095,50.036299],[14.373108,50.0363]]]}},{"type":"Feature","properties":{"cislo":5076,"kod":27005,"mestskaCast":"praha-5"},"geometry":{"type":"Polygon","coordinates":[[[14.369964,50.031781],[14.370796,50.030857],[14.370222,50.030643],[14.370587,50.030258],[14.373451,50.031094],[14.373611,50.031135],[14.37373,50.030973],[14.373179,50.030525],[14.373643,50.030003],[14.372725,50.029686],[14.372661,50.029653],[14.37302,50.028968],[14.373888,50.029254],[14.374069,50.028344],[14.374389,50.026986],[14.374012,50.02686],[14.373218,50.026611],[14.37306,50.026561],[14.372744,50.026453],[14.372742,50.026456],[14.372144,50.027728],[14.371478,50.029257],[14.369476,50.028607],[14.369209,50.028537],[14.369171,50.028779],[14.368365,50.028725],[14.368117,50.029684],[14.368587,50.029725],[14.36891,50.0298],[14.368898,50.029853],[14.368864,50.030013],[14.36886,50.030095],[14.368813,50.030118],[14.368783,50.030324],[14.368858,50.030367],[14.369093,50.030388],[14.369422,50.030499],[14.368711,50.031316],[14.36995,50.03178],[14.369964,50.031781]]]}},{"type":"Feature","properties":{"cislo":5077,"kod":27007,"mestskaCast":"praha-5"},"geometry":{"type":"Polygon","coordinates":[[[14.375536,50.034574],[14.376772,50.034267],[14.377054,50.034201],[14.37662,50.033464],[14.377045,50.03352],[14.377282,50.033532],[14.377861,50.032802],[14.377863,50.032794],[14.376309,50.03222],[14.376155,50.032415],[14.37561,50.033047],[14.374474,50.032628],[14.374831,50.032215],[14.373784,50.03184],[14.373547,50.032092],[14.373226,50.032471],[14.372881,50.032895],[14.373234,50.033089],[14.373668,50.0333],[14.374207,50.033612],[14.374558,50.033815],[14.374939,50.034076],[14.375244,50.034294],[14.375536,50.034574]]]}},{"type":"Feature","properties":{"cislo":5078,"kod":27009,"mestskaCast":"praha-5"},"geometry":{"type":"Polygon","coordinates":[[[14.373226,50.032471],[14.373547,50.032092],[14.373784,50.03184],[14.374861,50.030629],[14.375041,50.030709],[14.375669,50.031001],[14.376029,50.03116],[14.376748,50.031424],[14.377463,50.031705],[14.379019,50.032334],[14.378974,50.032411],[14.379132,50.032462],[14.379692,50.032348],[14.380037,50.032252],[14.38047,50.032136],[14.380805,50.032021],[14.381189,50.031873],[14.381488,50.031791],[14.3815,50.031801],[14.381502,50.031792],[14.381431,50.031669],[14.38104,50.031114],[14.380804,50.03083],[14.380578,50.030493],[14.380286,50.030125],[14.379971,50.029702],[14.379463,50.029215],[14.379159,50.02905],[14.379159,50.02905],[14.379142,50.02901],[14.379043,50.028937],[14.378762,50.028789],[14.377983,50.028395],[14.376948,50.027867],[14.376924,50.027854],[14.376577,50.027703],[14.376175,50.027557],[14.375186,50.027219],[14.374803,50.027102],[14.374748,50.027086],[14.374427,50.026999],[14.374389,50.026986],[14.374069,50.028344],[14.373888,50.029254],[14.37302,50.028968],[14.372661,50.029653],[14.372725,50.029686],[14.373643,50.030003],[14.373179,50.030525],[14.37373,50.030973],[14.373611,50.031135],[14.373451,50.031094],[14.372468,50.032195],[14.373226,50.032471]]]}},{"type":"Feature","properties":{"cislo":5079,"kod":27011,"mestskaCast":"praha-5"},"geometry":{"type":"Polygon","coordinates":[[[14.372468,50.032195],[14.373451,50.031094],[14.370587,50.030258],[14.370222,50.030643],[14.370796,50.030857],[14.369964,50.031781],[14.372131,50.032583],[14.372468,50.032195]]]}},{"type":"Feature","properties":{"cislo":5080,"kod":27013,"mestskaCast":"praha-5"},"geometry":{"type":"Polygon","coordinates":[[[14.363212,50.030871],[14.365881,50.031109],[14.366267,50.030953],[14.367175,50.030988],[14.36773,50.031029],[14.368038,50.031102],[14.368517,50.031235],[14.368711,50.031316],[14.369422,50.030499],[14.369093,50.030388],[14.368858,50.030367],[14.368783,50.030324],[14.368813,50.030118],[14.36886,50.030095],[14.368864,50.030013],[14.368898,50.029853],[14.36891,50.0298],[14.368587,50.029725],[14.368117,50.029684],[14.367454,50.029624],[14.367393,50.029909],[14.367316,50.030003],[14.367183,50.0301],[14.36711,50.030438],[14.366995,50.030446],[14.366867,50.030453],[14.366812,50.030511],[14.36665,50.030479],[14.366508,50.030421],[14.366549,50.030161],[14.366368,50.030154],[14.366534,50.029379],[14.363605,50.029109],[14.363212,50.030871]]]}},{"type":"Feature","properties":{"cislo":5081,"kod":27015,"mestskaCast":"praha-5"},"geometry":{"type":"Polygon","coordinates":[[[14.354991,50.03178],[14.359942,50.031206],[14.36306,50.030858],[14.363212,50.030871],[14.363605,50.029109],[14.366534,50.029379],[14.366368,50.030154],[14.366549,50.030161],[14.366508,50.030421],[14.36665,50.030479],[14.366812,50.030511],[14.366867,50.030453],[14.366995,50.030446],[14.36711,50.030438],[14.367183,50.0301],[14.367316,50.030003],[14.367393,50.029909],[14.367454,50.029624],[14.368117,50.029684],[14.368365,50.028725],[14.369171,50.028779],[14.369209,50.028537],[14.369476,50.028607],[14.371478,50.029257],[14.372144,50.027728],[14.372742,50.026456],[14.372744,50.026453],[14.372722,50.026446],[14.37187,50.026188],[14.371623,50.02609],[14.371492,50.026007],[14.371353,50.025904],[14.37114,50.025747],[14.371041,50.02567],[14.370872,50.025539],[14.370325,50.025114],[14.368951,50.024145],[14.368069,50.023524],[14.367605,50.02326],[14.365758,50.022254],[14.365745,50.022274],[14.36571,50.022325],[14.365709,50.022326],[14.365694,50.022349],[14.365689,50.022356],[14.364914,50.023503],[14.364613,50.023948],[14.364133,50.024658],[14.363359,50.025803],[14.36333,50.025846],[14.363101,50.026185],[14.362962,50.026147],[14.362293,50.025951],[14.361937,50.025851],[14.36192,50.025847],[14.36183,50.025825],[14.361752,50.025803],[14.361471,50.025721],[14.361112,50.025617],[14.36109,50.025611],[14.361067,50.025605],[14.36101,50.025589],[14.360652,50.025491],[14.360307,50.025394],[14.360296,50.025391],[14.360249,50.025378],[14.360212,50.025368],[14.3602,50.025364],[14.359709,50.025227],[14.35969,50.025222],[14.359786,50.025096],[14.359641,50.025081],[14.359531,50.024925],[14.359511,50.0249],[14.359467,50.024846],[14.359438,50.02481],[14.359375,50.024809],[14.359356,50.024809],[14.358236,50.024792],[14.357951,50.024773],[14.357848,50.024777],[14.357467,50.024745],[14.356956,50.024691],[14.356579,50.024646],[14.356205,50.024799],[14.356157,50.024826],[14.356014,50.02491],[14.356007,50.024917],[14.355922,50.025003],[14.355867,50.025058],[14.35586,50.025067],[14.355813,50.025204],[14.355784,50.025383],[14.355673,50.025788],[14.355549,50.026243],[14.35551,50.026385],[14.3555,50.026425],[14.35547,50.026534],[14.355428,50.026685],[14.355427,50.02669],[14.355369,50.026901],[14.355338,50.027016],[14.355329,50.027097],[14.355609,50.02711],[14.355901,50.027125],[14.356036,50.027133],[14.356021,50.027259],[14.355901,50.027259],[14.355345,50.027261],[14.355349,50.027384],[14.355352,50.027454],[14.355355,50.027499],[14.355359,50.02759],[14.355362,50.027661],[14.355365,50.027706],[14.355365,50.027725],[14.355369,50.027796],[14.355372,50.027867],[14.355375,50.027912],[14.355379,50.028003],[14.355382,50.028074],[14.355384,50.028119],[14.355389,50.02821],[14.355392,50.02828],[14.355394,50.028325],[14.355813,50.028325],[14.356146,50.028323],[14.356064,50.028857],[14.356049,50.028957],[14.356142,50.029076],[14.35628,50.029116],[14.356408,50.029152],[14.356913,50.029231],[14.356914,50.029232],[14.357028,50.029249],[14.357238,50.029283],[14.357285,50.02929],[14.357273,50.029362],[14.357265,50.029406],[14.357205,50.029744],[14.357183,50.029773],[14.357156,50.029805],[14.357099,50.029871],[14.357284,50.029955],[14.357387,50.030003],[14.357314,50.030009],[14.357273,50.030214],[14.357164,50.030744],[14.357164,50.03076],[14.357163,50.03078],[14.357146,50.030786],[14.357046,50.030822],[14.35684,50.030882],[14.356417,50.030967],[14.356245,50.031032],[14.356159,50.031081],[14.355987,50.031179],[14.355555,50.031304],[14.355305,50.031381],[14.355222,50.031414],[14.355207,50.031421],[14.355147,50.031445],[14.355055,50.031508],[14.355005,50.031582],[14.354987,50.031697],[14.354988,50.031728],[14.354991,50.03178]]]}}]}
