{"type":"FeatureCollection","features":[{"type":"Feature","properties":{"cislo":6001,"kod":26645,"mestskaCast":"praha-6"},"geometry":{"type":"Polygon","coordinates":[[[14.405346,50.113868],[14.405466,50.113132],[14.405482,50.112996],[14.405628,50.112948],[14.405803,50.112836],[14.405721,50.112431],[14.405721,50.112264],[14.405587,50.111693],[14.405527,50.111675],[14.405479,50.111397],[14.407007,50.11127],[14.406971,50.111086],[14.408263,50.111008],[14.408366,50.110789],[14.408165,50.110737],[14.408073,50.110301],[14.407989,50.109897],[14.407151,50.109458],[14.407161,50.10945],[14.407026,50.109382],[14.406641,50.109186],[14.406602,50.109168],[14.406669,50.108641],[14.406424,50.108522],[14.405766,50.108388],[14.406025,50.108265],[14.406565,50.107609],[14.406594,50.107227],[14.406564,50.106975],[14.406563,50.106974],[14.406563,50.106974],[14.406562,50.106974],[14.406437,50.106963],[14.406242,50.107018],[14.406119,50.107062],[14.405705,50.107216],[14.405378,50.107359],[14.405289,50.107378],[14.405221,50.107436],[14.405023,50.107636],[14.404878,50.10785],[14.404647,50.108202],[14.403993,50.108425],[14.403843,50.108466],[14.403736,50.108502],[14.403569,50.108424],[14.403335,50.108331],[14.402957,50.108188],[14.402626,50.10815],[14.402569,50.108154],[14.40246,50.108135],[14.402274,50.108082],[14.40196,50.107964],[14.401736,50.107889],[14.401473,50.107802],[14.40134,50.107763],[14.401023,50.108125],[14.400795,50.108332],[14.400484,50.108532],[14.399031,50.109319],[14.39855,50.109585],[14.396384,50.110736],[14.395437,50.11127],[14.394925,50.111614],[14.39467,50.111882],[14.394479,50.112183],[14.394399,50.112421],[14.394182,50.11271],[14.394526,50.113013],[14.394878,50.11328],[14.395524,50.113692],[14.394664,50.114541],[14.394145,50.115384],[14.393811,50.116217],[14.393732,50.116519],[14.39354,50.117346],[14.393408,50.117897],[14.393655,50.119444],[14.394193,50.120617],[14.394955,50.121799],[14.395228,50.121854],[14.395828,50.121975],[14.395962,50.121138],[14.396347,50.1204],[14.397041,50.119473],[14.397859,50.118614],[14.398606,50.117887],[14.399522,50.117066],[14.400619,50.116134],[14.401917,50.115226],[14.403509,50.114351],[14.405346,50.113868]]]}},{"type":"Feature","properties":{"cislo":6002,"kod":26647,"mestskaCast":"praha-6"},"geometry":{"type":"Polygon","coordinates":[[[14.393811,50.116217],[14.394145,50.115384],[14.394664,50.114541],[14.395524,50.113692],[14.394878,50.11328],[14.394526,50.113013],[14.394182,50.11271],[14.394399,50.112421],[14.394479,50.112183],[14.39467,50.111882],[14.394925,50.111614],[14.395437,50.11127],[14.396384,50.110736],[14.39855,50.109585],[14.399031,50.109319],[14.397683,50.109218],[14.396775,50.10911],[14.395924,50.108935],[14.395187,50.108751],[14.394227,50.110264],[14.394094,50.111278],[14.39403,50.111907],[14.393795,50.112213],[14.393775,50.112239],[14.393773,50.112247],[14.393695,50.112349],[14.393597,50.112477],[14.392912,50.113369],[14.392758,50.113691],[14.392571,50.114101],[14.392242,50.114517],[14.391921,50.115024],[14.391803,50.115313],[14.392024,50.115596],[14.392076,50.115618],[14.392153,50.115653],[14.392219,50.115677],[14.392554,50.115824],[14.392608,50.115838],[14.392814,50.115929],[14.392865,50.115952],[14.392891,50.115963],[14.392945,50.115977],[14.393024,50.116002],[14.393811,50.116217]]]}},{"type":"Feature","properties":{"cislo":6003,"kod":26649,"mestskaCast":"praha-6"},"geometry":{"type":"Polygon","coordinates":[[[14.394227,50.110264],[14.395187,50.108751],[14.396015,50.107391],[14.396905,50.105872],[14.396954,50.105777],[14.39596,50.105607],[14.395289,50.105511],[14.394812,50.105496],[14.394612,50.107021],[14.394445,50.108395],[14.394428,50.108602],[14.39437,50.109006],[14.394361,50.109114],[14.394353,50.109149],[14.394318,50.109446],[14.394309,50.109554],[14.394303,50.109581],[14.394307,50.109626],[14.394243,50.110056],[14.394227,50.110264]]]}},{"type":"Feature","properties":{"cislo":6004,"kod":26651,"mestskaCast":"praha-6"},"geometry":{"type":"Polygon","coordinates":[[[14.399031,50.109319],[14.400484,50.108532],[14.400795,50.108332],[14.401023,50.108125],[14.40134,50.107763],[14.401473,50.107802],[14.401736,50.107889],[14.40196,50.107964],[14.402274,50.108082],[14.40246,50.108135],[14.402569,50.108154],[14.402626,50.10815],[14.402957,50.108188],[14.403335,50.108331],[14.403569,50.108424],[14.403736,50.108502],[14.403843,50.108466],[14.403993,50.108425],[14.404647,50.108202],[14.404878,50.10785],[14.405023,50.107636],[14.405221,50.107436],[14.405289,50.107378],[14.405378,50.107359],[14.405705,50.107216],[14.406119,50.107062],[14.406242,50.107018],[14.406437,50.106963],[14.406562,50.106974],[14.406563,50.106974],[14.406563,50.106974],[14.406534,50.106861],[14.40656,50.106855],[14.406649,50.106837],[14.406704,50.10682],[14.406654,50.106659],[14.406593,50.106685],[14.406495,50.106727],[14.406363,50.106568],[14.406292,50.106541],[14.406248,50.106633],[14.40611,50.106668],[14.406045,50.106684],[14.405725,50.106765],[14.40571,50.106768],[14.405699,50.106753],[14.405683,50.106732],[14.405639,50.106673],[14.405903,50.106381],[14.405899,50.106379],[14.405815,50.106309],[14.405793,50.106279],[14.404868,50.105526],[14.404816,50.105439],[14.405035,50.105078],[14.401398,50.104202],[14.398342,50.103449],[14.397649,50.104641],[14.396859,50.104443],[14.396411,50.104358],[14.39596,50.105607],[14.396954,50.105777],[14.396905,50.105872],[14.396015,50.107391],[14.395187,50.108751],[14.395924,50.108935],[14.396775,50.10911],[14.397683,50.109218],[14.399031,50.109319]]]}},{"type":"Feature","properties":{"cislo":6005,"kod":26653,"mestskaCast":"praha-6"},"geometry":{"type":"Polygon","coordinates":[[[14.394812,50.105496],[14.395289,50.105511],[14.39596,50.105607],[14.396411,50.104358],[14.396859,50.104443],[14.397649,50.104641],[14.398342,50.103449],[14.396958,50.103127],[14.396683,50.103093],[14.395118,50.103018],[14.395109,50.103063],[14.39496,50.104347],[14.394922,50.104589],[14.39482,50.105461],[14.394812,50.105496]]]}},{"type":"Feature","properties":{"cislo":6006,"kod":26655,"mestskaCast":"praha-6"},"geometry":{"type":"Polygon","coordinates":[[[14.398342,50.103449],[14.398961,50.102406],[14.397309,50.102015],[14.395416,50.100576],[14.395364,50.100952],[14.395297,50.101591],[14.395245,50.101968],[14.395118,50.103018],[14.396683,50.103093],[14.396958,50.103127],[14.398342,50.103449]]]}},{"type":"Feature","properties":{"cislo":6007,"kod":26657,"mestskaCast":"praha-6"},"geometry":{"type":"Polygon","coordinates":[[[14.395416,50.100576],[14.397309,50.102015],[14.398961,50.102406],[14.399547,50.101451],[14.399907,50.100956],[14.400304,50.100683],[14.399144,50.100761],[14.398124,50.100716],[14.395416,50.100576]]]}},{"type":"Feature","properties":{"cislo":6008,"kod":26659,"mestskaCast":"praha-6"},"geometry":{"type":"Polygon","coordinates":[[[14.398961,50.102406],[14.400355,50.102748],[14.400712,50.102135],[14.401334,50.1018],[14.40238,50.102582],[14.403259,50.102433],[14.402855,50.10129],[14.402509,50.100334],[14.400304,50.100683],[14.399907,50.100956],[14.399547,50.101451],[14.398961,50.102406]]]}},{"type":"Feature","properties":{"cislo":6009,"kod":26661,"mestskaCast":"praha-6"},"geometry":{"type":"Polygon","coordinates":[[[14.398342,50.103449],[14.401398,50.104202],[14.40238,50.102582],[14.401334,50.1018],[14.400712,50.102135],[14.400355,50.102748],[14.398961,50.102406],[14.398342,50.103449]]]}},{"type":"Feature","properties":{"cislo":6010,"kod":26663,"mestskaCast":"praha-6"},"geometry":{"type":"Polygon","coordinates":[[[14.401398,50.104202],[14.405035,50.105078],[14.404816,50.105439],[14.404868,50.105526],[14.405793,50.106279],[14.405815,50.106309],[14.405899,50.106379],[14.405903,50.106381],[14.406916,50.105257],[14.407274,50.104861],[14.40729,50.104844],[14.40738,50.104752],[14.407471,50.104643],[14.407482,50.104641],[14.407489,50.104641],[14.407674,50.104641],[14.407708,50.104641],[14.407844,50.104642],[14.407844,50.104644],[14.407943,50.104647],[14.407963,50.104648],[14.408007,50.104649],[14.408204,50.10464],[14.408567,50.10461],[14.408583,50.104609],[14.408769,50.104589],[14.409039,50.104561],[14.409237,50.104549],[14.409321,50.104536],[14.40937,50.104529],[14.409595,50.104492],[14.409606,50.10449],[14.409721,50.104474],[14.410001,50.104442],[14.410063,50.104433],[14.410316,50.104398],[14.410389,50.104387],[14.41049,50.104371],[14.410632,50.104345],[14.411123,50.104407],[14.41114,50.104383],[14.411219,50.104269],[14.411289,50.104172],[14.411442,50.103956],[14.411436,50.103954],[14.411448,50.103937],[14.411482,50.10392],[14.411514,50.103913],[14.411545,50.103909],[14.411612,50.103921],[14.411609,50.10393],[14.411671,50.10394],[14.41185,50.103972],[14.411856,50.103964],[14.412361,50.104064],[14.412358,50.10407],[14.412867,50.104167],[14.4132,50.104231],[14.413295,50.104276],[14.413321,50.104263],[14.413365,50.10424],[14.413471,50.104185],[14.413507,50.104176],[14.413562,50.104168],[14.414338,50.104085],[14.414398,50.104066],[14.414428,50.104061],[14.414774,50.103996],[14.414782,50.104001],[14.414863,50.104129],[14.414887,50.104152],[14.414925,50.104165],[14.415205,50.104222],[14.415457,50.104232],[14.41575,50.104161],[14.415929,50.104118],[14.416049,50.104082],[14.416233,50.104027],[14.416334,50.103989],[14.416522,50.10393],[14.416628,50.103891],[14.417867,50.10361],[14.417766,50.103364],[14.417826,50.103314],[14.417881,50.103301],[14.417989,50.10331],[14.418161,50.10314],[14.41816,50.10314],[14.417949,50.102995],[14.417373,50.102613],[14.417294,50.102561],[14.416611,50.102098],[14.416432,50.102053],[14.416351,50.101994],[14.416127,50.101832],[14.41598,50.101707],[14.415556,50.101385],[14.415409,50.10128],[14.415254,50.10117],[14.415132,50.101081],[14.415097,50.101055],[14.414823,50.100998],[14.414789,50.100966],[14.414782,50.100969],[14.413639,50.100115],[14.413279,50.099853],[14.413292,50.099845],[14.413012,50.099635],[14.412812,50.099488],[14.412491,50.099279],[14.412393,50.099223],[14.412363,50.099205],[14.4122,50.099118],[14.412097,50.099067],[14.411859,50.098954],[14.411781,50.098918],[14.411417,50.098776],[14.411262,50.098731],[14.411385,50.0986],[14.411464,50.098388],[14.411518,50.098243],[14.409666,50.09796],[14.407585,50.097657],[14.407485,50.098052],[14.407452,50.09814],[14.407151,50.099348],[14.407103,50.099507],[14.405291,50.099337],[14.404267,50.100099],[14.404592,50.101018],[14.40546,50.103291],[14.403665,50.103568],[14.403259,50.102433],[14.40238,50.102582],[14.401398,50.104202]]]}},{"type":"Feature","properties":{"cislo":6011,"kod":26665,"mestskaCast":"praha-6"},"geometry":{"type":"Polygon","coordinates":[[[14.404592,50.101018],[14.402855,50.10129],[14.403259,50.102433],[14.403665,50.103568],[14.40546,50.103291],[14.404592,50.101018]]]}},{"type":"Feature","properties":{"cislo":6012,"kod":26667,"mestskaCast":"praha-6"},"geometry":{"type":"Polygon","coordinates":[[[14.402509,50.100334],[14.402855,50.10129],[14.404592,50.101018],[14.404267,50.100099],[14.405291,50.099337],[14.405194,50.099328],[14.404153,50.099182],[14.4041,50.099168],[14.401923,50.098857],[14.402509,50.100334]]]}},{"type":"Feature","properties":{"cislo":6013,"kod":26669,"mestskaCast":"praha-6"},"geometry":{"type":"Polygon","coordinates":[[[14.407585,50.097657],[14.407579,50.097657],[14.407561,50.097654],[14.407435,50.097637],[14.40691,50.097567],[14.406419,50.0975],[14.406153,50.097465],[14.405743,50.097408],[14.40523,50.09734],[14.404965,50.097302],[14.404959,50.097329],[14.404876,50.097585],[14.404874,50.097594],[14.404837,50.097636],[14.404559,50.097947],[14.404481,50.098049],[14.4041,50.099168],[14.404153,50.099182],[14.405194,50.099328],[14.405291,50.099337],[14.407103,50.099507],[14.407151,50.099348],[14.407452,50.09814],[14.407485,50.098052],[14.407585,50.097657]]]}},{"type":"Feature","properties":{"cislo":6014,"kod":26671,"mestskaCast":"praha-6"},"geometry":{"type":"Polygon","coordinates":[[[14.398124,50.100716],[14.399144,50.100761],[14.400304,50.100683],[14.402509,50.100334],[14.401923,50.098857],[14.40013,50.098598],[14.399821,50.098525],[14.399566,50.098466],[14.399858,50.098683],[14.400191,50.099565],[14.399308,50.099732],[14.399105,50.099823],[14.398401,50.100214],[14.398281,50.100376],[14.398124,50.100716]]]}},{"type":"Feature","properties":{"cislo":6015,"kod":26673,"mestskaCast":"praha-6"},"geometry":{"type":"Polygon","coordinates":[[[14.399566,50.098466],[14.398494,50.098988],[14.396472,50.099998],[14.395863,50.100334],[14.395416,50.100576],[14.398124,50.100716],[14.398281,50.100376],[14.398401,50.100214],[14.399105,50.099823],[14.399308,50.099732],[14.400191,50.099565],[14.399858,50.098683],[14.399566,50.098466]]]}},{"type":"Feature","properties":{"cislo":6016,"kod":26675,"mestskaCast":"praha-6"},"geometry":{"type":"Polygon","coordinates":[[[14.395619,50.098906],[14.396604,50.098984],[14.398137,50.098285],[14.397588,50.097819],[14.397902,50.096948],[14.395911,50.096626],[14.395776,50.097713],[14.395619,50.098906]]]}},{"type":"Feature","properties":{"cislo":6017,"kod":26677,"mestskaCast":"praha-6"},"geometry":{"type":"Polygon","coordinates":[[[14.4041,50.099168],[14.404481,50.098049],[14.404559,50.097947],[14.403123,50.097865],[14.401948,50.097752],[14.401145,50.09788],[14.399769,50.098375],[14.399566,50.098466],[14.399821,50.098525],[14.40013,50.098598],[14.401923,50.098857],[14.4041,50.099168]]]}},{"type":"Feature","properties":{"cislo":6018,"kod":26679,"mestskaCast":"praha-6"},"geometry":{"type":"Polygon","coordinates":[[[14.395619,50.098906],[14.395416,50.100576],[14.395863,50.100334],[14.396472,50.099998],[14.398494,50.098988],[14.399566,50.098466],[14.399769,50.098375],[14.399738,50.098255],[14.399484,50.097924],[14.399004,50.097863],[14.398137,50.098285],[14.396604,50.098984],[14.395619,50.098906]]]}},{"type":"Feature","properties":{"cislo":6019,"kod":26681,"mestskaCast":"praha-6"},"geometry":{"type":"Polygon","coordinates":[[[14.399769,50.098375],[14.401145,50.09788],[14.401948,50.097752],[14.403123,50.097865],[14.404559,50.097947],[14.404837,50.097636],[14.404874,50.097594],[14.404876,50.097585],[14.404959,50.097329],[14.404965,50.097302],[14.404882,50.097295],[14.403602,50.096945],[14.402895,50.096756],[14.400682,50.096024],[14.398676,50.095374],[14.39813,50.095226],[14.397837,50.095145],[14.397809,50.095143],[14.39769,50.095105],[14.397607,50.095098],[14.397593,50.095096],[14.397112,50.095036],[14.397029,50.095028],[14.396796,50.094998],[14.39626,50.094933],[14.396241,50.095022],[14.396231,50.095066],[14.396097,50.095626],[14.39594,50.096293],[14.395911,50.096626],[14.397902,50.096948],[14.397588,50.097819],[14.398137,50.098285],[14.399004,50.097863],[14.399484,50.097924],[14.399738,50.098255],[14.399769,50.098375]]]}},{"type":"Feature","properties":{"cislo":6020,"kod":26683,"mestskaCast":"praha-6"},"geometry":{"type":"Polygon","coordinates":[[[14.409073,50.095155],[14.409156,50.095028],[14.408696,50.094943],[14.407958,50.094836],[14.407231,50.094684],[14.406228,50.094459],[14.405927,50.094392],[14.405694,50.094363],[14.404454,50.094207],[14.403883,50.094125],[14.399926,50.093555],[14.399236,50.093427],[14.398348,50.093303],[14.398344,50.093304],[14.398321,50.093346],[14.396796,50.094998],[14.397029,50.095028],[14.397112,50.095036],[14.397593,50.095096],[14.397607,50.095098],[14.39769,50.095105],[14.397809,50.095143],[14.397837,50.095145],[14.39813,50.095226],[14.398676,50.095374],[14.400682,50.096024],[14.402895,50.096756],[14.403602,50.096945],[14.404882,50.097295],[14.404965,50.097302],[14.40523,50.09734],[14.405743,50.097408],[14.406153,50.097465],[14.406419,50.0975],[14.40691,50.097567],[14.407435,50.097637],[14.407561,50.097654],[14.407579,50.097657],[14.407585,50.097657],[14.407582,50.097657],[14.407678,50.097492],[14.409073,50.095155]]]}},{"type":"Feature","properties":{"cislo":6021,"kod":26685,"mestskaCast":"praha-6"},"geometry":{"type":"Polygon","coordinates":[[[14.389767,50.105729],[14.390405,50.106176],[14.390833,50.106414],[14.391179,50.10658],[14.391156,50.106951],[14.392672,50.106985],[14.394612,50.107021],[14.394812,50.105496],[14.39482,50.105461],[14.394922,50.104589],[14.392256,50.104452],[14.389767,50.105729]]]}},{"type":"Feature","properties":{"cislo":6022,"kod":26687,"mestskaCast":"praha-6"},"geometry":{"type":"Polygon","coordinates":[[[14.391089,50.108642],[14.391156,50.106951],[14.391179,50.10658],[14.390833,50.106414],[14.390405,50.106176],[14.389767,50.105729],[14.388745,50.106283],[14.387608,50.106908],[14.388764,50.107773],[14.388992,50.107957],[14.389241,50.108242],[14.391089,50.108642]]]}},{"type":"Feature","properties":{"cislo":6023,"kod":26689,"mestskaCast":"praha-6"},"geometry":{"type":"Polygon","coordinates":[[[14.391156,50.106951],[14.391089,50.108642],[14.393628,50.108649],[14.393343,50.107871],[14.393224,50.10757],[14.393015,50.107361],[14.392672,50.106985],[14.391156,50.106951]]]}},{"type":"Feature","properties":{"cislo":6024,"kod":26691,"mestskaCast":"praha-6"},"geometry":{"type":"Polygon","coordinates":[[[14.388522,50.115339],[14.388594,50.115337],[14.388708,50.115329],[14.389036,50.115312],[14.389523,50.115346],[14.390466,50.115031],[14.390634,50.114773],[14.390652,50.114757],[14.390574,50.114659],[14.390484,50.114551],[14.390291,50.114335],[14.390318,50.114273],[14.390304,50.114272],[14.390335,50.114193],[14.39039,50.114135],[14.390445,50.114076],[14.390619,50.114055],[14.390572,50.113815],[14.390565,50.113778],[14.390559,50.113741],[14.390551,50.113713],[14.390768,50.113687],[14.391197,50.113662],[14.391537,50.113656],[14.391941,50.113682],[14.392758,50.113691],[14.392912,50.113369],[14.393597,50.112477],[14.393695,50.112349],[14.393773,50.112247],[14.393775,50.112239],[14.393795,50.112213],[14.39403,50.111907],[14.394094,50.111278],[14.394227,50.110264],[14.394243,50.110056],[14.394307,50.109626],[14.394303,50.109581],[14.394309,50.109554],[14.394318,50.109446],[14.394353,50.109149],[14.394361,50.109114],[14.39437,50.109006],[14.394428,50.108602],[14.394445,50.108395],[14.394612,50.107021],[14.392672,50.106985],[14.393015,50.107361],[14.393224,50.10757],[14.393343,50.107871],[14.393628,50.108649],[14.391089,50.108642],[14.389241,50.108242],[14.389033,50.10836],[14.388881,50.108473],[14.388699,50.108666],[14.388531,50.108923],[14.388379,50.1093],[14.388238,50.109696],[14.388132,50.110122],[14.387796,50.11011],[14.38728,50.110083],[14.386469,50.110047],[14.386315,50.110042],[14.386216,50.110043],[14.385822,50.110888],[14.385744,50.11119],[14.385738,50.111543],[14.385795,50.112066],[14.385861,50.112416],[14.385848,50.112542],[14.385745,50.112697],[14.385607,50.112811],[14.385463,50.112889],[14.385224,50.11295],[14.384906,50.112985],[14.383612,50.112834],[14.383482,50.113113],[14.383349,50.113401],[14.383736,50.113507],[14.384088,50.113575],[14.384581,50.113646],[14.384781,50.1137],[14.385451,50.113932],[14.385822,50.11411],[14.38617,50.114332],[14.386361,50.114494],[14.386653,50.114647],[14.386845,50.114737],[14.38715,50.114827],[14.387471,50.11491],[14.387788,50.115011],[14.38826,50.11518],[14.388427,50.115258],[14.388522,50.115339]]]}},{"type":"Feature","properties":{"cislo":6025,"kod":26693,"mestskaCast":"praha-6"},"geometry":{"type":"Polygon","coordinates":[[[14.385744,50.11119],[14.385822,50.110888],[14.386216,50.110043],[14.386315,50.110042],[14.386469,50.110047],[14.38728,50.110083],[14.387796,50.11011],[14.388132,50.110122],[14.388238,50.109696],[14.388379,50.1093],[14.388531,50.108923],[14.388699,50.108666],[14.388881,50.108473],[14.389033,50.10836],[14.389241,50.108242],[14.388992,50.107957],[14.388764,50.107773],[14.387608,50.106908],[14.388745,50.106283],[14.386439,50.104535],[14.386363,50.104492],[14.3865,50.10425],[14.386577,50.103957],[14.386599,50.103787],[14.386569,50.103403],[14.386518,50.10318],[14.385052,50.103631],[14.384717,50.1046],[14.38455,50.105048],[14.384396,50.105307],[14.38428,50.105451],[14.384231,50.105483],[14.384002,50.105498],[14.383651,50.105422],[14.383614,50.105464],[14.383456,50.105677],[14.383436,50.105702],[14.383391,50.106043],[14.383284,50.106342],[14.383267,50.106359],[14.383171,50.106477],[14.383072,50.106541],[14.383039,50.106566],[14.383031,50.106601],[14.382997,50.106762],[14.38311,50.10689],[14.38319,50.106978],[14.38348,50.107077],[14.384114,50.107278],[14.384193,50.107303],[14.384182,50.107484],[14.384158,50.107663],[14.38412,50.107842],[14.384047,50.108116],[14.384026,50.108214],[14.383961,50.108381],[14.383909,50.108494],[14.382816,50.108524],[14.382854,50.108673],[14.383866,50.109416],[14.383811,50.109475],[14.383821,50.109494],[14.383918,50.109766],[14.384082,50.10979],[14.384191,50.109808],[14.384247,50.109813],[14.384122,50.110129],[14.38419,50.110144],[14.384791,50.110234],[14.384808,50.110353],[14.384903,50.110571],[14.384977,50.11075],[14.385052,50.110929],[14.385092,50.111005],[14.385231,50.111144],[14.385744,50.11119]]]}},{"type":"Feature","properties":{"cislo":6026,"kod":26695,"mestskaCast":"praha-6"},"geometry":{"type":"Polygon","coordinates":[[[14.378097,50.111373],[14.378024,50.111448],[14.377532,50.11203],[14.377244,50.112186],[14.377064,50.11217],[14.377005,50.112183],[14.376599,50.112302],[14.3763,50.112375],[14.375909,50.112422],[14.375826,50.112941],[14.375868,50.113072],[14.375497,50.113683],[14.375477,50.113709],[14.37585,50.113878],[14.376061,50.113951],[14.376356,50.114023],[14.376717,50.114182],[14.377606,50.114442],[14.377835,50.114563],[14.377982,50.11473],[14.37807,50.114783],[14.378176,50.114811],[14.378319,50.114805],[14.378707,50.11484],[14.3788,50.114866],[14.378889,50.11491],[14.379014,50.114985],[14.379094,50.115074],[14.379126,50.115186],[14.379133,50.115286],[14.379185,50.115372],[14.37926,50.115415],[14.379328,50.11543],[14.379413,50.115429],[14.3795,50.115418],[14.379559,50.115406],[14.379553,50.115432],[14.379542,50.115486],[14.379522,50.115511],[14.37952,50.11552],[14.379515,50.115547],[14.379492,50.115654],[14.379449,50.115786],[14.379438,50.11584],[14.379204,50.116136],[14.379252,50.116113],[14.379299,50.11609],[14.379311,50.116101],[14.379349,50.116122],[14.379503,50.11619],[14.379999,50.116316],[14.380324,50.116508],[14.38038,50.116577],[14.380432,50.116663],[14.3805,50.116678],[14.380715,50.116725],[14.380878,50.116757],[14.38131,50.11685],[14.381782,50.116883],[14.38219,50.116955],[14.382444,50.116824],[14.382559,50.116816],[14.382603,50.116811],[14.383433,50.116757],[14.383561,50.11675],[14.383698,50.116772],[14.383739,50.116775],[14.384548,50.11702],[14.385169,50.117347],[14.38535,50.11749],[14.385741,50.117706],[14.386104,50.117857],[14.38649,50.1181],[14.386755,50.118441],[14.38729,50.118842],[14.38757,50.118922],[14.387991,50.118995],[14.388251,50.1191],[14.388619,50.118833],[14.388797,50.118858],[14.388867,50.118864],[14.389005,50.118877],[14.389163,50.118863],[14.389371,50.118818],[14.389505,50.118785],[14.389584,50.118746],[14.389599,50.118739],[14.389598,50.118612],[14.389594,50.118502],[14.389652,50.118426],[14.389617,50.118395],[14.389605,50.118385],[14.389593,50.118375],[14.389602,50.118331],[14.389628,50.118278],[14.389645,50.118262],[14.389425,50.117906],[14.389427,50.117898],[14.389431,50.11788],[14.389474,50.117611],[14.389422,50.117525],[14.389388,50.117486],[14.389353,50.117455],[14.389321,50.117407],[14.389174,50.117167],[14.389048,50.116965],[14.388964,50.116831],[14.388941,50.116811],[14.388907,50.116771],[14.388845,50.116793],[14.388744,50.116675],[14.388662,50.116532],[14.388645,50.116412],[14.388693,50.115727],[14.388708,50.115592],[14.38866,50.115488],[14.388522,50.115339],[14.388427,50.115258],[14.38826,50.11518],[14.387788,50.115011],[14.387471,50.11491],[14.38715,50.114827],[14.386845,50.114737],[14.386653,50.114647],[14.386361,50.114494],[14.38617,50.114332],[14.385822,50.11411],[14.385451,50.113932],[14.384781,50.1137],[14.384581,50.113646],[14.384088,50.113575],[14.383736,50.113507],[14.383349,50.113401],[14.383482,50.113113],[14.383612,50.112834],[14.382337,50.112657],[14.381756,50.112605],[14.38072,50.112631],[14.379826,50.112062],[14.379442,50.11201],[14.379012,50.111908],[14.378735,50.11182],[14.378518,50.11171],[14.378369,50.111551],[14.378308,50.111573],[14.378151,50.11145],[14.378129,50.111421],[14.378097,50.111373]]]}},{"type":"Feature","properties":{"cislo":6027,"kod":26697,"mestskaCast":"praha-6"},"geometry":{"type":"Polygon","coordinates":[[[14.383612,50.112834],[14.384906,50.112985],[14.385224,50.11295],[14.385463,50.112889],[14.385607,50.112811],[14.385745,50.112697],[14.385848,50.112542],[14.385861,50.112416],[14.385795,50.112066],[14.385738,50.111543],[14.385744,50.11119],[14.385231,50.111144],[14.385092,50.111005],[14.385052,50.110929],[14.384977,50.11075],[14.384903,50.110571],[14.384808,50.110353],[14.384791,50.110234],[14.38419,50.110144],[14.384122,50.110129],[14.384247,50.109813],[14.384191,50.109808],[14.384082,50.10979],[14.383918,50.109766],[14.383821,50.109494],[14.383811,50.109475],[14.383866,50.109416],[14.382854,50.108673],[14.382816,50.108524],[14.383909,50.108494],[14.383961,50.108381],[14.384026,50.108214],[14.384047,50.108116],[14.38412,50.107842],[14.384158,50.107663],[14.384182,50.107484],[14.384193,50.107303],[14.384114,50.107278],[14.38348,50.107077],[14.38319,50.106978],[14.38311,50.10689],[14.382997,50.106762],[14.383031,50.106601],[14.383039,50.106566],[14.383072,50.106541],[14.383171,50.106477],[14.383267,50.106359],[14.383284,50.106342],[14.383391,50.106043],[14.383436,50.105702],[14.383456,50.105677],[14.383614,50.105464],[14.383651,50.105422],[14.384002,50.105498],[14.384231,50.105483],[14.38428,50.105451],[14.384396,50.105307],[14.38455,50.105048],[14.384717,50.1046],[14.385052,50.103631],[14.385301,50.1028],[14.385045,50.10314],[14.384707,50.103464],[14.384113,50.103929],[14.383658,50.104206],[14.3832,50.104438],[14.382951,50.104543],[14.382624,50.104623],[14.382231,50.104678],[14.381806,50.104686],[14.381438,50.10469],[14.38097,50.104766],[14.38054,50.104864],[14.380315,50.104989],[14.380087,50.105196],[14.379935,50.105446],[14.379785,50.105814],[14.379724,50.106162],[14.37967,50.106874],[14.37963,50.107325],[14.379579,50.107629],[14.379487,50.107857],[14.379317,50.108059],[14.378873,50.108419],[14.378619,50.108678],[14.378469,50.108919],[14.378387,50.109102],[14.378308,50.109404],[14.378327,50.109841],[14.37836,50.11008],[14.378421,50.110321],[14.378458,50.110415],[14.378185,50.110437],[14.378043,50.110442],[14.377912,50.110458],[14.377837,50.110478],[14.3778,50.110584],[14.377853,50.110734],[14.37793,50.111031],[14.378007,50.111265],[14.378041,50.111304],[14.378085,50.111363],[14.378097,50.111373],[14.378129,50.111421],[14.378151,50.11145],[14.378308,50.111573],[14.378369,50.111551],[14.378518,50.11171],[14.378735,50.11182],[14.379012,50.111908],[14.379442,50.11201],[14.379826,50.112062],[14.38072,50.112631],[14.381756,50.112605],[14.382337,50.112657],[14.383612,50.112834]]]}},{"type":"Feature","properties":{"cislo":6028,"kod":26699,"mestskaCast":"praha-6"},"geometry":{"type":"Polygon","coordinates":[[[14.373303,50.10787],[14.373335,50.107918],[14.373369,50.107957],[14.373391,50.107986],[14.37333,50.108008],[14.373195,50.108042],[14.372937,50.108128],[14.372949,50.108138],[14.372991,50.108205],[14.372993,50.108196],[14.373007,50.108197],[14.373019,50.108207],[14.373031,50.108218],[14.373238,50.108499],[14.373236,50.108508],[14.373345,50.109053],[14.373367,50.109082],[14.373391,50.109103],[14.373415,50.109123],[14.373468,50.109137],[14.373521,50.109151],[14.373708,50.109204],[14.373842,50.109234],[14.374127,50.109286],[14.374169,50.10929],[14.374224,50.109295],[14.374252,50.109297],[14.374294,50.109301],[14.374309,50.109293],[14.374337,50.109296],[14.374353,50.109288],[14.374452,50.109288],[14.374628,50.109585],[14.374786,50.109835],[14.374848,50.10994],[14.374975,50.11007],[14.375182,50.110224],[14.376023,50.109727],[14.376072,50.109759],[14.37617,50.109831],[14.376243,50.109883],[14.376305,50.109925],[14.37638,50.109968],[14.376495,50.110023],[14.376519,50.110043],[14.376559,50.110056],[14.376622,50.110089],[14.376672,50.110121],[14.376698,50.110132],[14.37689,50.110222],[14.377136,50.110325],[14.377279,50.110383],[14.377424,50.110432],[14.377475,50.110455],[14.377632,50.110515],[14.3778,50.110584],[14.377837,50.110478],[14.377912,50.110458],[14.378043,50.110442],[14.378185,50.110437],[14.378458,50.110415],[14.378421,50.110321],[14.37836,50.11008],[14.378327,50.109841],[14.378308,50.109404],[14.378387,50.109102],[14.378469,50.108919],[14.378619,50.108678],[14.378873,50.108419],[14.379317,50.108059],[14.379487,50.107857],[14.379579,50.107629],[14.37963,50.107325],[14.37967,50.106874],[14.377068,50.106834],[14.376672,50.107098],[14.376006,50.107638],[14.375516,50.106832],[14.3742,50.107178],[14.37398,50.106822],[14.37337,50.106968],[14.37277,50.107132],[14.373031,50.107428],[14.373394,50.107841],[14.373303,50.10787]]]}},{"type":"Feature","properties":{"cislo":6029,"kod":26701,"mestskaCast":"praha-6"},"geometry":{"type":"Polygon","coordinates":[[[14.37398,50.106822],[14.3742,50.107178],[14.375516,50.106832],[14.376006,50.107638],[14.376672,50.107098],[14.377068,50.106834],[14.37967,50.106874],[14.379724,50.106162],[14.379785,50.105814],[14.379935,50.105446],[14.380087,50.105196],[14.380315,50.104989],[14.380552,50.104675],[14.380905,50.104216],[14.381148,50.103938],[14.376816,50.103671],[14.376719,50.103662],[14.373126,50.103443],[14.373122,50.103787],[14.373087,50.104084],[14.372989,50.104538],[14.372963,50.104726],[14.372988,50.104937],[14.373057,50.105206],[14.373178,50.105499],[14.373474,50.106024],[14.37398,50.106822]]]}},{"type":"Feature","properties":{"cislo":6030,"kod":26703,"mestskaCast":"praha-6"},"geometry":{"type":"Polygon","coordinates":[[[14.366925,50.105305],[14.366979,50.105383],[14.367011,50.105431],[14.367033,50.10546],[14.367043,50.105479],[14.36709,50.10552],[14.367124,50.105559],[14.367117,50.105595],[14.367129,50.105605],[14.367101,50.105666],[14.367452,50.105743],[14.367415,50.105912],[14.367448,50.106024],[14.367739,50.106113],[14.367488,50.106363],[14.367484,50.106381],[14.367318,50.106493],[14.367505,50.106546],[14.367715,50.106683],[14.367777,50.106788],[14.367652,50.106977],[14.36799,50.10698],[14.368125,50.10701],[14.368152,50.107012],[14.368261,50.107031],[14.368315,50.107045],[14.368343,50.107047],[14.368487,50.107096],[14.368541,50.10711],[14.368685,50.107159],[14.368699,50.107161],[14.369007,50.106716],[14.36901,50.106698],[14.36903,50.106673],[14.369165,50.106766],[14.369268,50.106812],[14.369464,50.106884],[14.369663,50.106947],[14.369866,50.106983],[14.370086,50.107012],[14.370466,50.107018],[14.370861,50.107017],[14.371136,50.107051],[14.371417,50.107121],[14.371536,50.107159],[14.371813,50.107383],[14.371992,50.107535],[14.372163,50.107659],[14.372302,50.107735],[14.372419,50.107782],[14.372642,50.107856],[14.372805,50.107889],[14.372985,50.107905],[14.373098,50.107906],[14.373198,50.107897],[14.373303,50.10787],[14.373394,50.107841],[14.373031,50.107428],[14.37277,50.107132],[14.37337,50.106968],[14.37398,50.106822],[14.373474,50.106024],[14.373178,50.105499],[14.373057,50.105206],[14.372988,50.104937],[14.372963,50.104726],[14.372989,50.104538],[14.373087,50.104084],[14.373122,50.103787],[14.373126,50.103443],[14.371772,50.10324],[14.37008,50.102972],[14.369929,50.103412],[14.36969,50.104126],[14.369532,50.104602],[14.369185,50.104508],[14.368899,50.104392],[14.368558,50.104207],[14.368432,50.104532],[14.368359,50.104607],[14.367932,50.104823],[14.367786,50.10491],[14.367711,50.104931],[14.367581,50.105209],[14.36752,50.105295],[14.367435,50.105296],[14.367366,50.10529],[14.367223,50.105296],[14.367218,50.105322],[14.367196,50.105357],[14.367063,50.105318],[14.366925,50.105305]]]}},{"type":"Feature","properties":{"cislo":6031,"kod":26705,"mestskaCast":"praha-6"},"geometry":{"type":"Polygon","coordinates":[[[14.373126,50.103443],[14.373042,50.102582],[14.372946,50.102111],[14.372775,50.101596],[14.372512,50.10111],[14.372209,50.100683],[14.371835,50.100323],[14.37106,50.099792],[14.370486,50.100031],[14.370047,50.100237],[14.369787,50.100395],[14.369571,50.100549],[14.369227,50.100836],[14.369138,50.100919],[14.368923,50.101263],[14.368863,50.101411],[14.368836,50.101473],[14.368824,50.101462],[14.368791,50.101614],[14.368738,50.1016],[14.368734,50.101618],[14.368732,50.101627],[14.36873,50.101636],[14.368705,50.101688],[14.368701,50.101706],[14.368653,50.101865],[14.368651,50.101874],[14.368643,50.101909],[14.368624,50.101935],[14.368516,50.102043],[14.3685,50.102051],[14.368356,50.102192],[14.368319,50.102234],[14.368317,50.102243],[14.368282,50.102276],[14.368211,50.102343],[14.36818,50.102358],[14.368162,50.102375],[14.368085,50.102404],[14.367601,50.102225],[14.366627,50.101902],[14.36645,50.101868],[14.365259,50.101699],[14.365012,50.101668],[14.36501,50.10194],[14.364966,50.102145],[14.364886,50.102383],[14.364804,50.102566],[14.364756,50.102662],[14.36443,50.102996],[14.364347,50.103052],[14.364385,50.103073],[14.364742,50.103187],[14.364755,50.103188],[14.364663,50.103289],[14.364645,50.103305],[14.364496,50.103474],[14.364494,50.103483],[14.364366,50.103553],[14.364319,50.103576],[14.364256,50.103607],[14.363836,50.103723],[14.363927,50.103759],[14.364101,50.103802],[14.364654,50.10425],[14.36486,50.104277],[14.366925,50.105305],[14.367063,50.105318],[14.367196,50.105357],[14.367218,50.105322],[14.367223,50.105296],[14.367366,50.10529],[14.367435,50.105296],[14.36752,50.105295],[14.367581,50.105209],[14.367711,50.104931],[14.367786,50.10491],[14.367932,50.104823],[14.368359,50.104607],[14.368432,50.104532],[14.368558,50.104207],[14.368899,50.104392],[14.369185,50.104508],[14.369532,50.104602],[14.36969,50.104126],[14.369929,50.103412],[14.37008,50.102972],[14.371772,50.10324],[14.373126,50.103443]]]}},{"type":"Feature","properties":{"cislo":6032,"kod":26707,"mestskaCast":"praha-6"},"geometry":{"type":"Polygon","coordinates":[[[14.361806,50.101809],[14.362006,50.101863],[14.362013,50.102027],[14.362033,50.102065],[14.362087,50.102342],[14.362111,50.10249],[14.362083,50.102623],[14.362099,50.102743],[14.36213,50.102864],[14.362166,50.102958],[14.362244,50.103055],[14.362375,50.103167],[14.362522,50.103271],[14.362604,50.10335],[14.362757,50.103555],[14.362807,50.10365],[14.362893,50.103776],[14.362984,50.103811],[14.36304,50.103816],[14.36315,50.103826],[14.363295,50.103811],[14.363482,50.103792],[14.363674,50.103754],[14.363836,50.103723],[14.364256,50.103607],[14.364319,50.103576],[14.364366,50.103553],[14.364494,50.103483],[14.364496,50.103474],[14.364645,50.103305],[14.364663,50.103289],[14.364755,50.103188],[14.364742,50.103187],[14.364385,50.103073],[14.364347,50.103052],[14.36443,50.102996],[14.364756,50.102662],[14.364804,50.102566],[14.364886,50.102383],[14.364966,50.102145],[14.36501,50.10194],[14.365012,50.101668],[14.365259,50.101699],[14.36645,50.101868],[14.366627,50.101902],[14.367601,50.102225],[14.368085,50.102404],[14.368162,50.102375],[14.36818,50.102358],[14.368211,50.102343],[14.368282,50.102276],[14.368317,50.102243],[14.368319,50.102234],[14.368356,50.102192],[14.3685,50.102051],[14.368516,50.102043],[14.368624,50.101935],[14.368643,50.101909],[14.368651,50.101874],[14.368653,50.101865],[14.368701,50.101706],[14.368705,50.101688],[14.36873,50.101636],[14.368732,50.101627],[14.368734,50.101618],[14.368738,50.1016],[14.368791,50.101614],[14.368824,50.101462],[14.368836,50.101473],[14.368863,50.101411],[14.368923,50.101263],[14.369138,50.100919],[14.369227,50.100836],[14.369571,50.100549],[14.369787,50.100395],[14.370047,50.100237],[14.370486,50.100031],[14.37106,50.099792],[14.370518,50.099489],[14.370054,50.099285],[14.369996,50.099225],[14.370051,50.099039],[14.369028,50.098939],[14.366362,50.098738],[14.365359,50.098676],[14.364955,50.098913],[14.364664,50.099086],[14.363948,50.099531],[14.363621,50.099738],[14.363264,50.099951],[14.363044,50.100122],[14.362282,50.101107],[14.361806,50.101809]]]}},{"type":"Feature","properties":{"cislo":6033,"kod":26709,"mestskaCast":"praha-6"},"geometry":{"type":"Polygon","coordinates":[[[14.38867,50.124541],[14.389137,50.124458],[14.389218,50.124384],[14.389567,50.124254],[14.389735,50.124192],[14.389872,50.124141],[14.39005,50.12414],[14.390056,50.124139],[14.390323,50.124125],[14.390428,50.124119],[14.391145,50.124075],[14.39142,50.123968],[14.391441,50.123959],[14.391693,50.123856],[14.392026,50.12368],[14.392214,50.123638],[14.392349,50.123515],[14.392351,50.123512],[14.392355,50.123508],[14.392472,50.123388],[14.392484,50.123376],[14.392501,50.123367],[14.392516,50.12336],[14.392556,50.123354],[14.392563,50.123352],[14.392569,50.12335],[14.392645,50.123328],[14.392662,50.123313],[14.392696,50.123284],[14.392715,50.123268],[14.392731,50.123255],[14.392734,50.123251],[14.392748,50.123235],[14.392776,50.123204],[14.392788,50.123192],[14.392815,50.123161],[14.392817,50.123158],[14.392824,50.123151],[14.392831,50.123144],[14.392854,50.12312],[14.392861,50.123113],[14.392862,50.123111],[14.392894,50.123074],[14.392899,50.123068],[14.3929,50.123067],[14.39292,50.123044],[14.39293,50.123033],[14.392936,50.123028],[14.392971,50.122991],[14.393006,50.122956],[14.393024,50.122941],[14.39306,50.122914],[14.393084,50.122897],[14.393162,50.122857],[14.39317,50.122852],[14.393205,50.122835],[14.393224,50.122824],[14.393225,50.122823],[14.393235,50.122811],[14.393239,50.122806],[14.393243,50.122799],[14.393265,50.122762],[14.393279,50.122734],[14.393298,50.122698],[14.393303,50.122689],[14.393332,50.122639],[14.393353,50.12261],[14.393367,50.122591],[14.39337,50.122587],[14.393409,50.122538],[14.39343,50.122542],[14.393437,50.122543],[14.393424,50.122555],[14.393516,50.122603],[14.393557,50.122593],[14.393627,50.122525],[14.393694,50.122554],[14.393689,50.122546],[14.39375,50.122589],[14.393874,50.122667],[14.393873,50.122668],[14.393879,50.12267],[14.393925,50.12259],[14.393573,50.122259],[14.393283,50.121834],[14.39347,50.121751],[14.393468,50.12176],[14.393498,50.121817],[14.393662,50.121777],[14.393858,50.121721],[14.394138,50.121728],[14.394196,50.121724],[14.394429,50.12169],[14.394482,50.121704],[14.394953,50.1218],[14.394953,50.1218],[14.394951,50.121798],[14.394955,50.121799],[14.394193,50.120617],[14.393655,50.119444],[14.393408,50.117897],[14.39354,50.117346],[14.393732,50.116519],[14.393811,50.116217],[14.393024,50.116002],[14.392945,50.115977],[14.392891,50.115963],[14.392865,50.115952],[14.392814,50.115929],[14.392608,50.115838],[14.392554,50.115824],[14.392219,50.115677],[14.392153,50.115653],[14.392076,50.115618],[14.392024,50.115596],[14.391803,50.115313],[14.391921,50.115024],[14.392242,50.114517],[14.392571,50.114101],[14.392758,50.113691],[14.391941,50.113682],[14.391537,50.113656],[14.391197,50.113662],[14.390768,50.113687],[14.390551,50.113713],[14.390559,50.113741],[14.390565,50.113778],[14.390572,50.113815],[14.390619,50.114055],[14.390445,50.114076],[14.39039,50.114135],[14.390335,50.114193],[14.390304,50.114272],[14.390318,50.114273],[14.390291,50.114335],[14.390484,50.114551],[14.390574,50.114659],[14.390652,50.114757],[14.390634,50.114773],[14.390466,50.115031],[14.389523,50.115346],[14.389036,50.115312],[14.388708,50.115329],[14.388594,50.115337],[14.388522,50.115339],[14.38866,50.115488],[14.388708,50.115592],[14.388693,50.115727],[14.388645,50.116412],[14.388662,50.116532],[14.388744,50.116675],[14.388845,50.116793],[14.388907,50.116771],[14.388941,50.116811],[14.388964,50.116831],[14.389048,50.116965],[14.389174,50.117167],[14.389321,50.117407],[14.389353,50.117455],[14.389388,50.117486],[14.389422,50.117525],[14.389474,50.117611],[14.389431,50.11788],[14.389427,50.117898],[14.389425,50.117906],[14.389645,50.118262],[14.389628,50.118278],[14.389602,50.118331],[14.389593,50.118375],[14.389605,50.118385],[14.389617,50.118395],[14.389652,50.118426],[14.389594,50.118502],[14.389598,50.118612],[14.389599,50.118739],[14.389584,50.118746],[14.389505,50.118785],[14.389371,50.118818],[14.389163,50.118863],[14.389005,50.118877],[14.388867,50.118864],[14.388797,50.118858],[14.388619,50.118833],[14.388251,50.1191],[14.387991,50.118995],[14.38757,50.118922],[14.38729,50.118842],[14.386755,50.118441],[14.38649,50.1181],[14.386104,50.117857],[14.385741,50.117706],[14.38535,50.11749],[14.385169,50.117347],[14.384548,50.11702],[14.383739,50.116775],[14.383698,50.116772],[14.383561,50.11675],[14.383433,50.116757],[14.382603,50.116811],[14.382559,50.116816],[14.382444,50.116824],[14.38219,50.116955],[14.381782,50.116883],[14.38131,50.11685],[14.380878,50.116757],[14.380715,50.116725],[14.3805,50.116678],[14.380432,50.116663],[14.38038,50.116577],[14.380324,50.116508],[14.379999,50.116316],[14.379503,50.11619],[14.379349,50.116122],[14.379311,50.116101],[14.379299,50.11609],[14.379252,50.116113],[14.379204,50.116136],[14.379438,50.11584],[14.379449,50.115786],[14.379492,50.115654],[14.379515,50.115547],[14.37952,50.11552],[14.379522,50.115511],[14.379542,50.115486],[14.379553,50.115432],[14.379559,50.115406],[14.3795,50.115418],[14.379413,50.115429],[14.379328,50.11543],[14.37926,50.115415],[14.379185,50.115372],[14.379133,50.115286],[14.379126,50.115186],[14.379094,50.115074],[14.379014,50.114985],[14.378889,50.11491],[14.3788,50.114866],[14.378707,50.11484],[14.378319,50.114805],[14.378176,50.114811],[14.37807,50.114783],[14.377982,50.11473],[14.377835,50.114563],[14.377606,50.114442],[14.376717,50.114182],[14.376356,50.114023],[14.376061,50.113951],[14.37585,50.113878],[14.375477,50.113709],[14.375497,50.113683],[14.375868,50.113072],[14.375826,50.112941],[14.375909,50.112422],[14.3763,50.112375],[14.376599,50.112302],[14.377005,50.112183],[14.377064,50.11217],[14.377244,50.112186],[14.377532,50.11203],[14.378024,50.111448],[14.378097,50.111373],[14.378085,50.111363],[14.378041,50.111304],[14.378007,50.111265],[14.37793,50.111031],[14.377853,50.110734],[14.3778,50.110584],[14.377632,50.110515],[14.377475,50.110455],[14.377424,50.110432],[14.377279,50.110383],[14.377136,50.110325],[14.37689,50.110222],[14.376698,50.110132],[14.376672,50.110121],[14.376622,50.110089],[14.376559,50.110056],[14.376519,50.110043],[14.376495,50.110023],[14.37638,50.109968],[14.376305,50.109925],[14.376243,50.109883],[14.37617,50.109831],[14.376072,50.109759],[14.376023,50.109727],[14.375182,50.110224],[14.374975,50.11007],[14.374848,50.10994],[14.374786,50.109835],[14.374628,50.109585],[14.374452,50.109288],[14.374353,50.109288],[14.374337,50.109296],[14.374309,50.109293],[14.374294,50.109301],[14.374252,50.109297],[14.374224,50.109295],[14.374169,50.10929],[14.374127,50.109286],[14.373842,50.109234],[14.373708,50.109204],[14.373521,50.109151],[14.373468,50.109137],[14.373415,50.109123],[14.373391,50.109103],[14.373367,50.109082],[14.373345,50.109053],[14.373236,50.108508],[14.373238,50.108499],[14.373031,50.108218],[14.373019,50.108207],[14.373007,50.108197],[14.372993,50.108196],[14.372991,50.108205],[14.372949,50.108138],[14.372937,50.108128],[14.373195,50.108042],[14.37333,50.108008],[14.373391,50.107986],[14.373369,50.107957],[14.373335,50.107918],[14.373303,50.10787],[14.373198,50.107897],[14.373098,50.107906],[14.372985,50.107905],[14.372805,50.107889],[14.372642,50.107856],[14.372419,50.107782],[14.372302,50.107735],[14.372163,50.107659],[14.371992,50.107535],[14.371813,50.107383],[14.371536,50.107159],[14.371417,50.107121],[14.371136,50.107051],[14.370861,50.107017],[14.370466,50.107018],[14.370086,50.107012],[14.369866,50.106983],[14.369663,50.106947],[14.369464,50.106884],[14.369268,50.106812],[14.369165,50.106766],[14.36903,50.106673],[14.36901,50.106698],[14.369007,50.106716],[14.368699,50.107161],[14.368685,50.107159],[14.368541,50.10711],[14.368487,50.107096],[14.368343,50.107047],[14.368315,50.107045],[14.368261,50.107031],[14.368152,50.107012],[14.368125,50.10701],[14.36799,50.10698],[14.367652,50.106977],[14.367777,50.106788],[14.367715,50.106683],[14.367505,50.106546],[14.367318,50.106493],[14.367484,50.106381],[14.367488,50.106363],[14.367739,50.106113],[14.367448,50.106024],[14.367415,50.105912],[14.367452,50.105743],[14.367101,50.105666],[14.367129,50.105605],[14.367117,50.105595],[14.367124,50.105559],[14.36709,50.10552],[14.367043,50.105479],[14.367033,50.10546],[14.367011,50.105431],[14.366979,50.105383],[14.366925,50.105305],[14.36486,50.104277],[14.364654,50.10425],[14.364101,50.103802],[14.363927,50.103759],[14.363836,50.103723],[14.363674,50.103754],[14.363482,50.103792],[14.363295,50.103811],[14.36315,50.103826],[14.36304,50.103816],[14.362984,50.103811],[14.362893,50.103776],[14.362807,50.10365],[14.362757,50.103555],[14.362604,50.10335],[14.362522,50.103271],[14.362375,50.103167],[14.362244,50.103055],[14.362166,50.102958],[14.36213,50.102864],[14.362099,50.102743],[14.362083,50.102623],[14.362111,50.10249],[14.362087,50.102342],[14.362033,50.102065],[14.362013,50.102027],[14.362006,50.101863],[14.361806,50.101809],[14.361538,50.102203],[14.360687,50.102681],[14.360614,50.102629],[14.360476,50.10268],[14.360142,50.102786],[14.359085,50.10311],[14.358862,50.103163],[14.35854,50.103152],[14.356868,50.102921],[14.355607,50.102682],[14.355193,50.102573],[14.35504,50.102559],[14.354955,50.10256],[14.35487,50.102562],[14.354813,50.102566],[14.354679,50.102599],[14.354555,50.102652],[14.354458,50.102707],[14.354358,50.10278],[14.354283,50.102864],[14.354224,50.10294],[14.354164,50.103025],[14.354129,50.103122],[14.354122,50.103221],[14.354146,50.103369],[14.35418,50.103408],[14.354204,50.103428],[14.353888,50.103518],[14.353481,50.103573],[14.352899,50.103657],[14.35203,50.103761],[14.351546,50.103909],[14.351153,50.104028],[14.350846,50.104146],[14.350724,50.104189],[14.350277,50.104494],[14.350097,50.104542],[14.349878,50.104577],[14.349568,50.104704],[14.349152,50.105066],[14.348856,50.105194],[14.348623,50.105291],[14.348353,50.10543],[14.348608,50.105689],[14.348803,50.105897],[14.348705,50.106025],[14.348543,50.106056],[14.348303,50.106188],[14.348024,50.106173],[14.348038,50.106237],[14.347898,50.106234],[14.347783,50.106178],[14.347325,50.106337],[14.347282,50.106406],[14.346662,50.106469],[14.346581,50.106516],[14.346337,50.106403],[14.346272,50.106507],[14.345597,50.106564],[14.345324,50.106585],[14.345142,50.106578],[14.344382,50.106701],[14.344066,50.106855],[14.343748,50.106826],[14.343635,50.106889],[14.343302,50.106668],[14.343236,50.106581],[14.342677,50.106622],[14.342168,50.106758],[14.34219,50.106787],[14.342215,50.106798],[14.342249,50.106838],[14.34192,50.10699],[14.341788,50.107142],[14.341868,50.10723],[14.341549,50.107338],[14.341376,50.107286],[14.341305,50.107353],[14.340869,50.107414],[14.340528,50.107619],[14.340325,50.107646],[14.34019,50.107553],[14.340012,50.107528],[14.33955,50.107641],[14.339211,50.107901],[14.338688,50.1081],[14.338247,50.108251],[14.33781,50.108375],[14.337723,50.108386],[14.337387,50.108374],[14.336988,50.108329],[14.336802,50.10834],[14.336612,50.108305],[14.336077,50.107903],[14.335811,50.107634],[14.335578,50.107468],[14.335476,50.107286],[14.335249,50.106903],[14.335164,50.106578],[14.335155,50.106486],[14.335259,50.106268],[14.335315,50.106137],[14.335297,50.106027],[14.335187,50.105881],[14.335031,50.105622],[14.334981,50.105463],[14.334991,50.105282],[14.335095,50.104802],[14.334972,50.104328],[14.335179,50.103693],[14.334757,50.103818],[14.334566,50.104182],[14.334424,50.104315],[14.334104,50.104686],[14.333928,50.104979],[14.333576,50.105565],[14.333386,50.105983],[14.333215,50.106322],[14.333015,50.106658],[14.332922,50.106895],[14.333004,50.107365],[14.332949,50.107487],[14.332603,50.107847],[14.332353,50.108024],[14.332078,50.108254],[14.33181,50.108511],[14.331492,50.108746],[14.331285,50.108918],[14.331284,50.108918],[14.331059,50.109131],[14.331018,50.10921],[14.331067,50.1094],[14.331152,50.109583],[14.331164,50.109608],[14.331307,50.109681],[14.332174,50.109586],[14.332787,50.109499],[14.333448,50.109484],[14.33417,50.109418],[14.33497,50.109186],[14.335388,50.109062],[14.335774,50.108909],[14.335786,50.108987],[14.335866,50.109524],[14.335918,50.109694],[14.336816,50.109544],[14.337088,50.109498],[14.337361,50.109453],[14.337515,50.109427],[14.337636,50.109417],[14.337913,50.109394],[14.338262,50.109365],[14.33846,50.109337],[14.338675,50.109307],[14.338825,50.109286],[14.338983,50.109264],[14.339278,50.109223],[14.339684,50.109183],[14.339627,50.108962],[14.339761,50.10889],[14.339769,50.108886],[14.339806,50.108821],[14.340125,50.108643],[14.340443,50.108536],[14.340533,50.10855],[14.340963,50.108525],[14.341663,50.108461],[14.34185,50.108662],[14.342425,50.109002],[14.342506,50.109046],[14.342589,50.109092],[14.34304,50.109128],[14.343246,50.109159],[14.343529,50.109204],[14.343722,50.109178],[14.343899,50.109125],[14.343989,50.109097],[14.344041,50.109082],[14.344162,50.109177],[14.344167,50.10918],[14.344184,50.109194],[14.344387,50.109365],[14.344437,50.109408],[14.344442,50.109413],[14.344507,50.109468],[14.344581,50.10953],[14.344985,50.109392],[14.345582,50.109183],[14.345835,50.109109],[14.346043,50.109047],[14.34607,50.109039],[14.346129,50.109023],[14.346184,50.109009],[14.346482,50.108965],[14.346583,50.108969],[14.346688,50.109015],[14.346858,50.109129],[14.346961,50.109146],[14.347464,50.109227],[14.347612,50.109126],[14.347666,50.109157],[14.347906,50.109292],[14.347946,50.109313],[14.348016,50.109352],[14.348335,50.109197],[14.348667,50.109085],[14.348989,50.109027],[14.349301,50.108994],[14.350052,50.108999],[14.350385,50.109034],[14.350396,50.108977],[14.35118,50.109014],[14.351639,50.109059],[14.351829,50.109078],[14.352105,50.109077],[14.352622,50.109118],[14.352616,50.109288],[14.352606,50.109597],[14.352976,50.109813],[14.353186,50.110116],[14.353357,50.110362],[14.353959,50.111554],[14.353922,50.1116],[14.353909,50.111779],[14.353973,50.111927],[14.35411,50.112077],[14.354312,50.112223],[14.354316,50.112225],[14.354386,50.112262],[14.354417,50.112278],[14.354293,50.112331],[14.354255,50.112348],[14.354175,50.112382],[14.354133,50.112401],[14.354106,50.112412],[14.354018,50.112451],[14.3539,50.112485],[14.353753,50.112529],[14.353426,50.112631],[14.353132,50.11271],[14.352495,50.112779],[14.352326,50.112827],[14.352176,50.112915],[14.352019,50.113115],[14.351873,50.113483],[14.351834,50.113751],[14.35184,50.113876],[14.351914,50.114146],[14.351923,50.114282],[14.351869,50.114472],[14.352048,50.114555],[14.352125,50.114586],[14.352263,50.11464],[14.352551,50.114697],[14.352885,50.114735],[14.353268,50.114779],[14.355221,50.114999],[14.355202,50.115053],[14.355229,50.115102],[14.35523,50.115104],[14.355234,50.11511],[14.355363,50.11534],[14.355299,50.115454],[14.355201,50.115627],[14.355204,50.115676],[14.354995,50.115888],[14.35479,50.116033],[14.354632,50.116067],[14.354199,50.116119],[14.3542,50.11615],[14.354592,50.116238],[14.35462,50.11624],[14.354765,50.116248],[14.354942,50.116226],[14.355192,50.11618],[14.355276,50.116165],[14.356875,50.116087],[14.358199,50.11606],[14.358537,50.116037],[14.358685,50.116026],[14.359199,50.116036],[14.359799,50.116005],[14.360129,50.116022],[14.360443,50.116021],[14.360785,50.116019],[14.361222,50.116148],[14.361464,50.116266],[14.361578,50.116241],[14.361702,50.116086],[14.361885,50.115865],[14.361887,50.115861],[14.361902,50.115829],[14.361926,50.115774],[14.361931,50.115764],[14.36195,50.115722],[14.362072,50.115564],[14.362327,50.115256],[14.36243,50.115086],[14.362566,50.11496],[14.362568,50.114958],[14.36261,50.114927],[14.362961,50.114667],[14.363122,50.114569],[14.363156,50.114549],[14.363919,50.113962],[14.363984,50.113901],[14.364308,50.113583],[14.364496,50.113275],[14.364513,50.113284],[14.364523,50.113277],[14.364501,50.113266],[14.364548,50.11323],[14.364593,50.113182],[14.364667,50.113148],[14.364717,50.113127],[14.364723,50.113125],[14.364768,50.113082],[14.364791,50.113098],[14.365106,50.112897],[14.365268,50.11285],[14.365534,50.112696],[14.365625,50.11261],[14.365834,50.112558],[14.366023,50.112446],[14.366033,50.112405],[14.366148,50.11232],[14.366308,50.112268],[14.366336,50.112242],[14.366413,50.112168],[14.366418,50.112034],[14.366494,50.111979],[14.366482,50.111885],[14.366908,50.111962],[14.367019,50.112069],[14.366994,50.112326],[14.367336,50.11259],[14.367504,50.11273],[14.367541,50.112759],[14.367653,50.112848],[14.367381,50.112908],[14.367787,50.112994],[14.368036,50.112806],[14.368558,50.112733],[14.368522,50.112933],[14.368511,50.112992],[14.36848,50.113166],[14.368434,50.113417],[14.368461,50.113567],[14.368598,50.114298],[14.368571,50.114713],[14.368563,50.114825],[14.36873,50.115514],[14.368685,50.11566],[14.368655,50.115709],[14.368511,50.115977],[14.368608,50.116246],[14.368668,50.116413],[14.368674,50.116527],[14.368688,50.116797],[14.368716,50.117094],[14.369436,50.117023],[14.369482,50.117326],[14.369437,50.117532],[14.369403,50.117691],[14.36959,50.117849],[14.369867,50.117915],[14.369906,50.117988],[14.370034,50.118033],[14.370107,50.118059],[14.370309,50.11831],[14.370355,50.118418],[14.370402,50.118543],[14.370381,50.118691],[14.370344,50.118962],[14.370889,50.119075],[14.371189,50.119136],[14.371236,50.119146],[14.3715,50.119199],[14.371534,50.11921],[14.371534,50.11921],[14.372264,50.119445],[14.37291,50.119654],[14.373294,50.119777],[14.373332,50.119789],[14.373435,50.11982],[14.37371,50.119827],[14.374277,50.119841],[14.374498,50.119903],[14.374785,50.119984],[14.374972,50.120037],[14.375331,50.120136],[14.375395,50.120154],[14.377102,50.1204],[14.377321,50.12036],[14.378249,50.120494],[14.378288,50.120499],[14.379166,50.120617],[14.380036,50.120785],[14.380609,50.120923],[14.381322,50.121112],[14.381869,50.121159],[14.382783,50.121431],[14.382788,50.121433],[14.383193,50.12157],[14.384073,50.121791],[14.384634,50.12193],[14.384697,50.12196],[14.384698,50.12196],[14.384932,50.122071],[14.385117,50.122178],[14.385161,50.122209],[14.385298,50.12231],[14.385483,50.122482],[14.385519,50.122516],[14.38558,50.122626],[14.385695,50.12272],[14.385926,50.122908],[14.386231,50.122754],[14.386327,50.122798],[14.386492,50.122874],[14.386463,50.122968],[14.386206,50.123172],[14.385844,50.123363],[14.385898,50.123425],[14.386158,50.123723],[14.386508,50.12412],[14.386643,50.124259],[14.386681,50.124441],[14.386899,50.124392],[14.386907,50.124405],[14.386919,50.124423],[14.386939,50.124454],[14.387067,50.12457],[14.387078,50.124584],[14.387085,50.124593],[14.38711,50.124623],[14.387117,50.124631],[14.387158,50.124619],[14.387224,50.124601],[14.387324,50.124577],[14.387515,50.124514],[14.387541,50.124505],[14.387637,50.124459],[14.38778,50.124375],[14.387851,50.124324],[14.387902,50.124279],[14.387877,50.124267],[14.387866,50.124222],[14.387866,50.124203],[14.38787,50.124202],[14.387883,50.124199],[14.387956,50.124181],[14.387987,50.124143],[14.388041,50.124096],[14.38811,50.124051],[14.388191,50.124005],[14.388302,50.123943],[14.388354,50.123928],[14.388409,50.123922],[14.388522,50.12393],[14.388507,50.123988],[14.388486,50.124073],[14.38845,50.124218],[14.388505,50.124414],[14.38867,50.124541]]]}},{"type":"Feature","properties":{"cislo":6034,"kod":26711,"mestskaCast":"praha-6"},"geometry":{"type":"Polygon","coordinates":[[[14.331619,50.090566],[14.331677,50.090563],[14.331961,50.090488],[14.332574,50.090325],[14.332679,50.090298],[14.332965,50.090215],[14.333117,50.090165],[14.333148,50.090149],[14.333178,50.090143],[14.33321,50.090128],[14.333223,50.090129],[14.333286,50.090098],[14.333334,50.090139],[14.333725,50.090028],[14.333817,50.089991],[14.333983,50.089942],[14.334674,50.08975],[14.334689,50.089742],[14.334733,50.089737],[14.334792,50.089724],[14.334867,50.089704],[14.334942,50.089683],[14.334972,50.089677],[14.334987,50.089669],[14.335001,50.08967],[14.335003,50.089661],[14.335029,50.089609],[14.335009,50.089571],[14.334959,50.089476],[14.334895,50.089379],[14.334912,50.089363],[14.334918,50.089336],[14.335029,50.089019],[14.334953,50.088976],[14.334622,50.088747],[14.334334,50.088449],[14.334702,50.088246],[14.334648,50.088168],[14.334682,50.088144],[14.334807,50.088019],[14.334949,50.087886],[14.335092,50.087745],[14.335149,50.087677],[14.335151,50.087669],[14.335245,50.087559],[14.335263,50.087542],[14.335298,50.087509],[14.335318,50.087484],[14.335339,50.087449],[14.335341,50.08744],[14.335361,50.087415],[14.335398,50.087373],[14.33542,50.087338],[14.335435,50.087331],[14.33551,50.087247],[14.335514,50.087229],[14.335551,50.087187],[14.33559,50.087136],[14.335606,50.087128],[14.335661,50.08707],[14.335773,50.086943],[14.33581,50.086901],[14.335881,50.086835],[14.336001,50.086737],[14.336019,50.08672],[14.336133,50.086649],[14.336166,50.086624],[14.336263,50.08657],[14.33631,50.086547],[14.336357,50.086524],[14.336495,50.086409],[14.336603,50.0863],[14.336565,50.086279],[14.336539,50.086267],[14.336541,50.086259],[14.337004,50.085946],[14.337214,50.085819],[14.337501,50.085736],[14.337765,50.085687],[14.338105,50.085681],[14.338538,50.085702],[14.338789,50.085715],[14.338874,50.085713],[14.338842,50.085665],[14.338784,50.085606],[14.338573,50.085342],[14.338179,50.08488],[14.338135,50.084821],[14.338091,50.084763],[14.338046,50.084777],[14.33801,50.084747],[14.33815,50.084687],[14.338173,50.084643],[14.33814,50.084604],[14.337975,50.084453],[14.338053,50.084415],[14.338144,50.084387],[14.338219,50.084366],[14.33828,50.084344],[14.338588,50.084226],[14.338864,50.084124],[14.339599,50.083854],[14.340151,50.083649],[14.340579,50.083496],[14.341194,50.083261],[14.341378,50.083196],[14.342068,50.082939],[14.342344,50.082837],[14.342529,50.082763],[14.342541,50.082773],[14.342539,50.082718],[14.342528,50.082572],[14.342519,50.082417],[14.342506,50.082216],[14.342506,50.082016],[14.342496,50.08187],[14.342491,50.081824],[14.342489,50.08177],[14.342477,50.081433],[14.342314,50.081273],[14.342187,50.081144],[14.342163,50.081123],[14.342139,50.081103],[14.342129,50.081084],[14.342117,50.081074],[14.342105,50.081064],[14.342079,50.081052],[14.342069,50.081033],[14.341954,50.080914],[14.341805,50.080756],[14.341816,50.080702],[14.341569,50.080607],[14.3414,50.080538],[14.340311,50.080096],[14.340325,50.080097],[14.340182,50.080039],[14.34018,50.080048],[14.33992,50.079943],[14.339518,50.07978],[14.339429,50.079736],[14.33913,50.079618],[14.338791,50.079488],[14.338558,50.079395],[14.338246,50.079267],[14.338118,50.07921],[14.337896,50.079127],[14.337676,50.079034],[14.337351,50.078906],[14.337284,50.078891],[14.336422,50.078768],[14.33553,50.078652],[14.335502,50.07865],[14.335447,50.078645],[14.335433,50.078644],[14.335405,50.078641],[14.335377,50.078639],[14.335091,50.078595],[14.334582,50.078531],[14.334511,50.078534],[14.334173,50.078531],[14.333824,50.078645],[14.333629,50.0787],[14.333538,50.078729],[14.333536,50.078737],[14.333339,50.078802],[14.332963,50.078913],[14.33284,50.078957],[14.332627,50.079028],[14.332552,50.079049],[14.332294,50.079135],[14.332036,50.079221],[14.331762,50.079314],[14.331764,50.079305],[14.331641,50.079349],[14.331428,50.079421],[14.331186,50.079499],[14.331002,50.079564],[14.330791,50.079627],[14.330687,50.079654],[14.33061,50.079683],[14.33058,50.07969],[14.330492,50.079709],[14.330049,50.079797],[14.329931,50.079822],[14.329828,50.07984],[14.32955,50.079888],[14.329238,50.07996],[14.329063,50.07999],[14.328739,50.080052],[14.328502,50.080103],[14.328165,50.080164],[14.328076,50.080183],[14.327944,50.080208],[14.327768,50.080237],[14.327754,50.080236],[14.32762,50.080269],[14.327606,50.080268],[14.327501,50.080295],[14.326972,50.080393],[14.326722,50.080443],[14.326325,50.080517],[14.326193,50.080541],[14.32612,50.080553],[14.325944,50.080583],[14.325796,50.080615],[14.325605,50.080652],[14.325474,50.080668],[14.325387,50.080678],[14.325283,50.080705],[14.324928,50.080782],[14.324517,50.080854],[14.324326,50.080892],[14.324091,50.080934],[14.323297,50.081081],[14.322709,50.081192],[14.32187,50.081353],[14.321414,50.081439],[14.321209,50.081475],[14.32103,50.081587],[14.320843,50.081733],[14.32067,50.081881],[14.320528,50.082014],[14.320527,50.082086],[14.320508,50.082175],[14.320544,50.082333],[14.320585,50.0826],[14.320593,50.082628],[14.320589,50.082646],[14.320646,50.082905],[14.320652,50.082942],[14.320707,50.083146],[14.32084,50.083312],[14.321025,50.083501],[14.321079,50.083579],[14.321282,50.083815],[14.321728,50.0843],[14.321901,50.084478],[14.321899,50.084487],[14.321934,50.084518],[14.32196,50.084529],[14.322239,50.084609],[14.323947,50.085061],[14.324013,50.085085],[14.324052,50.085097],[14.32412,50.085113],[14.324238,50.08515],[14.324381,50.085209],[14.324365,50.085216],[14.324361,50.085234],[14.32434,50.085268],[14.324338,50.085277],[14.325034,50.085585],[14.325137,50.08563],[14.325208,50.085691],[14.325232,50.085711],[14.325246,50.085712],[14.325258,50.085723],[14.325256,50.085732],[14.325291,50.085762],[14.325278,50.085761],[14.32523,50.085784],[14.325124,50.08582],[14.325236,50.08602],[14.325246,50.086039],[14.325258,50.086049],[14.325256,50.086058],[14.325268,50.086068],[14.325278,50.086087],[14.325338,50.086202],[14.325399,50.086307],[14.325436,50.086401],[14.325409,50.086589],[14.325407,50.086598],[14.325449,50.086602],[14.325534,50.086601],[14.325548,50.086602],[14.325657,50.086811],[14.325712,50.086952],[14.325738,50.087027],[14.32575,50.087101],[14.325759,50.087193],[14.325745,50.087191],[14.325537,50.087173],[14.32544,50.087164],[14.325426,50.087163],[14.325326,50.087172],[14.325296,50.087178],[14.325102,50.087161],[14.324908,50.087144],[14.324715,50.087126],[14.324519,50.087118],[14.324464,50.087113],[14.324325,50.087101],[14.324131,50.087083],[14.323716,50.087046],[14.323712,50.087064],[14.323697,50.087135],[14.323695,50.087144],[14.323668,50.087269],[14.323658,50.087313],[14.323657,50.087322],[14.323639,50.087403],[14.323635,50.08742],[14.32363,50.087447],[14.323624,50.087474],[14.323622,50.087483],[14.323616,50.087509],[14.323566,50.087741],[14.32356,50.087768],[14.323591,50.087888],[14.323456,50.087858],[14.323417,50.087846],[14.323322,50.087828],[14.323695,50.088451],[14.324074,50.088985],[14.324289,50.089231],[14.324813,50.089613],[14.325094,50.089747],[14.325247,50.089825],[14.326043,50.090059],[14.327709,50.090381],[14.328573,50.090494],[14.328977,50.090585],[14.329032,50.09059],[14.329143,50.090599],[14.329568,50.090656],[14.329944,50.09068],[14.329972,50.090683],[14.330098,50.090685],[14.330493,50.090684],[14.330879,50.090664],[14.331284,50.090618],[14.331619,50.090566]]]}},{"type":"Feature","properties":{"cislo":6035,"kod":26713,"mestskaCast":"praha-6"},"geometry":{"type":"Polygon","coordinates":[[[14.388745,50.106283],[14.389767,50.105729],[14.392256,50.104452],[14.394922,50.104589],[14.39496,50.104347],[14.395109,50.103063],[14.395118,50.103018],[14.395245,50.101968],[14.395297,50.101591],[14.395364,50.100952],[14.395416,50.100576],[14.39388,50.100503],[14.392135,50.100412],[14.391509,50.100374],[14.387878,50.100197],[14.387277,50.100171],[14.385631,50.100079],[14.385606,50.100395],[14.385646,50.100997],[14.385736,50.101495],[14.385906,50.101955],[14.386219,50.1026],[14.386495,50.103088],[14.386518,50.10318],[14.386569,50.103403],[14.386599,50.103787],[14.386577,50.103957],[14.3865,50.10425],[14.386363,50.104492],[14.386439,50.104535],[14.388745,50.106283]]]}},{"type":"Feature","properties":{"cislo":6036,"kod":26715,"mestskaCast":"praha-6"},"geometry":{"type":"Polygon","coordinates":[[[14.385052,50.103631],[14.386518,50.10318],[14.386495,50.103088],[14.386219,50.1026],[14.385906,50.101955],[14.385736,50.101495],[14.385646,50.100997],[14.385606,50.100395],[14.385631,50.100079],[14.383551,50.099976],[14.37991,50.09978],[14.378,50.099673],[14.377907,50.09991],[14.377905,50.099919],[14.377901,50.099937],[14.377899,50.099946],[14.377868,50.100025],[14.377841,50.100086],[14.377837,50.100104],[14.377835,50.100113],[14.377847,50.100123],[14.377845,50.100132],[14.377857,50.100142],[14.377881,50.100162],[14.377895,50.100163],[14.377906,50.100173],[14.37792,50.100175],[14.377916,50.100192],[14.377942,50.100204],[14.377954,50.100214],[14.37798,50.100225],[14.378004,50.100246],[14.37803,50.100257],[14.37804,50.100276],[14.378063,50.100296],[14.378073,50.100315],[14.378084,50.100334],[14.378095,50.100345],[14.378104,50.100373],[14.378112,50.1004],[14.37812,50.100428],[14.378116,50.100446],[14.378106,50.100491],[14.378099,50.100526],[14.37818,50.100543],[14.378172,50.100578],[14.378214,50.100582],[14.378163,50.100686],[14.378122,50.100746],[14.37812,50.100755],[14.377954,50.101067],[14.377802,50.10138],[14.377789,50.101443],[14.377722,50.101428],[14.377655,50.10154],[14.377497,50.10188],[14.377429,50.102001],[14.377369,50.10215],[14.377244,50.102402],[14.377186,50.102605],[14.377017,50.102999],[14.376964,50.102985],[14.376996,50.103097],[14.377006,50.103116],[14.376967,50.10323],[14.376923,50.103372],[14.376855,50.103556],[14.376853,50.103565],[14.376843,50.10361],[14.376842,50.103619],[14.37684,50.103628],[14.37682,50.103653],[14.376816,50.103671],[14.381148,50.103938],[14.380905,50.104216],[14.380552,50.104675],[14.380315,50.104989],[14.38054,50.104864],[14.38097,50.104766],[14.381438,50.10469],[14.381806,50.104686],[14.382231,50.104678],[14.382624,50.104623],[14.382951,50.104543],[14.3832,50.104438],[14.383658,50.104206],[14.384113,50.103929],[14.384707,50.103464],[14.385045,50.10314],[14.385301,50.1028],[14.385052,50.103631]]]}},{"type":"Feature","properties":{"cislo":6037,"kod":26717,"mestskaCast":"praha-6"},"geometry":{"type":"Polygon","coordinates":[[[14.37106,50.099792],[14.371835,50.100323],[14.372209,50.100683],[14.372512,50.10111],[14.372775,50.101596],[14.372946,50.102111],[14.373042,50.102582],[14.373126,50.103443],[14.376719,50.103662],[14.376816,50.103671],[14.37682,50.103653],[14.37684,50.103628],[14.376842,50.103619],[14.376843,50.10361],[14.376853,50.103565],[14.376855,50.103556],[14.376923,50.103372],[14.376967,50.10323],[14.377006,50.103116],[14.376996,50.103097],[14.376964,50.102985],[14.377017,50.102999],[14.377186,50.102605],[14.377244,50.102402],[14.377369,50.10215],[14.377429,50.102001],[14.377497,50.10188],[14.377655,50.10154],[14.377722,50.101428],[14.377789,50.101443],[14.377802,50.10138],[14.377954,50.101067],[14.37812,50.100755],[14.378122,50.100746],[14.378163,50.100686],[14.378214,50.100582],[14.378172,50.100578],[14.37818,50.100543],[14.378099,50.100526],[14.378106,50.100491],[14.378116,50.100446],[14.37812,50.100428],[14.378112,50.1004],[14.378104,50.100373],[14.378095,50.100345],[14.378084,50.100334],[14.378073,50.100315],[14.378063,50.100296],[14.37804,50.100276],[14.37803,50.100257],[14.378004,50.100246],[14.37798,50.100225],[14.377954,50.100214],[14.377942,50.100204],[14.377916,50.100192],[14.37792,50.100175],[14.377906,50.100173],[14.377895,50.100163],[14.377881,50.100162],[14.377857,50.100142],[14.377845,50.100132],[14.377847,50.100123],[14.377835,50.100113],[14.377837,50.100104],[14.377841,50.100086],[14.377868,50.100025],[14.377899,50.099946],[14.377901,50.099937],[14.377905,50.099919],[14.377907,50.09991],[14.378,50.099673],[14.376869,50.099618],[14.375417,50.09948],[14.373201,50.099283],[14.370298,50.09907],[14.370051,50.099039],[14.369996,50.099225],[14.370054,50.099285],[14.370518,50.099489],[14.37106,50.099792]]]}},{"type":"Feature","properties":{"cislo":6038,"kod":26719,"mestskaCast":"praha-6"},"geometry":{"type":"Polygon","coordinates":[[[14.370051,50.099039],[14.370298,50.09907],[14.373201,50.099283],[14.375417,50.09948],[14.375568,50.098513],[14.375357,50.098249],[14.376205,50.096927],[14.37612,50.096929],[14.375156,50.096752],[14.374642,50.096652],[14.374647,50.096625],[14.373808,50.09646],[14.373849,50.096336],[14.373793,50.096331],[14.373752,50.096328],[14.373627,50.096317],[14.373291,50.096305],[14.373123,50.096299],[14.373095,50.096297],[14.372854,50.096302],[14.372686,50.096296],[14.372555,50.096249],[14.372476,50.096223],[14.372407,50.096217],[14.372305,50.096889],[14.37064,50.096886],[14.370364,50.096925],[14.370175,50.097017],[14.370018,50.097157],[14.369961,50.097225],[14.369709,50.097738],[14.369651,50.097878],[14.369609,50.09801],[14.369607,50.098147],[14.369638,50.098267],[14.369696,50.09839],[14.369844,50.098558],[14.369978,50.098788],[14.370051,50.099039]]]}},{"type":"Feature","properties":{"cislo":6039,"kod":26721,"mestskaCast":"praha-6"},"geometry":{"type":"Polygon","coordinates":[[[14.378,50.099673],[14.37991,50.09978],[14.383551,50.099976],[14.385631,50.100079],[14.387277,50.100171],[14.387437,50.098833],[14.387678,50.0985],[14.387736,50.098424],[14.387759,50.098317],[14.387787,50.09812],[14.387667,50.098154],[14.387539,50.098225],[14.38703,50.098361],[14.386736,50.098417],[14.386357,50.098474],[14.386039,50.098509],[14.385953,50.098447],[14.385645,50.098501],[14.385234,50.09851],[14.384762,50.098477],[14.384087,50.098399],[14.383582,50.098318],[14.383159,50.098253],[14.381558,50.097957],[14.381179,50.097878],[14.380548,50.097731],[14.380466,50.097651],[14.380057,50.097587],[14.379481,50.097509],[14.378644,50.097398],[14.378414,50.09735],[14.378062,50.097283],[14.377698,50.097205],[14.377238,50.09711],[14.376763,50.097022],[14.376344,50.096939],[14.376205,50.096927],[14.375357,50.098249],[14.375568,50.098513],[14.375417,50.09948],[14.376869,50.099618],[14.378,50.099673]]]}},{"type":"Feature","properties":{"cislo":6040,"kod":26723,"mestskaCast":"praha-6"},"geometry":{"type":"Polygon","coordinates":[[[14.387277,50.100171],[14.387878,50.100197],[14.391509,50.100374],[14.392135,50.100412],[14.392321,50.099021],[14.393321,50.098965],[14.392964,50.098262],[14.390999,50.098341],[14.389227,50.098447],[14.387678,50.0985],[14.387437,50.098833],[14.387277,50.100171]]]}},{"type":"Feature","properties":{"cislo":6041,"kod":26725,"mestskaCast":"praha-6"},"geometry":{"type":"Polygon","coordinates":[[[14.387678,50.0985],[14.389227,50.098447],[14.390999,50.098341],[14.392964,50.098262],[14.393321,50.098965],[14.392321,50.099021],[14.392135,50.100412],[14.39388,50.100503],[14.395416,50.100576],[14.395619,50.098906],[14.395776,50.097713],[14.395911,50.096626],[14.39594,50.096293],[14.395829,50.096283],[14.395831,50.096274],[14.395801,50.096281],[14.395807,50.096254],[14.395445,50.096231],[14.395028,50.096203],[14.394763,50.096189],[14.394496,50.096183],[14.393686,50.096211],[14.39288,50.096285],[14.392268,50.096375],[14.392017,50.096426],[14.391719,50.096499],[14.391346,50.096593],[14.391074,50.096678],[14.390739,50.096793],[14.390479,50.096888],[14.389371,50.09738],[14.389084,50.097536],[14.388716,50.097739],[14.388355,50.097907],[14.388058,50.098044],[14.387787,50.09812],[14.387759,50.098317],[14.387736,50.098424],[14.387678,50.0985]]]}},{"type":"Feature","properties":{"cislo":6042,"kod":26727,"mestskaCast":"praha-6"},"geometry":{"type":"Polygon","coordinates":[[[14.367543,50.092063],[14.367921,50.092078],[14.368364,50.092118],[14.368366,50.092109],[14.368368,50.0921],[14.36837,50.092091],[14.368367,50.092036],[14.368382,50.091838],[14.368397,50.091703],[14.368401,50.091685],[14.368402,50.091676],[14.368396,50.09164],[14.3684,50.091622],[14.368396,50.091576],[14.36842,50.091133],[14.368429,50.090699],[14.368645,50.090681],[14.368771,50.09062],[14.368877,50.090521],[14.369556,50.089592],[14.369553,50.089473],[14.367165,50.088771],[14.366207,50.088504],[14.366098,50.088485],[14.363289,50.087899],[14.361762,50.087591],[14.361215,50.087506],[14.360603,50.087533],[14.360518,50.087534],[14.360461,50.087538],[14.360212,50.08758],[14.360123,50.087599],[14.359823,50.087618],[14.359206,50.087799],[14.358319,50.087983],[14.358309,50.089344],[14.358197,50.090323],[14.357818,50.091034],[14.357476,50.091375],[14.357597,50.091404],[14.35769,50.091431],[14.358686,50.091656],[14.359072,50.091699],[14.361205,50.091816],[14.362601,50.091886],[14.362712,50.091896],[14.364511,50.091993],[14.365962,50.092067],[14.366231,50.092064],[14.367543,50.092063]]]}},{"type":"Feature","properties":{"cislo":6043,"kod":26729,"mestskaCast":"praha-6"},"geometry":{"type":"Polygon","coordinates":[[[14.3684,50.091622],[14.370554,50.091578],[14.371614,50.091572],[14.371693,50.091597],[14.372147,50.091583],[14.372708,50.091533],[14.373077,50.091457],[14.373513,50.091332],[14.374168,50.091109],[14.374717,50.091113],[14.376119,50.091156],[14.377511,50.09118],[14.377514,50.091098],[14.377518,50.09108],[14.377512,50.091044],[14.377515,50.090962],[14.37751,50.090789],[14.377512,50.090581],[14.37761,50.090453],[14.377644,50.090429],[14.377709,50.090389],[14.377777,50.090332],[14.377903,50.090271],[14.37801,50.090235],[14.378083,50.090223],[14.37814,50.090219],[14.378211,50.090216],[14.378228,50.090136],[14.37846,50.090175],[14.378651,50.090137],[14.377284,50.089934],[14.37548,50.089665],[14.373268,50.089323],[14.372775,50.088662],[14.371226,50.088451],[14.371185,50.088448],[14.37031,50.088315],[14.370174,50.088294],[14.370148,50.088283],[14.370144,50.088301],[14.37014,50.088318],[14.370111,50.088388],[14.370107,50.088406],[14.370103,50.088424],[14.37009,50.088486],[14.37007,50.088512],[14.370053,50.088592],[14.370049,50.08861],[14.370022,50.088671],[14.370014,50.088707],[14.370009,50.088733],[14.369978,50.088812],[14.369974,50.08883],[14.36997,50.088848],[14.369913,50.088915],[14.369909,50.088933],[14.36989,50.088959],[14.369874,50.088966],[14.36987,50.088984],[14.369852,50.089001],[14.369835,50.089017],[14.369817,50.089034],[14.369776,50.089094],[14.369774,50.089103],[14.369772,50.089112],[14.369737,50.089145],[14.369541,50.0894],[14.369551,50.089419],[14.369557,50.089456],[14.369555,50.089465],[14.369553,50.089473],[14.369556,50.089592],[14.368877,50.090521],[14.368771,50.09062],[14.368645,50.090681],[14.368429,50.090699],[14.36842,50.091133],[14.368396,50.091576],[14.3684,50.091622]]]}},{"type":"Feature","properties":{"cislo":6044,"kod":26731,"mestskaCast":"praha-6"},"geometry":{"type":"Polygon","coordinates":[[[14.381948,50.092854],[14.385284,50.092824],[14.38529,50.092534],[14.385316,50.092282],[14.385392,50.092125],[14.385523,50.091973],[14.385708,50.091836],[14.386088,50.091642],[14.384433,50.090216],[14.38262,50.088802],[14.382188,50.088518],[14.381777,50.088264],[14.381049,50.087909],[14.380424,50.087663],[14.380334,50.087691],[14.3802,50.087725],[14.38014,50.087737],[14.380081,50.08775],[14.380036,50.087764],[14.379318,50.087955],[14.3792,50.088044],[14.379118,50.088164],[14.379152,50.088267],[14.37933,50.088555],[14.379342,50.088629],[14.379333,50.088673],[14.379317,50.088681],[14.379215,50.088762],[14.379166,50.088794],[14.379113,50.088844],[14.379081,50.08886],[14.379063,50.088876],[14.376899,50.088838],[14.37663,50.088841],[14.37511,50.088824],[14.37476,50.088811],[14.374436,50.08881],[14.374353,50.088802],[14.374213,50.088799],[14.373679,50.088788],[14.373062,50.088705],[14.372981,50.088689],[14.372775,50.088662],[14.373268,50.089323],[14.37548,50.089665],[14.377284,50.089934],[14.378651,50.090137],[14.379056,50.090355],[14.379416,50.090587],[14.379767,50.090854],[14.380018,50.09113],[14.380088,50.091264],[14.380209,50.091292],[14.381195,50.091498],[14.381263,50.091377],[14.381303,50.09139],[14.381443,50.09113],[14.381736,50.09121],[14.381925,50.091254],[14.382043,50.091292],[14.382178,50.091322],[14.382285,50.09135],[14.382404,50.091388],[14.382525,50.091417],[14.382645,50.091445],[14.382711,50.091469],[14.383018,50.091551],[14.383083,50.091575],[14.382785,50.091848],[14.382616,50.091978],[14.382295,50.092749],[14.381948,50.092854]]]}},{"type":"Feature","properties":{"cislo":6045,"kod":26733,"mestskaCast":"praha-6"},"geometry":{"type":"Polygon","coordinates":[[[14.376205,50.096927],[14.376344,50.096939],[14.376763,50.097022],[14.377238,50.09711],[14.377698,50.097205],[14.378062,50.097283],[14.378414,50.09735],[14.378644,50.097398],[14.379481,50.097509],[14.380057,50.097587],[14.380466,50.097651],[14.380548,50.097731],[14.381179,50.097878],[14.381558,50.097957],[14.383159,50.098253],[14.383582,50.098318],[14.384087,50.098399],[14.384762,50.098477],[14.385234,50.09851],[14.385645,50.098501],[14.385953,50.098447],[14.386039,50.098509],[14.386357,50.098474],[14.386736,50.098417],[14.38703,50.098361],[14.387539,50.098225],[14.387667,50.098154],[14.387787,50.09812],[14.388058,50.098044],[14.388355,50.097907],[14.388716,50.097739],[14.389084,50.097536],[14.389371,50.09738],[14.390479,50.096888],[14.390739,50.096793],[14.391074,50.096678],[14.391346,50.096593],[14.391719,50.096499],[14.392017,50.096426],[14.392268,50.096375],[14.39288,50.096285],[14.393686,50.096211],[14.394496,50.096183],[14.394763,50.096189],[14.395028,50.096203],[14.395445,50.096231],[14.395807,50.096254],[14.395801,50.096281],[14.395831,50.096274],[14.395829,50.096283],[14.39594,50.096293],[14.396097,50.095626],[14.396231,50.095066],[14.396241,50.095022],[14.39626,50.094933],[14.396796,50.094998],[14.398321,50.093346],[14.398344,50.093304],[14.396852,50.093586],[14.392185,50.093071],[14.39105,50.092946],[14.389437,50.092763],[14.389096,50.092528],[14.389005,50.092095],[14.388963,50.092116],[14.387968,50.092545],[14.38772,50.09265],[14.387472,50.092755],[14.38685,50.0923],[14.386088,50.091642],[14.385708,50.091836],[14.385523,50.091973],[14.385392,50.092125],[14.385316,50.092282],[14.38529,50.092534],[14.385284,50.092824],[14.381948,50.092854],[14.382951,50.093306],[14.383098,50.09341],[14.383829,50.094083],[14.383818,50.094264],[14.3838,50.09507],[14.381452,50.095034],[14.37976,50.095028],[14.378174,50.095051],[14.375509,50.095177],[14.374721,50.095234],[14.374185,50.095295],[14.373773,50.095377],[14.373392,50.095506],[14.373047,50.095666],[14.372656,50.095913],[14.372422,50.096082],[14.372407,50.096217],[14.372476,50.096223],[14.372555,50.096249],[14.372686,50.096296],[14.372854,50.096302],[14.373095,50.096297],[14.373123,50.096299],[14.373291,50.096305],[14.373627,50.096317],[14.373752,50.096328],[14.373793,50.096331],[14.373849,50.096336],[14.373808,50.09646],[14.374647,50.096625],[14.374642,50.096652],[14.375156,50.096752],[14.37612,50.096929],[14.376205,50.096927]]]}},{"type":"Feature","properties":{"cislo":6046,"kod":26735,"mestskaCast":"praha-6"},"geometry":{"type":"Polygon","coordinates":[[[14.372422,50.096082],[14.372656,50.095913],[14.373047,50.095666],[14.373392,50.095506],[14.373773,50.095377],[14.374185,50.095295],[14.374721,50.095234],[14.375509,50.095177],[14.378174,50.095051],[14.37976,50.095028],[14.381452,50.095034],[14.3838,50.09507],[14.383818,50.094264],[14.383829,50.094083],[14.383098,50.09341],[14.382951,50.093306],[14.381948,50.092854],[14.382295,50.092749],[14.382616,50.091978],[14.382785,50.091848],[14.383083,50.091575],[14.383018,50.091551],[14.382711,50.091469],[14.382645,50.091445],[14.382525,50.091417],[14.382404,50.091388],[14.382285,50.09135],[14.382178,50.091322],[14.382043,50.091292],[14.381925,50.091254],[14.381736,50.09121],[14.381443,50.09113],[14.381303,50.09139],[14.381263,50.091377],[14.381195,50.091498],[14.380209,50.091292],[14.380088,50.091264],[14.380018,50.09113],[14.379767,50.090854],[14.379416,50.090587],[14.379056,50.090355],[14.378651,50.090137],[14.37846,50.090175],[14.378228,50.090136],[14.378211,50.090216],[14.37814,50.090219],[14.378083,50.090223],[14.37801,50.090235],[14.377903,50.090271],[14.377777,50.090332],[14.377709,50.090389],[14.377644,50.090429],[14.37761,50.090453],[14.377512,50.090581],[14.37751,50.090789],[14.377515,50.090962],[14.377512,50.091044],[14.377518,50.09108],[14.377514,50.091098],[14.377511,50.09118],[14.376119,50.091156],[14.374717,50.091113],[14.374168,50.091109],[14.373513,50.091332],[14.373077,50.091457],[14.372708,50.091533],[14.372147,50.091583],[14.371693,50.091597],[14.371614,50.091572],[14.370554,50.091578],[14.3684,50.091622],[14.368396,50.09164],[14.368402,50.091676],[14.368401,50.091685],[14.368397,50.091703],[14.368382,50.091838],[14.368367,50.092036],[14.36837,50.092091],[14.368368,50.0921],[14.368366,50.092109],[14.368364,50.092118],[14.368987,50.092237],[14.369877,50.092498],[14.370752,50.092693],[14.371707,50.092842],[14.372892,50.092975],[14.372704,50.094573],[14.372574,50.094979],[14.372422,50.096082]]]}},{"type":"Feature","properties":{"cislo":6047,"kod":26737,"mestskaCast":"praha-6"},"geometry":{"type":"Polygon","coordinates":[[[14.366021,50.095204],[14.366566,50.095362],[14.366869,50.095461],[14.367239,50.095576],[14.367584,50.095679],[14.367893,50.095752],[14.368081,50.095796],[14.368271,50.095831],[14.368968,50.095938],[14.369502,50.096013],[14.371098,50.096137],[14.371149,50.096096],[14.371282,50.096135],[14.37129,50.096163],[14.371683,50.096171],[14.372073,50.096196],[14.372407,50.096217],[14.372422,50.096082],[14.372574,50.094979],[14.372704,50.094573],[14.372892,50.092975],[14.371707,50.092842],[14.370752,50.092693],[14.369877,50.092498],[14.368987,50.092237],[14.368364,50.092118],[14.367921,50.092078],[14.367543,50.092063],[14.367551,50.092091],[14.36755,50.0921],[14.367554,50.092146],[14.367546,50.092181],[14.36755,50.092227],[14.367585,50.092593],[14.367577,50.092629],[14.367596,50.092803],[14.367606,50.092822],[14.367616,50.092841],[14.36635,50.093019],[14.366309,50.093079],[14.366174,50.093312],[14.366157,50.093328],[14.366155,50.093337],[14.366163,50.093365],[14.366161,50.093374],[14.36627,50.094046],[14.366309,50.094195],[14.366317,50.094223],[14.366329,50.094233],[14.366333,50.094279],[14.366347,50.09428],[14.366387,50.09442],[14.36647,50.09469],[14.366482,50.094701],[14.366478,50.094718],[14.366495,50.094774],[14.366453,50.094771],[14.36643,50.094814],[14.366021,50.095204]]]}},{"type":"Feature","properties":{"cislo":6048,"kod":26739,"mestskaCast":"praha-6"},"geometry":{"type":"Polygon","coordinates":[[[14.364974,50.085444],[14.365052,50.085015],[14.365255,50.084598],[14.365518,50.084621],[14.365931,50.084604],[14.368997,50.08445],[14.370089,50.08442],[14.370023,50.083942],[14.366822,50.084066],[14.366303,50.084056],[14.363711,50.083707],[14.357763,50.083095],[14.357947,50.083157],[14.358871,50.083521],[14.360325,50.084041],[14.363846,50.08518],[14.364652,50.08537],[14.364974,50.085444]]]}},{"type":"Feature","properties":{"cislo":6049,"kod":26741,"mestskaCast":"praha-6"},"geometry":{"type":"Polygon","coordinates":[[[14.360292,50.087405],[14.360828,50.087144],[14.361102,50.087051],[14.361471,50.086975],[14.361832,50.086934],[14.362208,50.086959],[14.362865,50.087054],[14.364079,50.087243],[14.364966,50.087386],[14.365254,50.086504],[14.365213,50.0865],[14.364506,50.086374],[14.364249,50.086324],[14.364652,50.08537],[14.363846,50.08518],[14.360325,50.084041],[14.358871,50.083521],[14.357947,50.083157],[14.357763,50.083095],[14.356706,50.082765],[14.355717,50.082378],[14.354118,50.081745],[14.354036,50.081928],[14.354007,50.082261],[14.354015,50.082289],[14.353699,50.082316],[14.352594,50.082335],[14.351232,50.082504],[14.350499,50.082566],[14.350051,50.082617],[14.34899,50.082894],[14.348151,50.083055],[14.346771,50.083305],[14.34695,50.08352],[14.347253,50.083883],[14.34752,50.084216],[14.348036,50.084897],[14.349022,50.08641],[14.349194,50.086661],[14.349665,50.086767],[14.349926,50.086799],[14.35008,50.086804],[14.350519,50.086798],[14.351479,50.086793],[14.351928,50.086742],[14.353081,50.086627],[14.353229,50.086594],[14.353245,50.086587],[14.353649,50.087004],[14.35367,50.087169],[14.35364,50.087176],[14.353348,50.087286],[14.353043,50.087395],[14.352845,50.087459],[14.352099,50.087193],[14.351826,50.087477],[14.352309,50.087656],[14.352375,50.087807],[14.352465,50.087915],[14.352567,50.088033],[14.352502,50.088073],[14.352487,50.088271],[14.353009,50.088272],[14.353262,50.088277],[14.3534,50.088289],[14.353464,50.088322],[14.353525,50.088364],[14.353649,50.088511],[14.354177,50.088349],[14.354901,50.088132],[14.355006,50.088105],[14.356045,50.088062],[14.357316,50.087993],[14.35792,50.088002],[14.357937,50.087858],[14.357929,50.08783],[14.357968,50.087516],[14.357976,50.08748],[14.357986,50.087436],[14.357991,50.087409],[14.358343,50.087413],[14.358401,50.087409],[14.358614,50.087401],[14.358713,50.087401],[14.358839,50.087403],[14.359039,50.087394],[14.359094,50.087399],[14.359138,50.087393],[14.359193,50.087398],[14.359235,50.087402],[14.359278,50.087397],[14.359363,50.087395],[14.359478,50.087387],[14.359618,50.087391],[14.359703,50.087389],[14.359776,50.087378],[14.359877,50.087368],[14.359922,50.087354],[14.360011,50.087335],[14.36004,50.087328],[14.360216,50.087299],[14.360292,50.087405]]]}},{"type":"Feature","properties":{"cislo":6050,"kod":26743,"mestskaCast":"praha-6"},"geometry":{"type":"Polygon","coordinates":[[[14.366098,50.088485],[14.366203,50.087995],[14.365813,50.087906],[14.365583,50.087795],[14.36538,50.087622],[14.365328,50.087473],[14.365712,50.087525],[14.366194,50.087577],[14.366645,50.087581],[14.367159,50.087554],[14.367685,50.087728],[14.369938,50.08821],[14.370148,50.088283],[14.370174,50.088294],[14.37031,50.088315],[14.371185,50.088448],[14.371226,50.088451],[14.372775,50.088662],[14.372981,50.088689],[14.373062,50.088705],[14.373679,50.088788],[14.374213,50.088799],[14.374353,50.088802],[14.374436,50.08881],[14.37476,50.088811],[14.37511,50.088824],[14.37663,50.088841],[14.376899,50.088838],[14.379063,50.088876],[14.379081,50.08886],[14.379113,50.088844],[14.379166,50.088794],[14.379215,50.088762],[14.379317,50.088681],[14.379333,50.088673],[14.379342,50.088629],[14.37933,50.088555],[14.379152,50.088267],[14.379118,50.088164],[14.3792,50.088044],[14.379318,50.087955],[14.380036,50.087764],[14.380081,50.08775],[14.38014,50.087737],[14.3802,50.087725],[14.380334,50.087691],[14.380424,50.087663],[14.379534,50.087475],[14.378272,50.087308],[14.376555,50.087092],[14.373556,50.086734],[14.371479,50.086486],[14.368491,50.086148],[14.368424,50.086132],[14.366706,50.085853],[14.364974,50.085444],[14.364652,50.08537],[14.364249,50.086324],[14.364506,50.086374],[14.365213,50.0865],[14.365254,50.086504],[14.364966,50.087386],[14.364079,50.087243],[14.362865,50.087054],[14.362208,50.086959],[14.361832,50.086934],[14.361471,50.086975],[14.361102,50.087051],[14.360828,50.087144],[14.360292,50.087405],[14.359823,50.087618],[14.360123,50.087599],[14.360212,50.08758],[14.360461,50.087538],[14.360518,50.087534],[14.360603,50.087533],[14.361215,50.087506],[14.361762,50.087591],[14.363289,50.087899],[14.366098,50.088485]]]}},{"type":"Feature","properties":{"cislo":6051,"kod":26745,"mestskaCast":"praha-6"},"geometry":{"type":"Polygon","coordinates":[[[14.369553,50.089473],[14.369555,50.089465],[14.369557,50.089456],[14.369551,50.089419],[14.369541,50.0894],[14.369737,50.089145],[14.369772,50.089112],[14.369774,50.089103],[14.369776,50.089094],[14.369817,50.089034],[14.369835,50.089017],[14.369852,50.089001],[14.36987,50.088984],[14.369874,50.088966],[14.36989,50.088959],[14.369909,50.088933],[14.369913,50.088915],[14.36997,50.088848],[14.369974,50.08883],[14.369978,50.088812],[14.370009,50.088733],[14.370014,50.088707],[14.370022,50.088671],[14.370049,50.08861],[14.370053,50.088592],[14.37007,50.088512],[14.37009,50.088486],[14.370103,50.088424],[14.370107,50.088406],[14.370111,50.088388],[14.37014,50.088318],[14.370144,50.088301],[14.370148,50.088283],[14.369938,50.08821],[14.367685,50.087728],[14.367159,50.087554],[14.366645,50.087581],[14.366194,50.087577],[14.365712,50.087525],[14.365328,50.087473],[14.36538,50.087622],[14.365583,50.087795],[14.365813,50.087906],[14.366203,50.087995],[14.366098,50.088485],[14.366207,50.088504],[14.367165,50.088771],[14.369553,50.089473]]]}},{"type":"Feature","properties":{"cislo":6052,"kod":26747,"mestskaCast":"praha-6"},"geometry":{"type":"Polygon","coordinates":[[[14.371479,50.086486],[14.371824,50.084883],[14.368663,50.085346],[14.368491,50.086148],[14.371479,50.086486]]]}},{"type":"Feature","properties":{"cislo":6053,"kod":26749,"mestskaCast":"praha-6"},"geometry":{"type":"Polygon","coordinates":[[[14.373556,50.086734],[14.373709,50.086222],[14.374023,50.086268],[14.374324,50.084869],[14.37315,50.084683],[14.3719,50.084527],[14.371824,50.084883],[14.371479,50.086486],[14.373556,50.086734]]]}},{"type":"Feature","properties":{"cislo":6054,"kod":26751,"mestskaCast":"praha-6"},"geometry":{"type":"Polygon","coordinates":[[[14.378272,50.087308],[14.378567,50.086263],[14.376434,50.08601],[14.376294,50.086533],[14.374023,50.086268],[14.373709,50.086222],[14.373556,50.086734],[14.376555,50.087092],[14.378272,50.087308]]]}},{"type":"Feature","properties":{"cislo":6055,"kod":26753,"mestskaCast":"praha-6"},"geometry":{"type":"Polygon","coordinates":[[[14.380424,50.087663],[14.380543,50.087637],[14.380645,50.087619],[14.380748,50.087601],[14.381127,50.087544],[14.381157,50.087537],[14.381172,50.08753],[14.381319,50.087506],[14.381332,50.087508],[14.381376,50.087502],[14.381418,50.08737],[14.381422,50.087352],[14.381424,50.087343],[14.38143,50.087317],[14.381449,50.087291],[14.381465,50.08722],[14.381488,50.087176],[14.381883,50.085995],[14.381987,50.085705],[14.381989,50.085696],[14.381991,50.085687],[14.382001,50.085643],[14.38201,50.085598],[14.382028,50.085582],[14.38203,50.085573],[14.382032,50.085564],[14.38161,50.08549],[14.380425,50.085294],[14.378868,50.085056],[14.376439,50.084676],[14.373501,50.08417],[14.372632,50.084011],[14.372025,50.083948],[14.3719,50.084527],[14.37315,50.084683],[14.374324,50.084869],[14.374023,50.086268],[14.376294,50.086533],[14.376434,50.08601],[14.378567,50.086263],[14.378272,50.087308],[14.379534,50.087475],[14.380424,50.087663]]]}},{"type":"Feature","properties":{"cislo":6056,"kod":26755,"mestskaCast":"praha-6"},"geometry":{"type":"Polygon","coordinates":[[[14.38161,50.08549],[14.381449,50.085321],[14.380722,50.084567],[14.380512,50.084367],[14.380296,50.08432],[14.37934,50.084108],[14.37791,50.083736],[14.376257,50.083553],[14.373778,50.083205],[14.373088,50.083135],[14.372105,50.083047],[14.371657,50.083035],[14.371416,50.083894],[14.372025,50.083948],[14.372632,50.084011],[14.373501,50.08417],[14.376439,50.084676],[14.378868,50.085056],[14.380425,50.085294],[14.38161,50.08549]]]}},{"type":"Feature","properties":{"cislo":6057,"kod":26757,"mestskaCast":"praha-6"},"geometry":{"type":"Polygon","coordinates":[[[14.384419,50.086139],[14.384556,50.08616],[14.38473,50.086203],[14.385205,50.086291],[14.385555,50.086367],[14.385556,50.086366],[14.385549,50.086365],[14.385447,50.086214],[14.385036,50.085601],[14.384993,50.085537],[14.384842,50.085312],[14.384975,50.085301],[14.385088,50.085291],[14.385509,50.0851],[14.385522,50.085106],[14.385558,50.08513],[14.385631,50.085107],[14.386749,50.084749],[14.386754,50.084751],[14.387242,50.084997],[14.387248,50.084992],[14.387264,50.084977],[14.388343,50.084048],[14.388362,50.084031],[14.388122,50.083919],[14.387885,50.083802],[14.387864,50.083797],[14.387871,50.083789],[14.388008,50.083004],[14.38802,50.082982],[14.388024,50.082975],[14.389249,50.08305],[14.389284,50.083094],[14.389534,50.08341],[14.391024,50.082905],[14.390717,50.08256],[14.390895,50.082139],[14.391052,50.081767],[14.392049,50.08194],[14.392286,50.081981],[14.392515,50.082352],[14.393734,50.082042],[14.393738,50.082041],[14.393765,50.082034],[14.393853,50.082011],[14.394136,50.081939],[14.39392,50.081579],[14.39391,50.081563],[14.394333,50.080823],[14.394337,50.080824],[14.394373,50.080833],[14.395237,50.081049],[14.395384,50.081085],[14.395435,50.081098],[14.395491,50.081113],[14.395747,50.081483],[14.396167,50.081361],[14.397342,50.08102],[14.397131,50.080739],[14.397064,50.080646],[14.397074,50.080631],[14.397204,50.08045],[14.397405,50.080169],[14.39746,50.080092],[14.397487,50.080054],[14.397513,50.080019],[14.39758,50.079925],[14.397365,50.079863],[14.39736,50.079869],[14.397187,50.079811],[14.396797,50.079688],[14.396541,50.079608],[14.396392,50.079548],[14.396078,50.079419],[14.395008,50.078974],[14.394944,50.078962],[14.394826,50.07894],[14.394759,50.078931],[14.393808,50.078796],[14.393766,50.078785],[14.393605,50.078726],[14.393318,50.078619],[14.393298,50.078611],[14.393238,50.078588],[14.393217,50.078581],[14.393002,50.0785],[14.39294,50.078476],[14.392928,50.078472],[14.392803,50.078426],[14.392753,50.078407],[14.392639,50.078367],[14.392531,50.078334],[14.392388,50.078296],[14.39245,50.07816],[14.392497,50.078083],[14.392495,50.078083],[14.392226,50.078051],[14.39198,50.07803],[14.391703,50.078003],[14.391472,50.077981],[14.39125,50.07796],[14.390891,50.077925],[14.390546,50.077891],[14.390199,50.077857],[14.390088,50.077874],[14.39,50.077882],[14.389947,50.077889],[14.389728,50.077857],[14.389463,50.077819],[14.389396,50.077818],[14.389372,50.077818],[14.38918,50.077816],[14.389117,50.077816],[14.388831,50.077814],[14.388539,50.077832],[14.387748,50.077883],[14.38775,50.077896],[14.387753,50.077916],[14.387767,50.078008],[14.387774,50.078055],[14.387811,50.078299],[14.387824,50.078386],[14.38759,50.078412],[14.386493,50.078533],[14.384924,50.078725],[14.384919,50.078725],[14.384787,50.07872],[14.384771,50.07872],[14.384771,50.07872],[14.383621,50.078874],[14.382248,50.079034],[14.381965,50.079067],[14.381932,50.079079],[14.381777,50.079133],[14.380423,50.079334],[14.38006,50.07937],[14.379689,50.079377],[14.379689,50.079367],[14.379689,50.079363],[14.379692,50.079212],[14.379695,50.079192],[14.379727,50.078939],[14.379734,50.078885],[14.379408,50.078846],[14.378389,50.078725],[14.378327,50.07872],[14.378027,50.078697],[14.378001,50.078631],[14.377966,50.078594],[14.37727,50.078119],[14.377177,50.078093],[14.377161,50.078081],[14.377154,50.078076],[14.37715,50.078075],[14.376459,50.078065],[14.376207,50.078061],[14.375758,50.078054],[14.375187,50.078044],[14.375133,50.078046],[14.375131,50.078032],[14.375128,50.078009],[14.375127,50.077995],[14.375086,50.078001],[14.375077,50.078002],[14.374933,50.078041],[14.374843,50.077999],[14.374753,50.077959],[14.374663,50.077918],[14.374573,50.077877],[14.374483,50.077836],[14.374394,50.077795],[14.374393,50.077795],[14.374299,50.077764],[14.374278,50.077757],[14.374108,50.077749],[14.374119,50.077867],[14.373916,50.077853],[14.373717,50.077835],[14.373006,50.077921],[14.37257,50.077953],[14.371987,50.077996],[14.371817,50.077966],[14.371674,50.077967],[14.371123,50.07804],[14.371094,50.078044],[14.371381,50.078049],[14.371978,50.078231],[14.372324,50.078309],[14.372496,50.078442],[14.372507,50.078479],[14.372929,50.078633],[14.373082,50.07869],[14.373168,50.078733],[14.373165,50.078735],[14.373247,50.078775],[14.373251,50.078773],[14.373397,50.078851],[14.373436,50.078872],[14.373474,50.078893],[14.373473,50.0789],[14.373572,50.078943],[14.373951,50.079201],[14.37402,50.079217],[14.374014,50.079308],[14.373566,50.079295],[14.373491,50.079291],[14.37349,50.079295],[14.373544,50.079436],[14.373733,50.07987],[14.373791,50.07993],[14.374102,50.079994],[14.374096,50.08002],[14.37425,50.080352],[14.374157,50.080525],[14.373763,50.081243],[14.373589,50.082117],[14.372757,50.082116],[14.371725,50.08206],[14.37146,50.082046],[14.371191,50.082049],[14.370933,50.082072],[14.370726,50.082244],[14.370543,50.082246],[14.370363,50.082883],[14.371657,50.083035],[14.372105,50.083047],[14.373088,50.083135],[14.373778,50.083205],[14.376257,50.083553],[14.37791,50.083736],[14.37934,50.084108],[14.380296,50.08432],[14.380512,50.084367],[14.380722,50.084567],[14.381449,50.085321],[14.38161,50.08549],[14.382032,50.085564],[14.382036,50.085546],[14.38204,50.085528],[14.382043,50.08551],[14.382047,50.085493],[14.382221,50.085535],[14.382219,50.085544],[14.382233,50.085545],[14.382273,50.085558],[14.38238,50.085586],[14.382394,50.085587],[14.382487,50.085613],[14.382794,50.085695],[14.382901,50.085723],[14.383447,50.085871],[14.384166,50.086071],[14.384233,50.086086],[14.384366,50.086125],[14.384419,50.086139]]]}},{"type":"Feature","properties":{"cislo":6058,"kod":26759,"mestskaCast":"praha-6"},"geometry":{"type":"Polygon","coordinates":[[[14.368491,50.086148],[14.368663,50.085346],[14.371824,50.084883],[14.3719,50.084527],[14.372025,50.083948],[14.371416,50.083894],[14.370023,50.083942],[14.370089,50.08442],[14.368997,50.08445],[14.365931,50.084604],[14.365518,50.084621],[14.365255,50.084598],[14.365052,50.085015],[14.364974,50.085444],[14.366706,50.085853],[14.368424,50.086132],[14.368491,50.086148]]]}},{"type":"Feature","properties":{"cislo":6059,"kod":26761,"mestskaCast":"praha-6"},"geometry":{"type":"Polygon","coordinates":[[[14.388031,50.088702],[14.388032,50.088687],[14.388199,50.087802],[14.388264,50.087507],[14.388232,50.08729],[14.388107,50.08715],[14.387592,50.086888],[14.387267,50.086769],[14.385569,50.086368],[14.385556,50.086366],[14.385555,50.086367],[14.385205,50.086291],[14.38473,50.086203],[14.384556,50.08616],[14.384419,50.086139],[14.384431,50.086676],[14.382986,50.086574],[14.38284,50.087451],[14.383259,50.08747],[14.383076,50.088125],[14.382967,50.088633],[14.38561,50.089004],[14.386164,50.088854],[14.387944,50.088712],[14.388031,50.088702]]]}},{"type":"Feature","properties":{"cislo":6060,"kod":26763,"mestskaCast":"praha-6"},"geometry":{"type":"Polygon","coordinates":[[[14.382188,50.088518],[14.382967,50.088633],[14.383076,50.088125],[14.383259,50.08747],[14.38284,50.087451],[14.382986,50.086574],[14.384431,50.086676],[14.384419,50.086139],[14.384366,50.086125],[14.384233,50.086086],[14.384166,50.086071],[14.383447,50.085871],[14.382901,50.085723],[14.382794,50.085695],[14.382487,50.085613],[14.382394,50.085587],[14.38238,50.085586],[14.382273,50.085558],[14.382233,50.085545],[14.382219,50.085544],[14.382221,50.085535],[14.382047,50.085493],[14.382043,50.08551],[14.38204,50.085528],[14.382036,50.085546],[14.382032,50.085564],[14.38203,50.085573],[14.382028,50.085582],[14.38201,50.085598],[14.382001,50.085643],[14.381991,50.085687],[14.381989,50.085696],[14.381987,50.085705],[14.381883,50.085995],[14.381488,50.087176],[14.381465,50.08722],[14.381449,50.087291],[14.38143,50.087317],[14.381424,50.087343],[14.381422,50.087352],[14.381418,50.08737],[14.381376,50.087502],[14.381332,50.087508],[14.381319,50.087506],[14.381172,50.08753],[14.381157,50.087537],[14.381127,50.087544],[14.380748,50.087601],[14.380645,50.087619],[14.380543,50.087637],[14.380424,50.087663],[14.381049,50.087909],[14.381777,50.088264],[14.382188,50.088518]]]}},{"type":"Feature","properties":{"cislo":6061,"kod":26765,"mestskaCast":"praha-6"},"geometry":{"type":"Polygon","coordinates":[[[14.389005,50.092095],[14.388781,50.091025],[14.388603,50.090582],[14.387966,50.089338],[14.388031,50.088702],[14.387944,50.088712],[14.386164,50.088854],[14.38561,50.089004],[14.382967,50.088633],[14.382188,50.088518],[14.38262,50.088802],[14.384433,50.090216],[14.386088,50.091642],[14.38685,50.0923],[14.387472,50.092755],[14.38772,50.09265],[14.387968,50.092545],[14.388963,50.092116],[14.389005,50.092095]]]}},{"type":"Feature","properties":{"cislo":6062,"kod":26767,"mestskaCast":"praha-6"},"geometry":{"type":"Polygon","coordinates":[[[14.370023,50.083942],[14.371416,50.083894],[14.371657,50.083035],[14.370363,50.082883],[14.370543,50.082246],[14.370171,50.082203],[14.368344,50.081778],[14.366608,50.081324],[14.366261,50.081955],[14.365899,50.082586],[14.365763,50.082891],[14.365572,50.082929],[14.365477,50.082975],[14.365466,50.083028],[14.365452,50.08309],[14.365524,50.083151],[14.366264,50.083381],[14.366401,50.083465],[14.366416,50.08353],[14.366303,50.084056],[14.366822,50.084066],[14.370023,50.083942]]]}},{"type":"Feature","properties":{"cislo":6063,"kod":26769,"mestskaCast":"praha-6"},"geometry":{"type":"Polygon","coordinates":[[[14.370543,50.082246],[14.370726,50.082244],[14.370933,50.082072],[14.371191,50.082049],[14.37146,50.082046],[14.371725,50.08206],[14.372757,50.082116],[14.373589,50.082117],[14.373763,50.081243],[14.374157,50.080525],[14.37425,50.080352],[14.374096,50.08002],[14.374102,50.079994],[14.373791,50.07993],[14.373733,50.07987],[14.373544,50.079436],[14.37349,50.079295],[14.373491,50.079291],[14.373486,50.079291],[14.373349,50.079332],[14.373286,50.079365],[14.373015,50.079272],[14.372904,50.07926],[14.371919,50.079238],[14.371485,50.079203],[14.370284,50.079149],[14.370037,50.079077],[14.369749,50.079034],[14.369612,50.079019],[14.369252,50.079032],[14.368685,50.078991],[14.368282,50.078922],[14.367789,50.078867],[14.367434,50.078908],[14.367359,50.078915],[14.367035,50.078945],[14.366161,50.078871],[14.364999,50.078759],[14.364362,50.078692],[14.363884,50.078713],[14.363096,50.07863],[14.361962,50.078529],[14.361961,50.078532],[14.360688,50.080515],[14.359577,50.080498],[14.359562,50.080896],[14.359932,50.080947],[14.362411,50.081621],[14.360702,50.082023],[14.362686,50.082835],[14.363071,50.082878],[14.364418,50.083044],[14.365524,50.083151],[14.365452,50.08309],[14.365466,50.083028],[14.365477,50.082975],[14.365572,50.082929],[14.365763,50.082891],[14.365899,50.082586],[14.366261,50.081955],[14.366608,50.081324],[14.368344,50.081778],[14.370171,50.082203],[14.370543,50.082246]]]}},{"type":"Feature","properties":{"cislo":6064,"kod":26771,"mestskaCast":"praha-6"},"geometry":{"type":"Polygon","coordinates":[[[14.366303,50.084056],[14.366416,50.08353],[14.366401,50.083465],[14.366264,50.083381],[14.365524,50.083151],[14.364418,50.083044],[14.363071,50.082878],[14.362686,50.082835],[14.360702,50.082023],[14.358741,50.082484],[14.35827,50.082442],[14.357331,50.082349],[14.356611,50.082285],[14.35623,50.082287],[14.355717,50.082378],[14.356706,50.082765],[14.357763,50.083095],[14.363711,50.083707],[14.366303,50.084056]]]}},{"type":"Feature","properties":{"cislo":6065,"kod":26773,"mestskaCast":"praha-6"},"geometry":{"type":"Polygon","coordinates":[[[14.346771,50.083305],[14.348151,50.083055],[14.34899,50.082894],[14.350051,50.082617],[14.350499,50.082566],[14.351232,50.082504],[14.352594,50.082335],[14.353699,50.082316],[14.354015,50.082289],[14.354007,50.082261],[14.354036,50.081928],[14.354118,50.081745],[14.355717,50.082378],[14.35623,50.082287],[14.356611,50.082285],[14.357331,50.082349],[14.35827,50.082442],[14.358741,50.082484],[14.360702,50.082023],[14.362411,50.081621],[14.359932,50.080947],[14.359562,50.080896],[14.359577,50.080498],[14.360688,50.080515],[14.361961,50.078532],[14.361962,50.078529],[14.361751,50.07851],[14.36165,50.078492],[14.361188,50.07841],[14.361181,50.078409],[14.360544,50.078327],[14.359937,50.078249],[14.359212,50.078221],[14.35902,50.078213],[14.358964,50.078215],[14.358857,50.078211],[14.358407,50.078196],[14.35784,50.078177],[14.357736,50.078173],[14.356881,50.078143],[14.356826,50.078142],[14.356773,50.077946],[14.356729,50.077709],[14.356717,50.077647],[14.356692,50.077507],[14.356516,50.077038],[14.356516,50.077038],[14.355707,50.077058],[14.355546,50.077044],[14.355217,50.077063],[14.354446,50.077161],[14.354252,50.077209],[14.354231,50.077195],[14.354149,50.077139],[14.354037,50.077154],[14.353841,50.077125],[14.35317,50.077018],[14.352561,50.076919],[14.352123,50.076834],[14.35157,50.076748],[14.350688,50.076587],[14.350681,50.076625],[14.350273,50.076562],[14.350067,50.076512],[14.349646,50.076294],[14.349099,50.075891],[14.3489,50.075818],[14.348784,50.075796],[14.348595,50.075765],[14.348404,50.075754],[14.348233,50.075702],[14.347515,50.075604],[14.347285,50.075579],[14.347255,50.075575],[14.347127,50.075561],[14.347019,50.075548],[14.346825,50.075542],[14.346565,50.075551],[14.346313,50.07556],[14.345829,50.075576],[14.345797,50.075578],[14.34568,50.075596],[14.345507,50.075661],[14.34542,50.07571],[14.345397,50.075727],[14.345377,50.07574],[14.345363,50.075759],[14.345347,50.075799],[14.345356,50.07583],[14.345389,50.075855],[14.345449,50.075874],[14.34543,50.075969],[14.34543,50.075969],[14.345432,50.075969],[14.344538,50.078612],[14.344176,50.079179],[14.344057,50.079404],[14.344013,50.079673],[14.344038,50.079947],[14.344113,50.08019],[14.344251,50.080466],[14.344635,50.080908],[14.344725,50.081016],[14.345613,50.082003],[14.346488,50.08298],[14.346725,50.083255],[14.346771,50.083305]]]}},{"type":"Feature","properties":{"cislo":6066,"kod":26775,"mestskaCast":"praha-6"},"geometry":{"type":"Polygon","coordinates":[[[14.344725,50.081016],[14.344635,50.080908],[14.344251,50.080466],[14.344113,50.08019],[14.344038,50.079947],[14.344013,50.079673],[14.344057,50.079404],[14.344176,50.079179],[14.344538,50.078612],[14.345432,50.075969],[14.34543,50.075969],[14.34543,50.075969],[14.34543,50.075971],[14.345034,50.075937],[14.344729,50.075906],[14.344334,50.075862],[14.343974,50.075814],[14.343586,50.075753],[14.343307,50.075702],[14.34295,50.075629],[14.342501,50.075526],[14.341937,50.075387],[14.341771,50.075337],[14.341226,50.075602],[14.340409,50.07526],[14.340366,50.075302],[14.340139,50.075533],[14.339831,50.075796],[14.339113,50.075641],[14.338538,50.075501],[14.338498,50.075266],[14.338531,50.075127],[14.338265,50.075113],[14.337803,50.074959],[14.337129,50.074775],[14.336052,50.074589],[14.335136,50.074507],[14.334625,50.074456],[14.334354,50.075397],[14.334131,50.075371],[14.33409,50.075366],[14.334045,50.075361],[14.333729,50.075323],[14.333502,50.075297],[14.333325,50.075276],[14.333276,50.07527],[14.333228,50.075264],[14.333178,50.075258],[14.333049,50.075243],[14.332823,50.075216],[14.332595,50.075189],[14.332368,50.075163],[14.332316,50.075157],[14.332141,50.075136],[14.331962,50.075115],[14.331915,50.075109],[14.331863,50.075103],[14.331689,50.075082],[14.33158,50.075069],[14.331535,50.075064],[14.331514,50.075061],[14.331462,50.075055],[14.331234,50.075028],[14.330991,50.075],[14.330948,50.074996],[14.330762,50.074978],[14.330535,50.074957],[14.330306,50.074935],[14.330078,50.074914],[14.329848,50.074892],[14.329623,50.07487],[14.329575,50.074866],[14.329394,50.07485],[14.329166,50.074827],[14.328938,50.074806],[14.32871,50.074784],[14.328482,50.074763],[14.328254,50.074741],[14.328027,50.07472],[14.3278,50.074698],[14.327571,50.074677],[14.327343,50.074655],[14.327116,50.074633],[14.326887,50.074611],[14.326657,50.07459],[14.32643,50.074568],[14.326427,50.074568],[14.326332,50.074559],[14.326111,50.074539],[14.325787,50.074508],[14.32539,50.07447],[14.325393,50.074737],[14.325393,50.074741],[14.325396,50.07475],[14.325399,50.074761],[14.325411,50.074775],[14.32543,50.074785],[14.325462,50.074794],[14.325548,50.074803],[14.325507,50.074839],[14.325485,50.074859],[14.325489,50.074941],[14.325493,50.075032],[14.325496,50.075097],[14.325497,50.075106],[14.325505,50.075172],[14.32552,50.075263],[14.325532,50.075313],[14.325558,50.075422],[14.325561,50.075433],[14.325561,50.075435],[14.325574,50.075529],[14.325576,50.075548],[14.325584,50.075644],[14.325609,50.075809],[14.325666,50.075972],[14.32569,50.076121],[14.325694,50.076144],[14.325705,50.076208],[14.325703,50.076208],[14.325702,50.076213],[14.325724,50.076242],[14.325732,50.07627],[14.325861,50.076263],[14.327335,50.076295],[14.3304,50.076669],[14.332122,50.076859],[14.332929,50.076977],[14.332833,50.077095],[14.332658,50.077252],[14.332471,50.077399],[14.333881,50.077534],[14.334042,50.077702],[14.334365,50.077904],[14.334348,50.078047],[14.334156,50.078021],[14.335091,50.078595],[14.335377,50.078639],[14.335405,50.078641],[14.335433,50.078644],[14.335447,50.078645],[14.335502,50.07865],[14.33553,50.078652],[14.336422,50.078768],[14.337284,50.078891],[14.337351,50.078906],[14.337676,50.079034],[14.337896,50.079127],[14.338118,50.07921],[14.338246,50.079267],[14.338558,50.079395],[14.338791,50.079488],[14.33913,50.079618],[14.339429,50.079736],[14.339518,50.07978],[14.33992,50.079943],[14.34018,50.080048],[14.340182,50.080039],[14.340325,50.080097],[14.340311,50.080096],[14.3414,50.080538],[14.341569,50.080607],[14.341816,50.080702],[14.342332,50.081057],[14.343611,50.081997],[14.344725,50.081016]]]}},{"type":"Feature","properties":{"cislo":6067,"kod":26777,"mestskaCast":"praha-6"},"geometry":{"type":"Polygon","coordinates":[[[14.323699,50.076152],[14.323697,50.076224],[14.323725,50.076227],[14.323725,50.07629],[14.323727,50.076345],[14.323709,50.076561],[14.323686,50.076668],[14.323667,50.076757],[14.323649,50.076774],[14.323785,50.077122],[14.323805,50.07716],[14.323858,50.07731],[14.323928,50.077507],[14.323948,50.077545],[14.324014,50.077696],[14.32412,50.077987],[14.32413,50.078006],[14.324147,50.078062],[14.324237,50.078297],[14.324253,50.078353],[14.324273,50.078391],[14.3245,50.078974],[14.324524,50.079058],[14.324542,50.079105],[14.324578,50.079199],[14.324634,50.079331],[14.324644,50.07935],[14.324661,50.079406],[14.324763,50.079388],[14.324765,50.079379],[14.324795,50.079436],[14.324819,50.079456],[14.324886,50.079471],[14.324914,50.079474],[14.324973,50.079461],[14.325023,50.079556],[14.325033,50.079575],[14.325031,50.079584],[14.325043,50.079594],[14.325079,50.079688],[14.325137,50.079811],[14.32524,50.079857],[14.325181,50.079933],[14.325271,50.080304],[14.325277,50.080341],[14.325363,50.080594],[14.325387,50.080678],[14.325474,50.080668],[14.325605,50.080652],[14.325796,50.080615],[14.325944,50.080583],[14.32612,50.080553],[14.326193,50.080541],[14.326325,50.080517],[14.326722,50.080443],[14.326972,50.080393],[14.327501,50.080295],[14.327606,50.080268],[14.32762,50.080269],[14.327754,50.080236],[14.327768,50.080237],[14.327944,50.080208],[14.328076,50.080183],[14.328165,50.080164],[14.328502,50.080103],[14.328739,50.080052],[14.329063,50.07999],[14.329238,50.07996],[14.32955,50.079888],[14.329828,50.07984],[14.329931,50.079822],[14.330049,50.079797],[14.330492,50.079709],[14.33058,50.07969],[14.33061,50.079683],[14.330687,50.079654],[14.330791,50.079627],[14.331002,50.079564],[14.331186,50.079499],[14.331428,50.079421],[14.331641,50.079349],[14.331764,50.079305],[14.331762,50.079314],[14.332036,50.079221],[14.332294,50.079135],[14.332552,50.079049],[14.332627,50.079028],[14.33284,50.078957],[14.332963,50.078913],[14.333339,50.078802],[14.333536,50.078737],[14.333538,50.078729],[14.333629,50.0787],[14.333824,50.078645],[14.334173,50.078531],[14.334511,50.078534],[14.334582,50.078531],[14.335091,50.078595],[14.334156,50.078021],[14.334348,50.078047],[14.334365,50.077904],[14.334042,50.077702],[14.333881,50.077534],[14.332471,50.077399],[14.332658,50.077252],[14.332833,50.077095],[14.332929,50.076977],[14.332122,50.076859],[14.3304,50.076669],[14.327335,50.076295],[14.325861,50.076263],[14.325732,50.07627],[14.325724,50.076242],[14.325702,50.076213],[14.325703,50.076208],[14.325149,50.076233],[14.32479,50.076249],[14.324764,50.076246],[14.324592,50.076226],[14.32424,50.076185],[14.323884,50.076144],[14.323841,50.076146],[14.323708,50.076152],[14.323699,50.076152]]]}},{"type":"Feature","properties":{"cislo":6068,"kod":26779,"mestskaCast":"praha-6"},"geometry":{"type":"Polygon","coordinates":[[[14.273827,50.117583],[14.273913,50.117609],[14.274022,50.117641],[14.275127,50.117972],[14.275616,50.118118],[14.276286,50.118318],[14.277517,50.118686],[14.277541,50.118693],[14.27766,50.118728],[14.277753,50.118756],[14.27782,50.118776],[14.278111,50.118863],[14.278179,50.118883],[14.278305,50.118921],[14.27884,50.119081],[14.279413,50.118765],[14.279895,50.118506],[14.280072,50.118397],[14.280138,50.118356],[14.280188,50.118325],[14.2802,50.118317],[14.280333,50.118241],[14.280453,50.118171],[14.280555,50.118112],[14.280672,50.118045],[14.280688,50.118035],[14.280943,50.117877],[14.28095,50.117872],[14.281499,50.117536],[14.282008,50.117227],[14.283013,50.11657],[14.283231,50.116428],[14.284016,50.115914],[14.284249,50.115746],[14.284461,50.115612],[14.284517,50.115573],[14.284664,50.11547],[14.284788,50.115466],[14.285236,50.115656],[14.285278,50.115674],[14.285326,50.115666],[14.285561,50.115628],[14.28556,50.115627],[14.285656,50.115582],[14.28566,50.11558],[14.286366,50.115243],[14.28649,50.115184],[14.286527,50.115166],[14.287022,50.114929],[14.287144,50.114878],[14.287192,50.114872],[14.28716,50.114787],[14.287179,50.114731],[14.286893,50.114584],[14.286844,50.114238],[14.286971,50.114153],[14.287122,50.11405],[14.287265,50.113953],[14.287679,50.113671],[14.287715,50.113647],[14.288152,50.113353],[14.288148,50.113335],[14.288134,50.113327],[14.287925,50.113233],[14.287849,50.113202],[14.287837,50.113196],[14.287864,50.113182],[14.28787,50.113179],[14.287879,50.113173],[14.287885,50.11317],[14.28789,50.113168],[14.287913,50.113155],[14.287925,50.11316],[14.287995,50.113194],[14.288186,50.113288],[14.288224,50.113304],[14.288698,50.112956],[14.288678,50.112929],[14.288652,50.112899],[14.288628,50.112872],[14.288565,50.112828],[14.288576,50.112816],[14.288579,50.112814],[14.288586,50.112807],[14.288594,50.112799],[14.288598,50.112796],[14.288603,50.1128],[14.288608,50.112804],[14.288665,50.112851],[14.288673,50.11285],[14.288705,50.112846],[14.288763,50.112789],[14.288781,50.112769],[14.288787,50.112562],[14.288787,50.112474],[14.288949,50.112185],[14.288962,50.112165],[14.288971,50.11215],[14.289005,50.112097],[14.289016,50.112078],[14.28964,50.111595],[14.289832,50.11142],[14.29006,50.111199],[14.290092,50.111161],[14.290206,50.111034],[14.290798,50.110375],[14.290949,50.1102],[14.291114,50.109999],[14.291494,50.109537],[14.291773,50.109166],[14.292021,50.108837],[14.292289,50.10844],[14.292832,50.107676],[14.292902,50.107555],[14.292921,50.107521],[14.292953,50.107466],[14.293022,50.107343],[14.293206,50.107017],[14.29327,50.106893],[14.293421,50.106615],[14.29351,50.10646],[14.293625,50.106272],[14.293687,50.106296],[14.294758,50.106697],[14.294883,50.106743],[14.295177,50.106847],[14.29518,50.106848],[14.295907,50.106337],[14.296656,50.105857],[14.297054,50.105577],[14.29782,50.10505],[14.298467,50.104615],[14.298874,50.104341],[14.299131,50.104197],[14.299177,50.10416],[14.299173,50.104158],[14.298891,50.103897],[14.298569,50.103623],[14.298151,50.103341],[14.297318,50.102885],[14.296451,50.102262],[14.295861,50.101855],[14.295495,50.101786],[14.294971,50.10173],[14.295307,50.099981],[14.295683,50.097854],[14.296016,50.096187],[14.296209,50.095623],[14.296456,50.095264],[14.296899,50.094849],[14.297639,50.094298],[14.298635,50.093934],[14.299929,50.093774],[14.304078,50.093432],[14.304141,50.093138],[14.30368,50.093051],[14.303599,50.093035],[14.303829,50.092366],[14.302827,50.091713],[14.301621,50.090897],[14.300788,50.090378],[14.302459,50.089175],[14.303194,50.088692],[14.305552,50.087073],[14.307966,50.085374],[14.309314,50.084423],[14.309863,50.083973],[14.30992,50.083906],[14.309627,50.083889],[14.308998,50.08386],[14.308546,50.083865],[14.307973,50.083904],[14.306851,50.084003],[14.306215,50.08401],[14.304619,50.083822],[14.303747,50.08368],[14.302185,50.083531],[14.300634,50.083328],[14.299372,50.083097],[14.298284,50.082845],[14.297099,50.082521],[14.295852,50.082155],[14.295377,50.082067],[14.294353,50.081976],[14.292712,50.081865],[14.29155,50.081824],[14.290052,50.081835],[14.288639,50.081844],[14.285537,50.081902],[14.284508,50.0819],[14.283345,50.081796],[14.281911,50.081643],[14.281641,50.081619],[14.281552,50.081606],[14.281538,50.081605],[14.280958,50.081525],[14.280005,50.081395],[14.279666,50.081355],[14.278532,50.081202],[14.277496,50.081112],[14.277037,50.081094],[14.276339,50.081081],[14.275751,50.081076],[14.27569,50.081076],[14.275255,50.081072],[14.275005,50.082225],[14.274754,50.083378],[14.27474,50.083447],[14.274733,50.083479],[14.274583,50.084219],[14.274579,50.084245],[14.274577,50.084255],[14.274571,50.084279],[14.27457,50.084283],[14.274566,50.084298],[14.274561,50.084315],[14.274498,50.084539],[14.274492,50.08468],[14.274485,50.084847],[14.274486,50.084857],[14.274488,50.084883],[14.274507,50.085102],[14.27451,50.08514],[14.274512,50.085281],[14.2745,50.085511],[14.274496,50.085567],[14.274478,50.085781],[14.274476,50.085787],[14.274457,50.085831],[14.274349,50.086083],[14.274195,50.086306],[14.274181,50.086326],[14.274123,50.08641],[14.274053,50.086511],[14.273935,50.086681],[14.273803,50.086871],[14.273627,50.087124],[14.273474,50.087373],[14.273377,50.087563],[14.273348,50.087619],[14.272715,50.087594],[14.272631,50.087578],[14.272396,50.087366],[14.271759,50.086791],[14.271674,50.086714],[14.270961,50.086137],[14.270515,50.086101],[14.269575,50.086062],[14.268996,50.08605],[14.268894,50.086048],[14.268728,50.086045],[14.268273,50.085747],[14.268237,50.085764],[14.268154,50.085805],[14.267228,50.086257],[14.266699,50.086512],[14.26613,50.086786],[14.266128,50.086787],[14.265466,50.087109],[14.265461,50.087111],[14.265152,50.087288],[14.264887,50.087259],[14.264576,50.087248],[14.264343,50.087236],[14.264332,50.087236],[14.262588,50.087159],[14.261362,50.087107],[14.261234,50.087101],[14.261096,50.087095],[14.261097,50.087392],[14.261097,50.087427],[14.261097,50.087765],[14.261093,50.088665],[14.261086,50.089557],[14.261081,50.090463],[14.261072,50.091362],[14.261063,50.092261],[14.261057,50.093158],[14.261051,50.094057],[14.261047,50.094957],[14.261034,50.095856],[14.261025,50.096064],[14.261001,50.096291],[14.260834,50.096433],[14.260721,50.096509],[14.260602,50.096563],[14.260458,50.096589],[14.260266,50.096607],[14.259857,50.096607],[14.258666,50.096624],[14.257654,50.09664],[14.25682,50.096661],[14.256004,50.096684],[14.255513,50.096701],[14.255351,50.096716],[14.255164,50.096749],[14.254998,50.096792],[14.254795,50.096863],[14.254648,50.096934],[14.25444,50.097063],[14.254271,50.097197],[14.254171,50.097314],[14.254072,50.097479],[14.254023,50.097638],[14.253997,50.097781],[14.254019,50.097896],[14.254065,50.098066],[14.254183,50.098269],[14.254324,50.098428],[14.254503,50.09856],[14.254664,50.098661],[14.254903,50.098754],[14.255131,50.098827],[14.2562,50.099026],[14.257267,50.099207],[14.258346,50.099384],[14.258175,50.099466],[14.257095,50.099987],[14.256113,50.100461],[14.255845,50.100591],[14.255286,50.100861],[14.254698,50.101146],[14.254134,50.101417],[14.254083,50.101442],[14.254047,50.101459],[14.253878,50.101541],[14.253513,50.101717],[14.252962,50.101982],[14.252946,50.10199],[14.252579,50.102168],[14.252498,50.102207],[14.252404,50.102252],[14.251574,50.102653],[14.251309,50.102782],[14.251198,50.102834],[14.25082,50.103011],[14.25006,50.103366],[14.24984,50.103469],[14.249746,50.103458],[14.249218,50.103392],[14.246911,50.103104],[14.24698,50.102917],[14.247224,50.102854],[14.247198,50.102816],[14.247176,50.102783],[14.247119,50.102795],[14.24696,50.10283],[14.246928,50.102837],[14.246741,50.102878],[14.246621,50.102907],[14.246484,50.102923],[14.246349,50.102924],[14.246207,50.10292],[14.246077,50.10291],[14.245956,50.102892],[14.245253,50.102812],[14.244993,50.102783],[14.244987,50.102801],[14.244982,50.102799],[14.244978,50.102799],[14.244523,50.102742],[14.243849,50.102657],[14.243604,50.102627],[14.242852,50.102533],[14.242779,50.102515],[14.242665,50.102488],[14.242469,50.102462],[14.24219,50.10245],[14.241486,50.102362],[14.241263,50.102335],[14.240624,50.102255],[14.24019,50.102201],[14.240061,50.102184],[14.239827,50.102155],[14.239595,50.102126],[14.239514,50.102115],[14.239365,50.102096],[14.238981,50.102048],[14.238911,50.102035],[14.238877,50.102028],[14.238779,50.102004],[14.238714,50.101992],[14.238593,50.101936],[14.238532,50.101903],[14.238513,50.101893],[14.238442,50.101846],[14.238382,50.101792],[14.238275,50.101652],[14.238244,50.101624],[14.238178,50.101563],[14.238017,50.101443],[14.237939,50.101381],[14.237828,50.101293],[14.237823,50.101289],[14.237723,50.101231],[14.237624,50.101187],[14.237612,50.101182],[14.237495,50.101135],[14.237366,50.101096],[14.237235,50.101065],[14.237226,50.101063],[14.2371,50.101042],[14.236954,50.101026],[14.236816,50.101022],[14.236677,50.101027],[14.23654,50.101038],[14.236405,50.101059],[14.236269,50.101089],[14.236245,50.101095],[14.236143,50.101124],[14.236043,50.101157],[14.235742,50.101285],[14.235402,50.10143],[14.235248,50.101496],[14.235116,50.101553],[14.234988,50.101608],[14.234564,50.101792],[14.234555,50.101796],[14.234488,50.101825],[14.234257,50.101906],[14.234107,50.101972],[14.23398,50.10204],[14.233918,50.102066],[14.233908,50.10207],[14.233685,50.102165],[14.233553,50.102213],[14.233423,50.102245],[14.23329,50.102269],[14.233157,50.102279],[14.233019,50.102278],[14.232888,50.102264],[14.232762,50.102235],[14.232033,50.102024],[14.231931,50.101994],[14.231513,50.10187],[14.231133,50.101757],[14.230042,50.101429],[14.22893,50.101094],[14.227921,50.100791],[14.227854,50.10077],[14.227754,50.10074],[14.227239,50.100585],[14.226671,50.100414],[14.226528,50.100392],[14.226398,50.100411],[14.226277,50.100453],[14.226178,50.100514],[14.226107,50.100589],[14.225435,50.101509],[14.225346,50.101626],[14.225009,50.102094],[14.224912,50.102176],[14.224802,50.10233],[14.224766,50.102424],[14.224481,50.102837],[14.224445,50.102913],[14.224439,50.102973],[14.224437,50.102996],[14.22447,50.103073],[14.224531,50.10315],[14.224592,50.103214],[14.224734,50.103344],[14.22516,50.103734],[14.225275,50.10384],[14.225304,50.103865],[14.225392,50.103939],[14.225458,50.103994],[14.225467,50.104002],[14.225595,50.104053],[14.225752,50.104095],[14.225917,50.104127],[14.226094,50.104147],[14.226774,50.104192],[14.227121,50.104228],[14.227142,50.10423],[14.227332,50.104253],[14.227525,50.104282],[14.227712,50.104315],[14.227883,50.104348],[14.228004,50.104373],[14.228058,50.104385],[14.228218,50.104421],[14.228375,50.104458],[14.228523,50.104497],[14.229472,50.104781],[14.229578,50.104812],[14.229987,50.104935],[14.230003,50.10494],[14.230209,50.105001],[14.230396,50.105057],[14.230405,50.10506],[14.230502,50.105089],[14.230576,50.105115],[14.230645,50.105147],[14.230714,50.105188],[14.230759,50.105234],[14.230791,50.10529],[14.230809,50.105351],[14.230836,50.105552],[14.230857,50.105604],[14.230883,50.105652],[14.230888,50.10566],[14.230928,50.105702],[14.230938,50.105713],[14.231016,50.10575],[14.231094,50.105775],[14.231641,50.10594],[14.23275,50.106276],[14.233125,50.106387],[14.233558,50.106515],[14.233903,50.106618],[14.235003,50.106949],[14.235028,50.106956],[14.235656,50.107143],[14.236325,50.107343],[14.236415,50.10736],[14.23651,50.107366],[14.236606,50.107359],[14.236657,50.107348],[14.236699,50.107338],[14.23678,50.107303],[14.236844,50.107258],[14.236896,50.107211],[14.237107,50.106926],[14.237148,50.106876],[14.237196,50.10683],[14.237261,50.106786],[14.237335,50.106754],[14.237425,50.106737],[14.237442,50.106737],[14.237523,50.106735],[14.237619,50.106746],[14.237713,50.106765],[14.238766,50.107087],[14.238829,50.107106],[14.239171,50.107211],[14.239249,50.107242],[14.239324,50.107282],[14.239375,50.107328],[14.239409,50.107386],[14.239415,50.107442],[14.239401,50.107505],[14.239367,50.107578],[14.239316,50.107655],[14.239224,50.107776],[14.239202,50.107806],[14.239193,50.107816],[14.239138,50.107876],[14.238992,50.108009],[14.238907,50.108068],[14.238805,50.108127],[14.238302,50.108367],[14.237935,50.108542],[14.237743,50.108665],[14.237674,50.108725],[14.237611,50.108796],[14.237524,50.108938],[14.237195,50.109625],[14.23712,50.109827],[14.237061,50.110022],[14.237015,50.110221],[14.237027,50.110303],[14.237057,50.110509],[14.237232,50.110658],[14.237481,50.110868],[14.237842,50.111174],[14.237877,50.111204],[14.237912,50.111233],[14.238155,50.111439],[14.238015,50.111503],[14.238105,50.111582],[14.238295,50.111488],[14.238439,50.111611],[14.238525,50.111685],[14.238626,50.111743],[14.238807,50.111799],[14.238952,50.111806],[14.239125,50.111772],[14.239306,50.111699],[14.2397,50.11152],[14.239831,50.111469],[14.239914,50.111436],[14.24023,50.111347],[14.240493,50.111298],[14.240661,50.111286],[14.240681,50.111284],[14.240699,50.111283],[14.240719,50.111282],[14.240954,50.111277],[14.241625,50.111266],[14.241721,50.111264],[14.242026,50.11124],[14.242155,50.111216],[14.242384,50.111172],[14.242743,50.111039],[14.242891,50.110985],[14.24323,50.110807],[14.243513,50.110671],[14.244632,50.110133],[14.244765,50.110069],[14.24488,50.110025],[14.244942,50.110002],[14.244985,50.109996],[14.245112,50.109977],[14.245313,50.109972],[14.245494,50.109995],[14.245883,50.110061],[14.246057,50.11008],[14.246355,50.110135],[14.247371,50.11032],[14.248513,50.110531],[14.249062,50.110625],[14.249251,50.110658],[14.249253,50.110658],[14.249491,50.110721],[14.249631,50.110739],[14.249887,50.110772],[14.250033,50.110791],[14.250637,50.110916],[14.250981,50.110987],[14.251515,50.111113],[14.252171,50.111267],[14.253188,50.111518],[14.254064,50.111758],[14.254875,50.112028],[14.255395,50.11227],[14.255632,50.11238],[14.256078,50.112539],[14.256112,50.112593],[14.256096,50.11274],[14.256118,50.112844],[14.25612,50.112853],[14.256363,50.113158],[14.256041,50.113281],[14.256229,50.113534],[14.257162,50.114564],[14.257207,50.114549],[14.257244,50.114537],[14.257485,50.114457],[14.257522,50.114445],[14.257586,50.114424],[14.257901,50.11432],[14.25855,50.114105],[14.258676,50.114064],[14.25883,50.114025],[14.258979,50.113987],[14.259052,50.113967],[14.259708,50.113622],[14.259912,50.113514],[14.260046,50.113444],[14.260797,50.113669],[14.262581,50.114203],[14.26384,50.114591],[14.265109,50.114971],[14.265387,50.115054],[14.266067,50.115258],[14.266119,50.115273],[14.266202,50.115298],[14.266238,50.115309],[14.266322,50.115334],[14.267644,50.11573],[14.268921,50.116113],[14.270179,50.11649],[14.271423,50.116862],[14.272359,50.117143],[14.272701,50.117246],[14.272741,50.117257],[14.2728,50.117275],[14.273827,50.117583]]]}},{"type":"Feature","properties":{"cislo":6069,"kod":26781,"mestskaCast":"praha-6"},"geometry":{"type":"Polygon","coordinates":[[[14.30992,50.083906],[14.310032,50.08378],[14.310106,50.083696],[14.310376,50.08323],[14.310431,50.082844],[14.310391,50.082704],[14.310429,50.082399],[14.310541,50.081683],[14.310206,50.080754],[14.310034,50.080112],[14.309897,50.0799],[14.310018,50.079666],[14.310059,50.079543],[14.310083,50.078846],[14.31082,50.078957],[14.311,50.078973],[14.312594,50.079234],[14.312836,50.079029],[14.312624,50.078901],[14.312529,50.07882],[14.312449,50.078731],[14.312375,50.078615],[14.312355,50.078514],[14.312354,50.078323],[14.312369,50.078125],[14.312386,50.077654],[14.312801,50.077691],[14.313022,50.077711],[14.313455,50.077732],[14.313692,50.077744],[14.314109,50.077772],[14.314501,50.077789],[14.314789,50.07776],[14.3148,50.077707],[14.314848,50.077684],[14.314895,50.077661],[14.314938,50.077656],[14.315002,50.077625],[14.315015,50.077626],[14.315095,50.077715],[14.315151,50.077784],[14.315196,50.077833],[14.315262,50.077921],[14.31545,50.077901],[14.315507,50.077897],[14.315519,50.077971],[14.315338,50.078027],[14.315358,50.078129],[14.315366,50.078157],[14.315378,50.078231],[14.315411,50.078342],[14.315409,50.078351],[14.315417,50.078443],[14.315445,50.078509],[14.31545,50.078555],[14.31547,50.078656],[14.315502,50.078768],[14.315512,50.078851],[14.315524,50.078861],[14.315521,50.078879],[14.315541,50.07898],[14.315575,50.079083],[14.315583,50.079111],[14.315609,50.079186],[14.315632,50.079279],[14.31565,50.079326],[14.315668,50.079373],[14.315678,50.079392],[14.31573,50.079478],[14.315799,50.079548],[14.315831,50.079596],[14.315815,50.079604],[14.315786,50.079611],[14.315796,50.07963],[14.315827,50.079614],[14.315837,50.079633],[14.31598,50.079691],[14.316148,50.079761],[14.316345,50.079897],[14.316368,50.079917],[14.316489,50.080009],[14.316633,50.079931],[14.316705,50.079992],[14.31685,50.080105],[14.316935,50.080167],[14.316996,50.080209],[14.317048,50.080232],[14.317141,50.080258],[14.317179,50.08028],[14.317337,50.08033],[14.317363,50.080342],[14.317547,50.080404],[14.317585,50.080425],[14.317729,50.080474],[14.317743,50.080476],[14.317897,50.080544],[14.317953,50.080549],[14.318084,50.080597],[14.318167,50.080604],[14.318192,50.080616],[14.318289,50.080624],[14.3184,50.080634],[14.318483,50.080642],[14.318619,50.080663],[14.318758,50.080675],[14.318839,50.080692],[14.318894,50.080697],[14.318944,50.080665],[14.318977,50.08064],[14.31901,50.080616],[14.319044,50.080592],[14.319255,50.080466],[14.320016,50.080988],[14.320467,50.080992],[14.320469,50.081046],[14.320466,50.081128],[14.32046,50.081154],[14.320458,50.081163],[14.320456,50.081172],[14.320458,50.081227],[14.320453,50.081254],[14.320465,50.081327],[14.320461,50.081345],[14.32045,50.081398],[14.321086,50.081392],[14.321104,50.081439],[14.321209,50.081475],[14.321414,50.081439],[14.32187,50.081353],[14.322709,50.081192],[14.323297,50.081081],[14.324091,50.080934],[14.324326,50.080892],[14.324517,50.080854],[14.324928,50.080782],[14.325283,50.080705],[14.325387,50.080678],[14.325363,50.080594],[14.325277,50.080341],[14.325271,50.080304],[14.325181,50.079933],[14.32524,50.079857],[14.325137,50.079811],[14.325079,50.079688],[14.325043,50.079594],[14.325031,50.079584],[14.325033,50.079575],[14.325023,50.079556],[14.324973,50.079461],[14.324914,50.079474],[14.324886,50.079471],[14.324819,50.079456],[14.324795,50.079436],[14.324765,50.079379],[14.324763,50.079388],[14.324661,50.079406],[14.324644,50.07935],[14.324634,50.079331],[14.324578,50.079199],[14.324542,50.079105],[14.324524,50.079058],[14.3245,50.078974],[14.324273,50.078391],[14.324253,50.078353],[14.324237,50.078297],[14.324147,50.078062],[14.32413,50.078006],[14.32412,50.077987],[14.324014,50.077696],[14.323948,50.077545],[14.323928,50.077507],[14.323858,50.07731],[14.323805,50.07716],[14.323785,50.077122],[14.323649,50.076774],[14.323667,50.076757],[14.323686,50.076668],[14.323709,50.076561],[14.323727,50.076345],[14.323725,50.07629],[14.323725,50.076227],[14.323697,50.076224],[14.323699,50.076152],[14.323698,50.076152],[14.323676,50.076153],[14.322988,50.076182],[14.322442,50.076206],[14.322417,50.076207],[14.321802,50.076232],[14.321791,50.076232],[14.321794,50.076266],[14.321794,50.076266],[14.321791,50.076267],[14.321788,50.076268],[14.321789,50.07627],[14.321791,50.076272],[14.321792,50.076272],[14.321791,50.076273],[14.321789,50.076274],[14.321789,50.07628],[14.321792,50.076282],[14.321792,50.076282],[14.321792,50.076282],[14.32179,50.076284],[14.32179,50.076291],[14.321793,50.076293],[14.321792,50.076294],[14.32179,50.076295],[14.321788,50.076294],[14.321785,50.076294],[14.321782,50.076294],[14.321779,50.076294],[14.321776,50.076295],[14.321773,50.076296],[14.32177,50.076297],[14.321768,50.076299],[14.321766,50.076297],[14.321763,50.076296],[14.32176,50.076296],[14.321757,50.076295],[14.321754,50.076295],[14.32175,50.076296],[14.321747,50.076296],[14.321745,50.076297],[14.321743,50.076296],[14.321741,50.076295],[14.321745,50.076292],[14.321744,50.076286],[14.32174,50.076285],[14.321743,50.076282],[14.321742,50.076276],[14.321738,50.076275],[14.321741,50.076273],[14.321741,50.076271],[14.321734,50.076269],[14.321734,50.076261],[14.321705,50.076263],[14.321687,50.076264],[14.321686,50.076263],[14.321683,50.076261],[14.321681,50.076238],[14.321471,50.076247],[14.321356,50.076242],[14.321307,50.07624],[14.320888,50.076222],[14.320434,50.076205],[14.320431,50.076205],[14.320337,50.076201],[14.320306,50.0762],[14.320255,50.076198],[14.31999,50.076199],[14.31999,50.076199],[14.320002,50.076065],[14.320029,50.075772],[14.320026,50.075773],[14.319782,50.075829],[14.319743,50.075838],[14.319546,50.075884],[14.319485,50.075898],[14.319309,50.075938],[14.319165,50.075971],[14.319126,50.07598],[14.319072,50.075993],[14.318836,50.076047],[14.31866,50.076031],[14.318583,50.076023],[14.318529,50.075945],[14.318499,50.075902],[14.318481,50.075875],[14.318481,50.075875],[14.318287,50.075931],[14.318116,50.075979],[14.318078,50.075918],[14.317726,50.075897],[14.317726,50.075897],[14.316091,50.075967],[14.3149,50.07601],[14.314895,50.075985],[14.314871,50.075854],[14.314607,50.075848],[14.314387,50.075843],[14.314383,50.075843],[14.314288,50.075841],[14.313832,50.075831],[14.31381,50.075766],[14.312335,50.07601],[14.310125,50.076375],[14.30991,50.076411],[14.308363,50.076634],[14.306473,50.076907],[14.305639,50.077001],[14.304917,50.077042],[14.304345,50.077087],[14.304281,50.077112],[14.304245,50.077142],[14.30417,50.077104],[14.304131,50.077085],[14.302969,50.077003],[14.302021,50.076936],[14.300569,50.076858],[14.300245,50.076848],[14.299517,50.076895],[14.298652,50.076945],[14.297663,50.076947],[14.296595,50.076949],[14.296517,50.076949],[14.296515,50.076949],[14.296453,50.076949],[14.29626,50.076949],[14.29626,50.076949],[14.296265,50.077001],[14.296266,50.077012],[14.296243,50.077023],[14.296225,50.077032],[14.295792,50.077314],[14.295136,50.077496],[14.294751,50.077402],[14.294294,50.077342],[14.293948,50.077301],[14.293816,50.077286],[14.293796,50.077284],[14.293774,50.077281],[14.293728,50.077276],[14.293677,50.077251],[14.293645,50.077235],[14.293547,50.077326],[14.293294,50.077562],[14.293291,50.077561],[14.293188,50.077549],[14.293207,50.077514],[14.293189,50.077513],[14.293168,50.077506],[14.293102,50.077484],[14.29303,50.07746],[14.293017,50.077451],[14.293009,50.077446],[14.292994,50.077437],[14.292981,50.077428],[14.292897,50.077374],[14.292572,50.077294],[14.291793,50.077242],[14.29179,50.077242],[14.291782,50.077241],[14.291775,50.07724],[14.291771,50.07724],[14.291768,50.07724],[14.291484,50.077218],[14.291467,50.077217],[14.291449,50.077216],[14.291437,50.077215],[14.291393,50.077211],[14.291389,50.077211],[14.291386,50.077211],[14.291381,50.07721],[14.291356,50.077208],[14.291352,50.077208],[14.291348,50.077208],[14.291345,50.077208],[14.291297,50.077204],[14.291059,50.077194],[14.291055,50.077194],[14.291052,50.077194],[14.290947,50.07719],[14.290944,50.07719],[14.290939,50.07719],[14.290742,50.077182],[14.290736,50.077181],[14.290731,50.077181],[14.290727,50.077181],[14.290708,50.07718],[14.290676,50.077179],[14.290121,50.077149],[14.289851,50.077138],[14.289859,50.077003],[14.289864,50.076939],[14.289874,50.076912],[14.289647,50.076918],[14.289455,50.076921],[14.289336,50.076927],[14.28934,50.076948],[14.28934,50.076949],[14.289342,50.076958],[14.289345,50.076975],[14.289375,50.077137],[14.288227,50.077195],[14.288139,50.0772],[14.287982,50.077208],[14.287931,50.07721],[14.287933,50.077237],[14.287933,50.07724],[14.287935,50.077275],[14.287937,50.077291],[14.287936,50.077319],[14.287935,50.077344],[14.287933,50.077387],[14.28793,50.07745],[14.287921,50.077665],[14.287372,50.077779],[14.28736,50.077782],[14.287317,50.077791],[14.287023,50.077851],[14.286971,50.077861],[14.286794,50.077897],[14.2863,50.077998],[14.286205,50.078017],[14.286027,50.078053],[14.285946,50.07807],[14.285552,50.07815],[14.285011,50.078261],[14.285012,50.078354],[14.285013,50.078425],[14.285019,50.078585],[14.285038,50.079141],[14.285114,50.079694],[14.285137,50.079871],[14.285138,50.079883],[14.285169,50.080124],[14.285176,50.080178],[14.285189,50.080274],[14.285195,50.080318],[14.285215,50.080468],[14.285221,50.080519],[14.285225,50.08055],[14.285236,50.080633],[14.285237,50.080651],[14.285242,50.080718],[14.285269,50.081081],[14.285291,50.081123],[14.28532,50.081181],[14.285335,50.081209],[14.285266,50.081227],[14.284955,50.081308],[14.284573,50.08143],[14.284449,50.081464],[14.284381,50.08148],[14.283928,50.081586],[14.283864,50.081592],[14.283548,50.081611],[14.283203,50.081641],[14.283084,50.08165],[14.28288,50.081656],[14.28261,50.081663],[14.281916,50.081643],[14.281911,50.081643],[14.283345,50.081796],[14.284508,50.0819],[14.285537,50.081902],[14.288639,50.081844],[14.290052,50.081835],[14.29155,50.081824],[14.292712,50.081865],[14.294353,50.081976],[14.295377,50.082067],[14.295852,50.082155],[14.297099,50.082521],[14.298284,50.082845],[14.299372,50.083097],[14.300634,50.083328],[14.302185,50.083531],[14.303747,50.08368],[14.304619,50.083822],[14.306215,50.08401],[14.306851,50.084003],[14.307973,50.083904],[14.308546,50.083865],[14.308998,50.08386],[14.309627,50.083889],[14.30992,50.083906]]]}},{"type":"Feature","properties":{"cislo":6070,"kod":26783,"mestskaCast":"praha-6"},"geometry":{"type":"Polygon","coordinates":[[[14.321209,50.081475],[14.321104,50.081439],[14.321086,50.081392],[14.32045,50.081398],[14.320461,50.081345],[14.320465,50.081327],[14.320453,50.081254],[14.320458,50.081227],[14.320456,50.081172],[14.320458,50.081163],[14.32046,50.081154],[14.320466,50.081128],[14.320469,50.081046],[14.320467,50.080992],[14.320016,50.080988],[14.319255,50.080466],[14.319044,50.080592],[14.31901,50.080616],[14.318977,50.08064],[14.318944,50.080665],[14.318894,50.080697],[14.318839,50.080692],[14.318758,50.080675],[14.318619,50.080663],[14.318483,50.080642],[14.3184,50.080634],[14.318289,50.080624],[14.318192,50.080616],[14.318167,50.080604],[14.318084,50.080597],[14.317953,50.080549],[14.317897,50.080544],[14.317743,50.080476],[14.317729,50.080474],[14.317585,50.080425],[14.317547,50.080404],[14.317363,50.080342],[14.317337,50.08033],[14.317179,50.08028],[14.317141,50.080258],[14.317048,50.080232],[14.316996,50.080209],[14.316935,50.080167],[14.31685,50.080105],[14.316705,50.079992],[14.316633,50.079931],[14.316489,50.080009],[14.316368,50.079917],[14.316345,50.079897],[14.316148,50.079761],[14.31598,50.079691],[14.315837,50.079633],[14.315827,50.079614],[14.315796,50.07963],[14.315786,50.079611],[14.315815,50.079604],[14.315831,50.079596],[14.315799,50.079548],[14.31573,50.079478],[14.315678,50.079392],[14.315668,50.079373],[14.31565,50.079326],[14.315632,50.079279],[14.315609,50.079186],[14.315583,50.079111],[14.315575,50.079083],[14.315541,50.07898],[14.315521,50.078879],[14.315524,50.078861],[14.315512,50.078851],[14.315502,50.078768],[14.31547,50.078656],[14.31545,50.078555],[14.315445,50.078509],[14.315417,50.078443],[14.315409,50.078351],[14.315411,50.078342],[14.315378,50.078231],[14.315366,50.078157],[14.315358,50.078129],[14.315338,50.078027],[14.315519,50.077971],[14.315507,50.077897],[14.31545,50.077901],[14.315262,50.077921],[14.315196,50.077833],[14.315151,50.077784],[14.315095,50.077715],[14.315015,50.077626],[14.315002,50.077625],[14.314938,50.077656],[14.314895,50.077661],[14.314848,50.077684],[14.3148,50.077707],[14.314789,50.07776],[14.314501,50.077789],[14.314109,50.077772],[14.313692,50.077744],[14.313455,50.077732],[14.313022,50.077711],[14.312801,50.077691],[14.312386,50.077654],[14.312369,50.078125],[14.312354,50.078323],[14.312355,50.078514],[14.312375,50.078615],[14.312449,50.078731],[14.312529,50.07882],[14.312624,50.078901],[14.312836,50.079029],[14.312594,50.079234],[14.311,50.078973],[14.31082,50.078957],[14.310083,50.078846],[14.310059,50.079543],[14.310018,50.079666],[14.309897,50.0799],[14.310034,50.080112],[14.310206,50.080754],[14.310541,50.081683],[14.310429,50.082399],[14.310391,50.082704],[14.310431,50.082844],[14.310376,50.08323],[14.310106,50.083696],[14.310032,50.08378],[14.30992,50.083906],[14.309863,50.083973],[14.309314,50.084423],[14.307966,50.085374],[14.310931,50.085884],[14.312879,50.086204],[14.314976,50.086555],[14.315576,50.086654],[14.316487,50.086808],[14.317279,50.086934],[14.317205,50.086755],[14.317057,50.086523],[14.316922,50.086366],[14.31664,50.086168],[14.316295,50.086001],[14.315917,50.085859],[14.31604,50.085679],[14.316474,50.085763],[14.317223,50.085821],[14.318883,50.085779],[14.319705,50.085825],[14.320182,50.085904],[14.321001,50.086096],[14.321581,50.086284],[14.322015,50.086495],[14.322374,50.086727],[14.322744,50.087041],[14.323038,50.087376],[14.323322,50.087828],[14.323417,50.087846],[14.323456,50.087858],[14.323591,50.087888],[14.32356,50.087768],[14.323566,50.087741],[14.323616,50.087509],[14.323622,50.087483],[14.323624,50.087474],[14.32363,50.087447],[14.323635,50.08742],[14.323639,50.087403],[14.323657,50.087322],[14.323658,50.087313],[14.323668,50.087269],[14.323695,50.087144],[14.323697,50.087135],[14.323712,50.087064],[14.323716,50.087046],[14.324131,50.087083],[14.324325,50.087101],[14.324464,50.087113],[14.324519,50.087118],[14.324715,50.087126],[14.324908,50.087144],[14.325102,50.087161],[14.325296,50.087178],[14.325326,50.087172],[14.325426,50.087163],[14.32544,50.087164],[14.325537,50.087173],[14.325745,50.087191],[14.325759,50.087193],[14.32575,50.087101],[14.325738,50.087027],[14.325712,50.086952],[14.325657,50.086811],[14.325548,50.086602],[14.325534,50.086601],[14.325449,50.086602],[14.325407,50.086598],[14.325409,50.086589],[14.325436,50.086401],[14.325399,50.086307],[14.325338,50.086202],[14.325278,50.086087],[14.325268,50.086068],[14.325256,50.086058],[14.325258,50.086049],[14.325246,50.086039],[14.325236,50.08602],[14.325124,50.08582],[14.32523,50.085784],[14.325278,50.085761],[14.325291,50.085762],[14.325256,50.085732],[14.325258,50.085723],[14.325246,50.085712],[14.325232,50.085711],[14.325208,50.085691],[14.325137,50.08563],[14.325034,50.085585],[14.324338,50.085277],[14.32434,50.085268],[14.324361,50.085234],[14.324365,50.085216],[14.324381,50.085209],[14.324238,50.08515],[14.32412,50.085113],[14.324052,50.085097],[14.324013,50.085085],[14.323947,50.085061],[14.322239,50.084609],[14.32196,50.084529],[14.321934,50.084518],[14.321899,50.084487],[14.321901,50.084478],[14.321728,50.0843],[14.321282,50.083815],[14.321079,50.083579],[14.321025,50.083501],[14.32084,50.083312],[14.320707,50.083146],[14.320652,50.082942],[14.320646,50.082905],[14.320589,50.082646],[14.320593,50.082628],[14.320585,50.0826],[14.320544,50.082333],[14.320508,50.082175],[14.320527,50.082086],[14.320528,50.082014],[14.32067,50.081881],[14.320843,50.081733],[14.32103,50.081587],[14.321209,50.081475]]]}},{"type":"Feature","properties":{"cislo":6071,"kod":26785,"mestskaCast":"praha-6"},"geometry":{"type":"Polygon","coordinates":[[[14.306412,50.089166],[14.306721,50.088585],[14.306576,50.088536],[14.306432,50.088486],[14.306014,50.088395],[14.306053,50.088344],[14.306469,50.087664],[14.306455,50.087662],[14.305552,50.087073],[14.303194,50.088692],[14.304173,50.089274],[14.304237,50.089307],[14.30425,50.089308],[14.304645,50.089443],[14.3051,50.08962],[14.30557,50.089862],[14.305921,50.090066],[14.305923,50.090057],[14.306412,50.089166]]]}},{"type":"Feature","properties":{"cislo":6072,"kod":26787,"mestskaCast":"praha-6"},"geometry":{"type":"Polygon","coordinates":[[[14.310342,50.090107],[14.310626,50.090233],[14.31256,50.090551],[14.314048,50.090784],[14.31412,50.090582],[14.314147,50.090521],[14.314151,50.090503],[14.314227,50.090283],[14.314328,50.09001],[14.314474,50.089597],[14.314499,50.089544],[14.314519,50.089519],[14.314544,50.089467],[14.314575,50.089261],[14.314635,50.089048],[14.314639,50.08903],[14.314643,50.089013],[14.314644,50.089004],[14.314648,50.088986],[14.314652,50.088968],[14.314654,50.088959],[14.314658,50.088941],[14.31466,50.088932],[14.314676,50.088925],[14.314679,50.088907],[14.314681,50.088898],[14.314697,50.08889],[14.314699,50.088881],[14.314715,50.088874],[14.314717,50.088865],[14.314733,50.088857],[14.314734,50.088848],[14.314781,50.088762],[14.314867,50.088497],[14.314904,50.088391],[14.314943,50.088404],[14.315576,50.086654],[14.314976,50.086555],[14.312879,50.086204],[14.310931,50.085884],[14.307966,50.085374],[14.305552,50.087073],[14.306455,50.087662],[14.306469,50.087664],[14.306053,50.088344],[14.306014,50.088395],[14.306432,50.088486],[14.306576,50.088536],[14.306721,50.088585],[14.306412,50.089166],[14.306834,50.08943],[14.307826,50.090064],[14.308296,50.090306],[14.308741,50.0904],[14.308943,50.090055],[14.308984,50.090058],[14.309076,50.089894],[14.309078,50.089885],[14.309125,50.089799],[14.309148,50.089755],[14.30936,50.089493],[14.310342,50.090107]]]}},{"type":"Feature","properties":{"cislo":6073,"kod":26789,"mestskaCast":"praha-6"},"geometry":{"type":"Polygon","coordinates":[[[14.310208,50.091185],[14.310194,50.091184],[14.309735,50.091088],[14.309762,50.091027],[14.309878,50.090819],[14.31015,50.090281],[14.310342,50.090107],[14.30936,50.089493],[14.309148,50.089755],[14.309125,50.089799],[14.309078,50.089885],[14.309076,50.089894],[14.308984,50.090058],[14.308943,50.090055],[14.308741,50.0904],[14.308296,50.090306],[14.307826,50.090064],[14.306834,50.08943],[14.306412,50.089166],[14.305923,50.090057],[14.305921,50.090066],[14.30557,50.089862],[14.3051,50.08962],[14.304645,50.089443],[14.30425,50.089308],[14.304237,50.089307],[14.303586,50.090683],[14.304253,50.090797],[14.305276,50.090961],[14.306502,50.091225],[14.306518,50.091218],[14.306674,50.09115],[14.307365,50.091284],[14.307577,50.091476],[14.307936,50.091771],[14.308266,50.092009],[14.308597,50.092112],[14.308608,50.092122],[14.308636,50.092124],[14.308662,50.092136],[14.308676,50.092137],[14.308703,50.092139],[14.308715,50.09215],[14.308743,50.092152],[14.308771,50.092155],[14.308785,50.092156],[14.308812,50.092158],[14.30884,50.092161],[14.308868,50.092163],[14.308897,50.092157],[14.308911,50.092158],[14.308939,50.09216],[14.308968,50.092154],[14.308998,50.092148],[14.309441,50.092124],[14.309713,50.092103],[14.309756,50.092034],[14.30976,50.092016],[14.309762,50.092007],[14.309854,50.091843],[14.309856,50.091834],[14.309878,50.0918],[14.309879,50.091791],[14.310208,50.091185]]]}},{"type":"Feature","properties":{"cislo":6074,"kod":26791,"mestskaCast":"praha-6"},"geometry":{"type":"Polygon","coordinates":[[[14.304078,50.093432],[14.305479,50.093349],[14.308502,50.093202],[14.312871,50.09303],[14.312888,50.092886],[14.312902,50.092824],[14.312903,50.092751],[14.312918,50.09268],[14.312893,50.092669],[14.312932,50.092618],[14.313008,50.092461],[14.313037,50.092391],[14.313051,50.092392],[14.313186,50.092423],[14.313507,50.091916],[14.313479,50.091913],[14.312146,50.091621],[14.31209,50.091616],[14.312064,50.091605],[14.311754,50.091541],[14.311217,50.091411],[14.310624,50.091285],[14.310208,50.091185],[14.309879,50.091791],[14.309878,50.0918],[14.309856,50.091834],[14.309854,50.091843],[14.309762,50.092007],[14.30976,50.092016],[14.309756,50.092034],[14.309713,50.092103],[14.309441,50.092124],[14.308998,50.092148],[14.308968,50.092154],[14.308939,50.09216],[14.308911,50.092158],[14.308897,50.092157],[14.308868,50.092163],[14.30884,50.092161],[14.308812,50.092158],[14.308785,50.092156],[14.308771,50.092155],[14.308743,50.092152],[14.308715,50.09215],[14.308703,50.092139],[14.308676,50.092137],[14.308662,50.092136],[14.308636,50.092124],[14.308608,50.092122],[14.308597,50.092112],[14.308266,50.092009],[14.307936,50.091771],[14.307577,50.091476],[14.307365,50.091284],[14.306674,50.09115],[14.306518,50.091218],[14.306502,50.091225],[14.305276,50.090961],[14.304253,50.090797],[14.303586,50.090683],[14.304237,50.089307],[14.304173,50.089274],[14.303194,50.088692],[14.302459,50.089175],[14.300788,50.090378],[14.301621,50.090897],[14.302827,50.091713],[14.303829,50.092366],[14.303599,50.093035],[14.30368,50.093051],[14.304141,50.093138],[14.304078,50.093432]]]}},{"type":"Feature","properties":{"cislo":6075,"kod":26793,"mestskaCast":"praha-6"},"geometry":{"type":"Polygon","coordinates":[[[14.321611,50.106514],[14.321614,50.106511],[14.321366,50.106026],[14.321234,50.105724],[14.321058,50.105363],[14.320789,50.104976],[14.320566,50.104829],[14.320382,50.104767],[14.318518,50.104446],[14.317582,50.104272],[14.316582,50.104064],[14.31598,50.103911],[14.315568,50.103665],[14.315442,50.103527],[14.315435,50.103363],[14.315541,50.1032],[14.315859,50.102838],[14.315932,50.102699],[14.31598,50.102476],[14.316014,50.102252],[14.316125,50.101999],[14.31632,50.101817],[14.316703,50.101679],[14.316961,50.101529],[14.317025,50.101426],[14.316975,50.101331],[14.316626,50.101118],[14.316693,50.10107],[14.317362,50.100848],[14.317485,50.100605],[14.317457,50.100475],[14.317515,50.100272],[14.317709,50.100026],[14.31744,50.099575],[14.31743,50.099556],[14.318401,50.09937],[14.318577,50.099341],[14.318285,50.09906],[14.318036,50.098839],[14.317953,50.098768],[14.317667,50.098588],[14.317562,50.098488],[14.317476,50.098362],[14.317408,50.098283],[14.317104,50.097929],[14.316921,50.097731],[14.316849,50.097607],[14.31669,50.097429],[14.316636,50.097288],[14.316502,50.097122],[14.316281,50.096775],[14.316278,50.096721],[14.3163,50.096359],[14.316317,50.096279],[14.316472,50.095957],[14.316575,50.095803],[14.316717,50.095671],[14.316817,50.095598],[14.31726,50.09551],[14.318109,50.095432],[14.318376,50.095438],[14.318704,50.095485],[14.318882,50.09551],[14.319035,50.095524],[14.319418,50.095449],[14.31954,50.095406],[14.319654,50.095334],[14.319977,50.095082],[14.320111,50.094985],[14.320265,50.094926],[14.32034,50.094905],[14.320616,50.094866],[14.32095,50.094824],[14.321179,50.094744],[14.321479,50.094662],[14.321747,50.094532],[14.321837,50.094503],[14.321938,50.094494],[14.322342,50.094521],[14.322468,50.094524],[14.322527,50.094511],[14.323181,50.09436],[14.323301,50.094326],[14.323297,50.09428],[14.32316,50.094259],[14.322919,50.094201],[14.322664,50.094142],[14.322438,50.094076],[14.322244,50.093995],[14.322032,50.093931],[14.321798,50.093901],[14.321559,50.093898],[14.321188,50.093919],[14.321049,50.093907],[14.320766,50.093845],[14.3206,50.09383],[14.320327,50.093851],[14.320173,50.093846],[14.320082,50.093811],[14.32005,50.093763],[14.320062,50.093709],[14.320154,50.093672],[14.320696,50.093584],[14.321385,50.093464],[14.322364,50.093371],[14.322913,50.093247],[14.323519,50.093056],[14.323818,50.09291],[14.324107,50.092619],[14.321096,50.092712],[14.32105,50.092336],[14.32021,50.092107],[14.317934,50.091477],[14.316788,50.091229],[14.315917,50.091078],[14.314048,50.090784],[14.31256,50.090551],[14.310626,50.090233],[14.310342,50.090107],[14.31015,50.090281],[14.309878,50.090819],[14.309762,50.091027],[14.309735,50.091088],[14.310194,50.091184],[14.310208,50.091185],[14.310624,50.091285],[14.311217,50.091411],[14.311754,50.091541],[14.312064,50.091605],[14.31209,50.091616],[14.312146,50.091621],[14.313479,50.091913],[14.313507,50.091916],[14.313186,50.092423],[14.313051,50.092392],[14.313037,50.092391],[14.313008,50.092461],[14.312932,50.092618],[14.312893,50.092669],[14.312918,50.09268],[14.312903,50.092751],[14.312902,50.092824],[14.312888,50.092886],[14.312871,50.09303],[14.308502,50.093202],[14.305479,50.093349],[14.304078,50.093432],[14.299929,50.093774],[14.298635,50.093934],[14.297639,50.094298],[14.296899,50.094849],[14.296456,50.095264],[14.296209,50.095623],[14.296016,50.096187],[14.295683,50.097854],[14.295307,50.099981],[14.294971,50.10173],[14.295495,50.101786],[14.295861,50.101855],[14.296451,50.102262],[14.297318,50.102885],[14.298151,50.103341],[14.298569,50.103623],[14.298891,50.103897],[14.299173,50.104158],[14.299177,50.10416],[14.299228,50.10412],[14.299819,50.103728],[14.300375,50.103326],[14.300822,50.102991],[14.301051,50.102835],[14.301105,50.10285],[14.30135,50.102889],[14.301722,50.10292],[14.302034,50.102917],[14.302045,50.102895],[14.302432,50.102939],[14.303001,50.102994],[14.303549,50.103028],[14.303817,50.103037],[14.30521,50.103083],[14.305508,50.103112],[14.305895,50.103163],[14.306579,50.103242],[14.307532,50.103344],[14.307771,50.103376],[14.308297,50.103472],[14.309647,50.103747],[14.310166,50.103897],[14.310779,50.104057],[14.312119,50.104458],[14.312438,50.104542],[14.312779,50.104621],[14.313344,50.104746],[14.313903,50.104848],[14.314784,50.105021],[14.315477,50.105198],[14.316147,50.105394],[14.316623,50.105507],[14.316923,50.105566],[14.317295,50.105617],[14.317629,50.105667],[14.318837,50.105889],[14.319246,50.105929],[14.319568,50.106023],[14.320307,50.106167],[14.320336,50.106173],[14.321003,50.106324],[14.321518,50.10647],[14.321574,50.106496],[14.321611,50.106514]]]}},{"type":"Feature","properties":{"cislo":6076,"kod":26795,"mestskaCast":"praha-6"},"geometry":{"type":"Polygon","coordinates":[[[14.314048,50.090784],[14.315917,50.091078],[14.316788,50.091229],[14.317934,50.091477],[14.32021,50.092107],[14.32105,50.092336],[14.321096,50.092712],[14.324107,50.092619],[14.324246,50.092104],[14.32438,50.091617],[14.32454,50.091268],[14.324771,50.090654],[14.324921,50.090222],[14.325094,50.089747],[14.324813,50.089613],[14.324289,50.089231],[14.324074,50.088985],[14.323695,50.088451],[14.323322,50.087828],[14.323038,50.087376],[14.322744,50.087041],[14.322374,50.086727],[14.322015,50.086495],[14.321581,50.086284],[14.321001,50.086096],[14.320182,50.085904],[14.319705,50.085825],[14.318883,50.085779],[14.317223,50.085821],[14.316474,50.085763],[14.31604,50.085679],[14.315917,50.085859],[14.316295,50.086001],[14.31664,50.086168],[14.316922,50.086366],[14.317057,50.086523],[14.317205,50.086755],[14.317279,50.086934],[14.316487,50.086808],[14.315576,50.086654],[14.314943,50.088404],[14.314904,50.088391],[14.314867,50.088497],[14.314781,50.088762],[14.314734,50.088848],[14.314733,50.088857],[14.314717,50.088865],[14.314715,50.088874],[14.314699,50.088881],[14.314697,50.08889],[14.314681,50.088898],[14.314679,50.088907],[14.314676,50.088925],[14.31466,50.088932],[14.314658,50.088941],[14.314654,50.088959],[14.314652,50.088968],[14.314648,50.088986],[14.314644,50.089004],[14.314643,50.089013],[14.314639,50.08903],[14.314635,50.089048],[14.314575,50.089261],[14.314544,50.089467],[14.314519,50.089519],[14.314499,50.089544],[14.314474,50.089597],[14.314328,50.09001],[14.314227,50.090283],[14.314151,50.090503],[14.314147,50.090521],[14.31412,50.090582],[14.314048,50.090784]]]}},{"type":"Feature","properties":{"cislo":6077,"kod":26797,"mestskaCast":"praha-6"},"geometry":{"type":"Polygon","coordinates":[[[14.324621,50.10659],[14.324621,50.10659],[14.324618,50.106589],[14.324794,50.106296],[14.324807,50.106234],[14.324807,50.106107],[14.324849,50.105911],[14.32499,50.105715],[14.325159,50.105521],[14.325291,50.105369],[14.3254,50.105061],[14.325316,50.104727],[14.325318,50.104591],[14.325241,50.104421],[14.325235,50.103994],[14.325236,50.103858],[14.325323,50.103784],[14.325456,50.103687],[14.325668,50.103424],[14.325795,50.103163],[14.325825,50.102766],[14.325868,50.102761],[14.326254,50.102215],[14.326803,50.101828],[14.326825,50.101794],[14.326854,50.101724],[14.326864,50.101679],[14.326872,50.101643],[14.32706,50.100834],[14.327203,50.100302],[14.327349,50.100216],[14.327595,50.100056],[14.327781,50.100045],[14.327773,50.100017],[14.327646,50.100015],[14.327585,50.099973],[14.327162,50.099709],[14.326867,50.09951],[14.326622,50.099334],[14.326096,50.09896],[14.325794,50.098661],[14.325953,50.098511],[14.325959,50.098421],[14.325755,50.098385],[14.32584,50.098056],[14.32592,50.097619],[14.325981,50.09747],[14.32609,50.097289],[14.326196,50.097126],[14.326367,50.096923],[14.326872,50.097068],[14.327493,50.097197],[14.327556,50.097166],[14.327765,50.097048],[14.327962,50.096921],[14.327991,50.096914],[14.327918,50.096862],[14.327713,50.096635],[14.327602,50.096562],[14.327418,50.0965],[14.327157,50.096468],[14.326747,50.096404],[14.326646,50.096349],[14.326647,50.096277],[14.326592,50.095945],[14.32652,50.095884],[14.326459,50.095842],[14.326518,50.09583],[14.326548,50.095823],[14.326799,50.095773],[14.32707,50.095625],[14.327208,50.09551],[14.327242,50.095486],[14.326982,50.095317],[14.326167,50.094709],[14.326147,50.094671],[14.326052,50.094526],[14.325693,50.094358],[14.325384,50.094221],[14.325152,50.094183],[14.325147,50.093946],[14.325216,50.093889],[14.325377,50.093794],[14.325393,50.093786],[14.325426,50.093762],[14.325546,50.093664],[14.325564,50.093647],[14.325617,50.093598],[14.325938,50.093418],[14.326064,50.093229],[14.326109,50.093279],[14.326343,50.093309],[14.327567,50.093781],[14.327593,50.093729],[14.327678,50.093528],[14.327772,50.093291],[14.327945,50.09288],[14.327951,50.092853],[14.328004,50.09274],[14.328376,50.092782],[14.329891,50.092954],[14.33105,50.093075],[14.331187,50.09257],[14.330593,50.092508],[14.330862,50.091525],[14.33088,50.091508],[14.330899,50.091483],[14.330901,50.091474],[14.330935,50.091449],[14.331405,50.090838],[14.331519,50.090703],[14.331619,50.090566],[14.331284,50.090618],[14.330879,50.090664],[14.330493,50.090684],[14.330098,50.090685],[14.329972,50.090683],[14.329944,50.09068],[14.329568,50.090656],[14.329143,50.090599],[14.329032,50.09059],[14.328977,50.090585],[14.328573,50.090494],[14.327709,50.090381],[14.326043,50.090059],[14.325247,50.089825],[14.325094,50.089747],[14.324921,50.090222],[14.324771,50.090654],[14.32454,50.091268],[14.32438,50.091617],[14.324246,50.092104],[14.324107,50.092619],[14.323818,50.09291],[14.323519,50.093056],[14.322913,50.093247],[14.322364,50.093371],[14.321385,50.093464],[14.320696,50.093584],[14.320154,50.093672],[14.320062,50.093709],[14.32005,50.093763],[14.320082,50.093811],[14.320173,50.093846],[14.320327,50.093851],[14.3206,50.09383],[14.320766,50.093845],[14.321049,50.093907],[14.321188,50.093919],[14.321559,50.093898],[14.321798,50.093901],[14.322032,50.093931],[14.322244,50.093995],[14.322438,50.094076],[14.322664,50.094142],[14.322919,50.094201],[14.32316,50.094259],[14.323297,50.09428],[14.323301,50.094326],[14.323181,50.09436],[14.322527,50.094511],[14.322468,50.094524],[14.322342,50.094521],[14.321938,50.094494],[14.321837,50.094503],[14.321747,50.094532],[14.321479,50.094662],[14.321179,50.094744],[14.32095,50.094824],[14.320616,50.094866],[14.32034,50.094905],[14.320265,50.094926],[14.320111,50.094985],[14.319977,50.095082],[14.319654,50.095334],[14.31954,50.095406],[14.319418,50.095449],[14.319035,50.095524],[14.318882,50.09551],[14.318704,50.095485],[14.318376,50.095438],[14.318109,50.095432],[14.31726,50.09551],[14.316817,50.095598],[14.316717,50.095671],[14.316575,50.095803],[14.316472,50.095957],[14.316317,50.096279],[14.3163,50.096359],[14.316278,50.096721],[14.316281,50.096775],[14.316502,50.097122],[14.316636,50.097288],[14.31669,50.097429],[14.316849,50.097607],[14.316921,50.097731],[14.317104,50.097929],[14.317408,50.098283],[14.317476,50.098362],[14.317562,50.098488],[14.317667,50.098588],[14.317953,50.098768],[14.318036,50.098839],[14.318285,50.09906],[14.318577,50.099341],[14.318401,50.09937],[14.31743,50.099556],[14.31744,50.099575],[14.317709,50.100026],[14.317515,50.100272],[14.317457,50.100475],[14.317485,50.100605],[14.317362,50.100848],[14.316693,50.10107],[14.316626,50.101118],[14.316975,50.101331],[14.317025,50.101426],[14.316961,50.101529],[14.316703,50.101679],[14.31632,50.101817],[14.316125,50.101999],[14.316014,50.102252],[14.31598,50.102476],[14.315932,50.102699],[14.315859,50.102838],[14.315541,50.1032],[14.315435,50.103363],[14.315442,50.103527],[14.315568,50.103665],[14.31598,50.103911],[14.316582,50.104064],[14.317582,50.104272],[14.318518,50.104446],[14.320382,50.104767],[14.320566,50.104829],[14.320789,50.104976],[14.321058,50.105363],[14.321234,50.105724],[14.321366,50.106026],[14.321614,50.106511],[14.321611,50.106514],[14.321793,50.106598],[14.322008,50.10667],[14.32221,50.106723],[14.322405,50.106774],[14.322602,50.106808],[14.322967,50.106835],[14.323458,50.106875],[14.323716,50.106913],[14.323994,50.107001],[14.32418,50.10706],[14.324185,50.107062],[14.324207,50.107069],[14.324312,50.106947],[14.324621,50.10659]]]}},{"type":"Feature","properties":{"cislo":6078,"kod":26799,"mestskaCast":"praha-6"},"geometry":{"type":"Polygon","coordinates":[[[14.33105,50.093075],[14.331655,50.093148],[14.332371,50.09323],[14.333192,50.093348],[14.333126,50.093524],[14.333063,50.093682],[14.333052,50.093735],[14.33303,50.09377],[14.332988,50.093902],[14.33297,50.093919],[14.332933,50.094024],[14.332929,50.094042],[14.332898,50.094121],[14.333451,50.09437],[14.333568,50.094417],[14.333685,50.094464],[14.333865,50.094543],[14.333982,50.09459],[14.334055,50.094515],[14.334174,50.094553],[14.334316,50.094611],[14.334342,50.094622],[14.334552,50.094695],[14.334675,50.094452],[14.334751,50.094296],[14.334775,50.094252],[14.334816,50.094256],[14.334822,50.094229],[14.334881,50.094216],[14.334946,50.094177],[14.33497,50.094134],[14.335075,50.093907],[14.335079,50.093889],[14.335177,50.093698],[14.336004,50.093854],[14.336896,50.094033],[14.339079,50.094446],[14.3409,50.094772],[14.342635,50.095099],[14.344204,50.095348],[14.344893,50.095555],[14.34504,50.095595],[14.345139,50.095595],[14.345538,50.095576],[14.346059,50.095513],[14.346435,50.095474],[14.347789,50.095477],[14.349562,50.095299],[14.35244,50.094911],[14.353053,50.094948],[14.353092,50.094897],[14.353094,50.094888],[14.353096,50.094879],[14.353036,50.094828],[14.352988,50.094724],[14.352926,50.094619],[14.353037,50.094565],[14.352981,50.094497],[14.352671,50.094623],[14.35264,50.094639],[14.352324,50.094729],[14.352087,50.09478],[14.35188,50.094825],[14.351574,50.09487],[14.350829,50.094922],[14.350624,50.094958],[14.350164,50.095062],[14.349243,50.095144],[14.348119,50.095189],[14.34748,50.095141],[14.346665,50.095059],[14.345971,50.094943],[14.345115,50.094721],[14.344115,50.094323],[14.343662,50.094002],[14.343308,50.093616],[14.343162,50.093049],[14.343001,50.092617],[14.341572,50.091782],[14.340599,50.091323],[14.339894,50.091124],[14.33889,50.090871],[14.338472,50.090715],[14.338143,50.090541],[14.337324,50.090023],[14.336484,50.089666],[14.336018,50.089534],[14.335633,50.089491],[14.334959,50.089476],[14.335009,50.089571],[14.335029,50.089609],[14.335003,50.089661],[14.335001,50.08967],[14.334987,50.089669],[14.334972,50.089677],[14.334942,50.089683],[14.334867,50.089704],[14.334792,50.089724],[14.334733,50.089737],[14.334689,50.089742],[14.334674,50.08975],[14.333983,50.089942],[14.333817,50.089991],[14.333725,50.090028],[14.333334,50.090139],[14.333286,50.090098],[14.333223,50.090129],[14.33321,50.090128],[14.333178,50.090143],[14.333148,50.090149],[14.333117,50.090165],[14.332965,50.090215],[14.332679,50.090298],[14.332574,50.090325],[14.331961,50.090488],[14.331677,50.090563],[14.331619,50.090566],[14.331519,50.090703],[14.331405,50.090838],[14.330935,50.091449],[14.330901,50.091474],[14.330899,50.091483],[14.33088,50.091508],[14.330862,50.091525],[14.330593,50.092508],[14.331187,50.09257],[14.33105,50.093075]]]}},{"type":"Feature","properties":{"cislo":6079,"kod":26801,"mestskaCast":"praha-6"},"geometry":{"type":"Polygon","coordinates":[[[14.331284,50.108918],[14.331285,50.108918],[14.331492,50.108746],[14.33181,50.108511],[14.332078,50.108254],[14.332353,50.108024],[14.332603,50.107847],[14.332949,50.107487],[14.333004,50.107365],[14.332922,50.106895],[14.333015,50.106658],[14.333215,50.106322],[14.333386,50.105983],[14.333576,50.105565],[14.333928,50.104979],[14.334104,50.104686],[14.334424,50.104315],[14.334566,50.104182],[14.334757,50.103818],[14.334861,50.103728],[14.335025,50.103425],[14.335035,50.103317],[14.334933,50.103262],[14.334759,50.103219],[14.334557,50.10311],[14.334341,50.103064],[14.334214,50.102998],[14.334024,50.102963],[14.334028,50.102945],[14.334037,50.10251],[14.334027,50.102491],[14.334139,50.102429],[14.334216,50.102336],[14.334512,50.101881],[14.334826,50.1016],[14.335179,50.101469],[14.335673,50.10134],[14.336026,50.101208],[14.336753,50.100847],[14.337017,50.10067],[14.337459,50.100192],[14.337687,50.099786],[14.337831,50.099645],[14.337994,50.099541],[14.33818,50.099467],[14.338951,50.099227],[14.339275,50.099165],[14.340238,50.099015],[14.340825,50.098913],[14.341929,50.098504],[14.342113,50.098438],[14.342475,50.098198],[14.342713,50.097947],[14.34298,50.09769],[14.343167,50.097606],[14.344036,50.097439],[14.34509,50.097587],[14.346242,50.097744],[14.347393,50.097902],[14.347698,50.097929],[14.348127,50.097967],[14.34835,50.097978],[14.348566,50.097961],[14.348667,50.097952],[14.348753,50.097941],[14.348816,50.097911],[14.348871,50.097852],[14.348903,50.097773],[14.348916,50.097647],[14.348985,50.097653],[14.349068,50.097661],[14.349151,50.097668],[14.349246,50.097686],[14.349576,50.097724],[14.349934,50.097765],[14.350156,50.097785],[14.350588,50.097615],[14.350554,50.097575],[14.350618,50.097082],[14.350643,50.09703],[14.350649,50.097003],[14.350667,50.096986],[14.350686,50.096961],[14.350722,50.096928],[14.350755,50.096903],[14.350919,50.096537],[14.347228,50.095854],[14.345538,50.095576],[14.345139,50.095595],[14.34504,50.095595],[14.344893,50.095555],[14.344204,50.095348],[14.342635,50.095099],[14.3409,50.094772],[14.339079,50.094446],[14.336896,50.094033],[14.336004,50.093854],[14.335177,50.093698],[14.335079,50.093889],[14.335075,50.093907],[14.33497,50.094134],[14.334946,50.094177],[14.334881,50.094216],[14.334822,50.094229],[14.334816,50.094256],[14.334775,50.094252],[14.334751,50.094296],[14.334675,50.094452],[14.334552,50.094695],[14.334342,50.094622],[14.334316,50.094611],[14.334174,50.094553],[14.334055,50.094515],[14.333982,50.09459],[14.333865,50.094543],[14.333685,50.094464],[14.333568,50.094417],[14.333451,50.09437],[14.332898,50.094121],[14.332929,50.094042],[14.332933,50.094024],[14.33297,50.093919],[14.332988,50.093902],[14.33303,50.09377],[14.333052,50.093735],[14.333063,50.093682],[14.333126,50.093524],[14.333192,50.093348],[14.332371,50.09323],[14.331655,50.093148],[14.33105,50.093075],[14.329891,50.092954],[14.328376,50.092782],[14.328004,50.09274],[14.327951,50.092853],[14.327945,50.09288],[14.327772,50.093291],[14.327678,50.093528],[14.327593,50.093729],[14.327567,50.093781],[14.326343,50.093309],[14.326109,50.093279],[14.326064,50.093229],[14.325938,50.093418],[14.325617,50.093598],[14.325564,50.093647],[14.325546,50.093664],[14.325426,50.093762],[14.325393,50.093786],[14.325377,50.093794],[14.325216,50.093889],[14.325147,50.093946],[14.325152,50.094183],[14.325384,50.094221],[14.325693,50.094358],[14.326052,50.094526],[14.326147,50.094671],[14.326167,50.094709],[14.326982,50.095317],[14.327242,50.095486],[14.327208,50.09551],[14.32707,50.095625],[14.326799,50.095773],[14.326548,50.095823],[14.326518,50.09583],[14.326459,50.095842],[14.32652,50.095884],[14.326592,50.095945],[14.326647,50.096277],[14.326646,50.096349],[14.326747,50.096404],[14.327157,50.096468],[14.327418,50.0965],[14.327602,50.096562],[14.327713,50.096635],[14.327918,50.096862],[14.327991,50.096914],[14.327962,50.096921],[14.327765,50.097048],[14.327556,50.097166],[14.327493,50.097197],[14.326872,50.097068],[14.326367,50.096923],[14.326196,50.097126],[14.32609,50.097289],[14.325981,50.09747],[14.32592,50.097619],[14.32584,50.098056],[14.325755,50.098385],[14.325959,50.098421],[14.325953,50.098511],[14.325794,50.098661],[14.326096,50.09896],[14.326622,50.099334],[14.326867,50.09951],[14.327162,50.099709],[14.327585,50.099973],[14.327646,50.100015],[14.327773,50.100017],[14.327781,50.100045],[14.327595,50.100056],[14.327349,50.100216],[14.327203,50.100302],[14.32706,50.100834],[14.326872,50.101643],[14.326864,50.101679],[14.326854,50.101724],[14.326825,50.101794],[14.326803,50.101828],[14.326254,50.102215],[14.325868,50.102761],[14.325825,50.102766],[14.325795,50.103163],[14.325668,50.103424],[14.325456,50.103687],[14.325323,50.103784],[14.325236,50.103858],[14.325235,50.103994],[14.325241,50.104421],[14.325318,50.104591],[14.325316,50.104727],[14.3254,50.105061],[14.325291,50.105369],[14.325159,50.105521],[14.32499,50.105715],[14.324849,50.105911],[14.324807,50.106107],[14.324807,50.106234],[14.324794,50.106296],[14.324618,50.106589],[14.324621,50.10659],[14.324621,50.10659],[14.324623,50.106587],[14.324627,50.106588],[14.324664,50.106594],[14.324774,50.106613],[14.32491,50.106638],[14.325132,50.106688],[14.325248,50.106716],[14.325371,50.106747],[14.325689,50.10683],[14.325701,50.106833],[14.326038,50.106925],[14.326376,50.107026],[14.326705,50.107132],[14.327033,50.107245],[14.327184,50.107298],[14.327364,50.107367],[14.327503,50.107421],[14.327776,50.107539],[14.327793,50.107547],[14.328044,50.107673],[14.328351,50.107831],[14.328544,50.107935],[14.328643,50.107989],[14.328894,50.108142],[14.329001,50.108211],[14.329085,50.108273],[14.329162,50.108329],[14.329248,50.108394],[14.329348,50.108454],[14.329463,50.10852],[14.329561,50.10857],[14.329676,50.10862],[14.329898,50.108705],[14.330049,50.108752],[14.330177,50.108785],[14.330498,50.10886],[14.330666,50.108888],[14.330853,50.108912],[14.33107,50.108919],[14.331286,50.108915],[14.331284,50.108918]]]}},{"type":"Feature","properties":{"cislo":6080,"kod":26803,"mestskaCast":"praha-6"},"geometry":{"type":"Polygon","coordinates":[[[14.334757,50.103818],[14.335179,50.103693],[14.334972,50.104328],[14.335095,50.104802],[14.334991,50.105282],[14.334981,50.105463],[14.335031,50.105622],[14.335187,50.105881],[14.335297,50.106027],[14.335315,50.106137],[14.335259,50.106268],[14.335155,50.106486],[14.335164,50.106578],[14.335249,50.106903],[14.335476,50.107286],[14.335578,50.107468],[14.335811,50.107634],[14.336077,50.107903],[14.336612,50.108305],[14.336802,50.10834],[14.336988,50.108329],[14.337387,50.108374],[14.337723,50.108386],[14.33781,50.108375],[14.338247,50.108251],[14.338688,50.1081],[14.339211,50.107901],[14.33955,50.107641],[14.340012,50.107528],[14.34019,50.107553],[14.340325,50.107646],[14.340528,50.107619],[14.340869,50.107414],[14.341305,50.107353],[14.341376,50.107286],[14.341549,50.107338],[14.341868,50.10723],[14.341788,50.107142],[14.34192,50.10699],[14.342249,50.106838],[14.342215,50.106798],[14.34219,50.106787],[14.342168,50.106758],[14.342677,50.106622],[14.343236,50.106581],[14.343302,50.106668],[14.343635,50.106889],[14.343748,50.106826],[14.344066,50.106855],[14.344382,50.106701],[14.345142,50.106578],[14.345324,50.106585],[14.345597,50.106564],[14.346272,50.106507],[14.346337,50.106403],[14.346581,50.106516],[14.346662,50.106469],[14.347282,50.106406],[14.347325,50.106337],[14.347783,50.106178],[14.347898,50.106234],[14.348038,50.106237],[14.348024,50.106173],[14.348303,50.106188],[14.348543,50.106056],[14.348705,50.106025],[14.348803,50.105897],[14.348608,50.105689],[14.348353,50.10543],[14.348623,50.105291],[14.348856,50.105194],[14.349152,50.105066],[14.349568,50.104704],[14.349878,50.104577],[14.350097,50.104542],[14.350277,50.104494],[14.350724,50.104189],[14.350846,50.104146],[14.351153,50.104028],[14.351546,50.103909],[14.35203,50.103761],[14.352899,50.103657],[14.353481,50.103573],[14.353888,50.103518],[14.354204,50.103428],[14.35418,50.103408],[14.354146,50.103369],[14.354122,50.103221],[14.354129,50.103122],[14.354164,50.103025],[14.354224,50.10294],[14.354283,50.102864],[14.354358,50.10278],[14.354458,50.102707],[14.354555,50.102652],[14.354679,50.102599],[14.354813,50.102566],[14.35487,50.102562],[14.354955,50.10256],[14.354778,50.102336],[14.354659,50.102234],[14.354522,50.10215],[14.354147,50.102053],[14.35386,50.101945],[14.353313,50.10167],[14.352842,50.101628],[14.35285,50.101592],[14.35284,50.101573],[14.352826,50.101572],[14.352653,50.101457],[14.352797,50.101442],[14.352902,50.101415],[14.352757,50.101366],[14.352696,50.101324],[14.352606,50.101216],[14.352417,50.100982],[14.351995,50.100645],[14.351737,50.100467],[14.351549,50.10036],[14.351253,50.100161],[14.350919,50.099877],[14.350746,50.099762],[14.350467,50.099483],[14.350318,50.099324],[14.350306,50.099314],[14.350139,50.099109],[14.350075,50.099012],[14.349973,50.098894],[14.349975,50.098885],[14.349963,50.098812],[14.349967,50.098794],[14.350035,50.09841],[14.350226,50.098181],[14.350461,50.097939],[14.350607,50.097852],[14.35078,50.097768],[14.351033,50.097645],[14.350881,50.097496],[14.350588,50.097615],[14.350156,50.097785],[14.349934,50.097765],[14.349576,50.097724],[14.349246,50.097686],[14.349151,50.097668],[14.349068,50.097661],[14.348985,50.097653],[14.348916,50.097647],[14.348903,50.097773],[14.348871,50.097852],[14.348816,50.097911],[14.348753,50.097941],[14.348667,50.097952],[14.348566,50.097961],[14.34835,50.097978],[14.348127,50.097967],[14.347698,50.097929],[14.347393,50.097902],[14.346242,50.097744],[14.34509,50.097587],[14.344036,50.097439],[14.343167,50.097606],[14.34298,50.09769],[14.342713,50.097947],[14.342475,50.098198],[14.342113,50.098438],[14.341929,50.098504],[14.340825,50.098913],[14.340238,50.099015],[14.339275,50.099165],[14.338951,50.099227],[14.33818,50.099467],[14.337994,50.099541],[14.337831,50.099645],[14.337687,50.099786],[14.337459,50.100192],[14.337017,50.10067],[14.336753,50.100847],[14.336026,50.101208],[14.335673,50.10134],[14.335179,50.101469],[14.334826,50.1016],[14.334512,50.101881],[14.334216,50.102336],[14.334139,50.102429],[14.334027,50.102491],[14.334037,50.10251],[14.334028,50.102945],[14.334024,50.102963],[14.334214,50.102998],[14.334341,50.103064],[14.334557,50.10311],[14.334759,50.103219],[14.334933,50.103262],[14.335035,50.103317],[14.335025,50.103425],[14.334861,50.103728],[14.334757,50.103818]]]}},{"type":"Feature","properties":{"cislo":6081,"kod":26805,"mestskaCast":"praha-6"},"geometry":{"type":"Polygon","coordinates":[[[14.354955,50.10256],[14.35504,50.102559],[14.355193,50.102573],[14.355607,50.102682],[14.356868,50.102921],[14.35854,50.103152],[14.358862,50.103163],[14.358972,50.102782],[14.359034,50.102561],[14.358931,50.102316],[14.358801,50.102068],[14.35871,50.102033],[14.358682,50.10203],[14.35866,50.102001],[14.358515,50.101825],[14.358437,50.101663],[14.35844,50.101518],[14.358432,50.10149],[14.358449,50.101474],[14.358549,50.101337],[14.358583,50.101313],[14.358539,50.101255],[14.358546,50.101219],[14.358484,50.101114],[14.358513,50.10098],[14.358574,50.100895],[14.358588,50.100896],[14.35859,50.100887],[14.358592,50.100878],[14.358585,50.100841],[14.358587,50.100833],[14.358601,50.100834],[14.35866,50.100821],[14.358781,50.100786],[14.358824,50.100781],[14.358838,50.100782],[14.35889,50.100805],[14.359003,50.10087],[14.359154,50.100956],[14.359169,50.100948],[14.359197,50.10095],[14.359225,50.100953],[14.35924,50.100945],[14.359254,50.100946],[14.359282,50.100949],[14.359323,50.100953],[14.359349,50.100964],[14.359377,50.100966],[14.359403,50.100978],[14.359454,50.101001],[14.359545,50.100972],[14.359995,50.100913],[14.359967,50.100847],[14.359926,50.100843],[14.359656,50.100783],[14.359508,50.100751],[14.35925,50.100574],[14.358922,50.100327],[14.358324,50.100219],[14.358148,50.100185],[14.35793,50.100148],[14.3581,50.099754],[14.358232,50.099467],[14.358413,50.099283],[14.358343,50.09915],[14.358619,50.098521],[14.358853,50.097961],[14.358202,50.097839],[14.354776,50.097234],[14.354575,50.097707],[14.35253,50.097833],[14.351186,50.097786],[14.351033,50.097645],[14.35078,50.097768],[14.350607,50.097852],[14.350461,50.097939],[14.350226,50.098181],[14.350035,50.09841],[14.349967,50.098794],[14.349963,50.098812],[14.349975,50.098885],[14.349973,50.098894],[14.350075,50.099012],[14.350139,50.099109],[14.350306,50.099314],[14.350318,50.099324],[14.350467,50.099483],[14.350746,50.099762],[14.350919,50.099877],[14.351253,50.100161],[14.351549,50.10036],[14.351737,50.100467],[14.351995,50.100645],[14.352417,50.100982],[14.352606,50.101216],[14.352696,50.101324],[14.352757,50.101366],[14.352902,50.101415],[14.352797,50.101442],[14.352653,50.101457],[14.352826,50.101572],[14.35284,50.101573],[14.35285,50.101592],[14.352842,50.101628],[14.353313,50.10167],[14.35386,50.101945],[14.354147,50.102053],[14.354522,50.10215],[14.354659,50.102234],[14.354778,50.102336],[14.354955,50.10256]]]}},{"type":"Feature","properties":{"cislo":6082,"kod":26807,"mestskaCast":"praha-6"},"geometry":{"type":"Polygon","coordinates":[[[14.358862,50.103163],[14.359085,50.10311],[14.360142,50.102786],[14.360476,50.10268],[14.360614,50.102629],[14.360687,50.102681],[14.361538,50.102203],[14.361806,50.101809],[14.362282,50.101107],[14.363044,50.100122],[14.363264,50.099951],[14.363621,50.099738],[14.363948,50.099531],[14.363876,50.09947],[14.363856,50.099432],[14.363846,50.099413],[14.363834,50.099403],[14.363824,50.099384],[14.363826,50.099375],[14.363792,50.099335],[14.363774,50.099288],[14.363764,50.099269],[14.363738,50.099194],[14.363726,50.099184],[14.36373,50.099166],[14.363733,50.099149],[14.363737,50.099131],[14.363445,50.099241],[14.363152,50.09936],[14.362779,50.099717],[14.362014,50.100058],[14.361456,50.100289],[14.361269,50.100372],[14.361242,50.100434],[14.361177,50.100473],[14.360706,50.100694],[14.36042,50.100841],[14.360071,50.101019],[14.360073,50.10101],[14.360061,50.101],[14.359995,50.100913],[14.359545,50.100972],[14.359454,50.101001],[14.359403,50.100978],[14.359377,50.100966],[14.359349,50.100964],[14.359323,50.100953],[14.359282,50.100949],[14.359254,50.100946],[14.35924,50.100945],[14.359225,50.100953],[14.359197,50.10095],[14.359169,50.100948],[14.359154,50.100956],[14.359003,50.10087],[14.35889,50.100805],[14.358838,50.100782],[14.358824,50.100781],[14.358781,50.100786],[14.35866,50.100821],[14.358601,50.100834],[14.358587,50.100833],[14.358585,50.100841],[14.358592,50.100878],[14.35859,50.100887],[14.358588,50.100896],[14.358574,50.100895],[14.358513,50.10098],[14.358484,50.101114],[14.358546,50.101219],[14.358539,50.101255],[14.358583,50.101313],[14.358549,50.101337],[14.358449,50.101474],[14.358432,50.10149],[14.35844,50.101518],[14.358437,50.101663],[14.358515,50.101825],[14.35866,50.102001],[14.358682,50.10203],[14.35871,50.102033],[14.358801,50.102068],[14.358931,50.102316],[14.359034,50.102561],[14.358972,50.102782],[14.358862,50.103163]]]}},{"type":"Feature","properties":{"cislo":6083,"kod":26809,"mestskaCast":"praha-6"},"geometry":{"type":"Polygon","coordinates":[[[14.359995,50.100913],[14.360061,50.101],[14.360073,50.10101],[14.360071,50.101019],[14.36042,50.100841],[14.360706,50.100694],[14.361177,50.100473],[14.361242,50.100434],[14.361269,50.100372],[14.361456,50.100289],[14.362014,50.100058],[14.362779,50.099717],[14.363152,50.09936],[14.363445,50.099241],[14.363737,50.099131],[14.363733,50.099149],[14.36373,50.099166],[14.363726,50.099184],[14.363738,50.099194],[14.363764,50.099269],[14.363774,50.099288],[14.363792,50.099335],[14.363826,50.099375],[14.363824,50.099384],[14.363834,50.099403],[14.363846,50.099413],[14.363856,50.099432],[14.363876,50.09947],[14.363948,50.099531],[14.364664,50.099086],[14.364955,50.098913],[14.365359,50.098676],[14.364113,50.098565],[14.362545,50.098444],[14.360792,50.09826],[14.358853,50.097961],[14.358619,50.098521],[14.358343,50.09915],[14.358413,50.099283],[14.358232,50.099467],[14.3581,50.099754],[14.35793,50.100148],[14.358148,50.100185],[14.358324,50.100219],[14.358922,50.100327],[14.35925,50.100574],[14.359508,50.100751],[14.359656,50.100783],[14.359926,50.100843],[14.359967,50.100847],[14.359995,50.100913]]]}},{"type":"Feature","properties":{"cislo":6084,"kod":26811,"mestskaCast":"praha-6"},"geometry":{"type":"Polygon","coordinates":[[[14.354776,50.097234],[14.355144,50.096378],[14.355099,50.095929],[14.355119,50.095903],[14.355142,50.09586],[14.355183,50.0958],[14.355228,50.095723],[14.355234,50.095696],[14.355279,50.095618],[14.355369,50.095463],[14.355437,50.095342],[14.355498,50.095256],[14.35515,50.095171],[14.354077,50.095039],[14.353053,50.094948],[14.35244,50.094911],[14.349562,50.095299],[14.347789,50.095477],[14.346435,50.095474],[14.346059,50.095513],[14.345538,50.095576],[14.347228,50.095854],[14.350919,50.096537],[14.350755,50.096903],[14.350722,50.096928],[14.350686,50.096961],[14.350667,50.096986],[14.350649,50.097003],[14.350643,50.09703],[14.350618,50.097082],[14.350554,50.097575],[14.350588,50.097615],[14.350881,50.097496],[14.351033,50.097645],[14.351186,50.097786],[14.35253,50.097833],[14.354575,50.097707],[14.354776,50.097234]]]}},{"type":"Feature","properties":{"cislo":6085,"kod":26813,"mestskaCast":"praha-6"},"geometry":{"type":"Polygon","coordinates":[[[14.358202,50.097839],[14.358664,50.096873],[14.357005,50.09658],[14.355756,50.096351],[14.355533,50.09634],[14.355144,50.096378],[14.354776,50.097234],[14.358202,50.097839]]]}},{"type":"Feature","properties":{"cislo":6086,"kod":26815,"mestskaCast":"praha-6"},"geometry":{"type":"Polygon","coordinates":[[[14.364113,50.098565],[14.363802,50.097911],[14.363113,50.097705],[14.361822,50.097408],[14.360842,50.097176],[14.360234,50.097049],[14.359752,50.096997],[14.359032,50.096933],[14.358664,50.096873],[14.358202,50.097839],[14.358853,50.097961],[14.360792,50.09826],[14.362545,50.098444],[14.364113,50.098565]]]}},{"type":"Feature","properties":{"cislo":6087,"kod":26817,"mestskaCast":"praha-6"},"geometry":{"type":"Polygon","coordinates":[[[14.364113,50.098565],[14.365359,50.098676],[14.366362,50.098738],[14.369028,50.098939],[14.370051,50.099039],[14.369123,50.09863],[14.367107,50.098096],[14.365204,50.097628],[14.364855,50.097542],[14.362198,50.096906],[14.36001,50.096385],[14.359703,50.096303],[14.357597,50.095797],[14.355498,50.095256],[14.355437,50.095342],[14.355369,50.095463],[14.355279,50.095618],[14.355234,50.095696],[14.355228,50.095723],[14.355183,50.0958],[14.355142,50.09586],[14.355119,50.095903],[14.355099,50.095929],[14.355144,50.096378],[14.355533,50.09634],[14.355756,50.096351],[14.357005,50.09658],[14.358664,50.096873],[14.359032,50.096933],[14.359752,50.096997],[14.360234,50.097049],[14.360842,50.097176],[14.361822,50.097408],[14.363113,50.097705],[14.363802,50.097911],[14.364113,50.098565]]]}},{"type":"Feature","properties":{"cislo":6088,"kod":26819,"mestskaCast":"praha-6"},"geometry":{"type":"Polygon","coordinates":[[[14.370051,50.099039],[14.369978,50.098788],[14.369844,50.098558],[14.369696,50.09839],[14.369638,50.098267],[14.369607,50.098147],[14.369609,50.09801],[14.369651,50.097878],[14.369709,50.097738],[14.369961,50.097225],[14.370018,50.097157],[14.370175,50.097017],[14.370364,50.096925],[14.37064,50.096886],[14.372305,50.096889],[14.372407,50.096217],[14.372073,50.096196],[14.371683,50.096171],[14.37129,50.096163],[14.371282,50.096135],[14.371149,50.096096],[14.371098,50.096137],[14.369502,50.096013],[14.368968,50.095938],[14.368271,50.095831],[14.368081,50.095796],[14.367893,50.095752],[14.367584,50.095679],[14.367239,50.095576],[14.366869,50.095461],[14.366566,50.095362],[14.366021,50.095204],[14.366012,50.095312],[14.365953,50.095389],[14.36595,50.09547],[14.365726,50.096185],[14.365505,50.09662],[14.36537,50.096853],[14.365786,50.096953],[14.365614,50.097228],[14.36534,50.097386],[14.365204,50.097628],[14.367107,50.098096],[14.369123,50.09863],[14.370051,50.099039]]]}},{"type":"Feature","properties":{"cislo":6089,"kod":26821,"mestskaCast":"praha-6"},"geometry":{"type":"Polygon","coordinates":[[[14.366021,50.095204],[14.365544,50.095062],[14.36508,50.094921],[14.364629,50.09479],[14.364286,50.094678],[14.364262,50.094657],[14.36373,50.09451],[14.36328,50.09437],[14.36252,50.094166],[14.361496,50.093939],[14.360752,50.093791],[14.360267,50.093684],[14.36013,50.093926],[14.360103,50.093987],[14.360101,50.093996],[14.360249,50.094028],[14.36023,50.094053],[14.360406,50.094087],[14.360426,50.094062],[14.360588,50.094094],[14.360545,50.094163],[14.360471,50.094311],[14.360414,50.094442],[14.360321,50.094615],[14.360319,50.094624],[14.360299,50.094649],[14.36003,50.094589],[14.35978,50.09503],[14.359833,50.095044],[14.359593,50.09544],[14.360127,50.095578],[14.360086,50.095638],[14.359883,50.095992],[14.35984,50.096061],[14.359772,50.096182],[14.359703,50.096303],[14.36001,50.096385],[14.362198,50.096906],[14.364855,50.097542],[14.365204,50.097628],[14.36534,50.097386],[14.365614,50.097228],[14.365786,50.096953],[14.36537,50.096853],[14.365505,50.09662],[14.365726,50.096185],[14.36595,50.09547],[14.365953,50.095389],[14.366012,50.095312],[14.366021,50.095204]]]}},{"type":"Feature","properties":{"cislo":6090,"kod":26823,"mestskaCast":"praha-6"},"geometry":{"type":"Polygon","coordinates":[[[14.360267,50.093684],[14.360132,50.093654],[14.359497,50.093525],[14.358943,50.093412],[14.358307,50.093283],[14.357712,50.093166],[14.357213,50.093122],[14.357144,50.093116],[14.356614,50.093087],[14.35612,50.093088],[14.356006,50.09316],[14.355597,50.093223],[14.355362,50.093266],[14.354899,50.093388],[14.354743,50.093455],[14.354526,50.093545],[14.354272,50.093677],[14.353916,50.09389],[14.353512,50.09419],[14.353217,50.094382],[14.353051,50.09443],[14.353024,50.094428],[14.352981,50.094497],[14.353037,50.094565],[14.352926,50.094619],[14.352988,50.094724],[14.353036,50.094828],[14.353096,50.094879],[14.353094,50.094888],[14.353092,50.094897],[14.353053,50.094948],[14.354077,50.095039],[14.35515,50.095171],[14.355498,50.095256],[14.357597,50.095797],[14.359703,50.096303],[14.359772,50.096182],[14.35984,50.096061],[14.359883,50.095992],[14.360086,50.095638],[14.360127,50.095578],[14.359593,50.09544],[14.359833,50.095044],[14.35978,50.09503],[14.36003,50.094589],[14.360299,50.094649],[14.360319,50.094624],[14.360321,50.094615],[14.360414,50.094442],[14.360471,50.094311],[14.360545,50.094163],[14.360588,50.094094],[14.360426,50.094062],[14.360406,50.094087],[14.36023,50.094053],[14.360249,50.094028],[14.360101,50.093996],[14.360103,50.093987],[14.36013,50.093926],[14.360267,50.093684]]]}},{"type":"Feature","properties":{"cislo":6091,"kod":26825,"mestskaCast":"praha-6"},"geometry":{"type":"Polygon","coordinates":[[[14.334959,50.089476],[14.335633,50.089491],[14.336018,50.089534],[14.336484,50.089666],[14.337324,50.090023],[14.338143,50.090541],[14.338472,50.090715],[14.33889,50.090871],[14.339894,50.091124],[14.340599,50.091323],[14.341572,50.091782],[14.343001,50.092617],[14.343162,50.093049],[14.343308,50.093616],[14.343662,50.094002],[14.344115,50.094323],[14.345115,50.094721],[14.345971,50.094943],[14.346665,50.095059],[14.34748,50.095141],[14.348119,50.095189],[14.349243,50.095144],[14.350164,50.095062],[14.350624,50.094958],[14.350829,50.094922],[14.351574,50.09487],[14.35188,50.094825],[14.352087,50.09478],[14.352324,50.094729],[14.35264,50.094639],[14.352671,50.094623],[14.352981,50.094497],[14.353024,50.094428],[14.353051,50.09443],[14.353217,50.094382],[14.353512,50.09419],[14.353916,50.09389],[14.354272,50.093677],[14.354526,50.093545],[14.354743,50.093455],[14.354899,50.093388],[14.355362,50.093266],[14.355597,50.093223],[14.356006,50.09316],[14.35612,50.093088],[14.356614,50.093087],[14.357144,50.093116],[14.357213,50.093122],[14.357712,50.093166],[14.358307,50.093283],[14.358943,50.093412],[14.359497,50.093525],[14.360132,50.093654],[14.360267,50.093684],[14.360752,50.093791],[14.361496,50.093939],[14.36252,50.094166],[14.36328,50.09437],[14.36373,50.09451],[14.364262,50.094657],[14.364286,50.094678],[14.364629,50.09479],[14.36508,50.094921],[14.365544,50.095062],[14.366021,50.095204],[14.36643,50.094814],[14.366453,50.094771],[14.366495,50.094774],[14.366478,50.094718],[14.366482,50.094701],[14.36647,50.09469],[14.366387,50.09442],[14.366347,50.09428],[14.366333,50.094279],[14.366329,50.094233],[14.366317,50.094223],[14.366309,50.094195],[14.36627,50.094046],[14.366161,50.093374],[14.366163,50.093365],[14.366155,50.093337],[14.366157,50.093328],[14.366174,50.093312],[14.366309,50.093079],[14.36635,50.093019],[14.367616,50.092841],[14.367606,50.092822],[14.367596,50.092803],[14.367577,50.092629],[14.367585,50.092593],[14.36755,50.092227],[14.367546,50.092181],[14.367554,50.092146],[14.36755,50.0921],[14.367551,50.092091],[14.367543,50.092063],[14.366231,50.092064],[14.365962,50.092067],[14.364511,50.091993],[14.362712,50.091896],[14.362601,50.091886],[14.361205,50.091816],[14.359072,50.091699],[14.358686,50.091656],[14.35769,50.091431],[14.357597,50.091404],[14.357476,50.091375],[14.35703,50.091481],[14.356459,50.091512],[14.355608,50.091536],[14.355023,50.091565],[14.354723,50.091584],[14.354588,50.09149],[14.354417,50.09143],[14.354154,50.091406],[14.353636,50.091387],[14.352231,50.091425],[14.351921,50.091425],[14.351824,50.091416],[14.351705,50.091378],[14.351612,50.091352],[14.351311,50.09118],[14.351259,50.091221],[14.351262,50.091339],[14.351273,50.091549],[14.351317,50.091543],[14.351329,50.091617],[14.351136,50.091663],[14.350584,50.091669],[14.350313,50.091617],[14.350311,50.091626],[14.350256,50.091558],[14.349929,50.091765],[14.349361,50.091714],[14.348245,50.091851],[14.348111,50.091884],[14.347667,50.091981],[14.347158,50.092117],[14.347052,50.09228],[14.34691,50.092612],[14.346769,50.092808],[14.346693,50.092901],[14.346677,50.092909],[14.346541,50.093015],[14.346419,50.093122],[14.34629,50.093328],[14.346194,50.093447],[14.346192,50.093456],[14.346173,50.093481],[14.346074,50.093481],[14.34589,50.093483],[14.345674,50.093437],[14.345579,50.093419],[14.345484,50.093402],[14.345239,50.093298],[14.344967,50.093247],[14.344702,50.093168],[14.3445,50.09306],[14.344319,50.092853],[14.344246,50.092665],[14.344127,50.092563],[14.3438,50.09218],[14.343697,50.092008],[14.343559,50.091859],[14.343187,50.09149],[14.343092,50.091409],[14.343082,50.09139],[14.342533,50.09086],[14.342479,50.090783],[14.342453,50.090708],[14.342462,50.090536],[14.342458,50.09049],[14.34166,50.090328],[14.341223,50.090262],[14.340981,50.090204],[14.340785,50.090132],[14.340543,50.089947],[14.340422,50.089855],[14.340257,50.089767],[14.339811,50.08961],[14.339772,50.089597],[14.339706,50.089573],[14.339879,50.089298],[14.339908,50.089228],[14.339724,50.089166],[14.339712,50.089156],[14.33949,50.089073],[14.338997,50.088938],[14.338543,50.088752],[14.33807,50.088592],[14.337561,50.088465],[14.3375,50.088423],[14.337377,50.088403],[14.337238,50.08839],[14.337086,50.088377],[14.336797,50.088342],[14.336538,50.088301],[14.33635,50.088257],[14.336216,50.088227],[14.33602,50.088155],[14.33597,50.088123],[14.335932,50.088101],[14.335897,50.088071],[14.335827,50.088001],[14.335805,50.087972],[14.335716,50.087928],[14.335603,50.087863],[14.335589,50.087862],[14.335577,50.087852],[14.335424,50.087775],[14.335355,50.087768],[14.335327,50.087766],[14.335258,50.08776],[14.335189,50.087754],[14.335092,50.087745],[14.334949,50.087886],[14.334807,50.088019],[14.334682,50.088144],[14.334648,50.088168],[14.334702,50.088246],[14.334334,50.088449],[14.334622,50.088747],[14.334953,50.088976],[14.335029,50.089019],[14.334918,50.089336],[14.334912,50.089363],[14.334895,50.089379],[14.334959,50.089476]]]}},{"type":"Feature","properties":{"cislo":6092,"kod":26827,"mestskaCast":"praha-6"},"geometry":{"type":"Polygon","coordinates":[[[14.351311,50.09118],[14.351057,50.091048],[14.351011,50.090999],[14.350984,50.090797],[14.350592,50.09078],[14.349654,50.090814],[14.347911,50.090849],[14.347484,50.090866],[14.347233,50.090853],[14.34697,50.090829],[14.346701,50.090769],[14.345937,50.090583],[14.343729,50.090023],[14.34331,50.08994],[14.343064,50.0899],[14.342513,50.089842],[14.342008,50.08976],[14.341151,50.089548],[14.340589,50.089407],[14.340212,50.089255],[14.33987,50.089143],[14.33949,50.089073],[14.339712,50.089156],[14.339724,50.089166],[14.339908,50.089228],[14.339879,50.089298],[14.339706,50.089573],[14.339772,50.089597],[14.339811,50.08961],[14.340257,50.089767],[14.340422,50.089855],[14.340543,50.089947],[14.340785,50.090132],[14.340981,50.090204],[14.341223,50.090262],[14.34166,50.090328],[14.342458,50.09049],[14.342462,50.090536],[14.342453,50.090708],[14.342479,50.090783],[14.342533,50.09086],[14.343082,50.09139],[14.343092,50.091409],[14.343187,50.09149],[14.343559,50.091859],[14.343697,50.092008],[14.3438,50.09218],[14.344127,50.092563],[14.344246,50.092665],[14.344319,50.092853],[14.3445,50.09306],[14.344702,50.093168],[14.344967,50.093247],[14.345239,50.093298],[14.345484,50.093402],[14.345579,50.093419],[14.345674,50.093437],[14.34589,50.093483],[14.346074,50.093481],[14.346173,50.093481],[14.346192,50.093456],[14.346194,50.093447],[14.34629,50.093328],[14.346419,50.093122],[14.346541,50.093015],[14.346677,50.092909],[14.346693,50.092901],[14.346769,50.092808],[14.34691,50.092612],[14.347052,50.09228],[14.347158,50.092117],[14.347667,50.091981],[14.348111,50.091884],[14.348245,50.091851],[14.349361,50.091714],[14.349929,50.091765],[14.350256,50.091558],[14.350311,50.091626],[14.350313,50.091617],[14.350584,50.091669],[14.351136,50.091663],[14.351329,50.091617],[14.351317,50.091543],[14.351273,50.091549],[14.351262,50.091339],[14.351259,50.091221],[14.351311,50.09118]]]}},{"type":"Feature","properties":{"cislo":6093,"kod":26829,"mestskaCast":"praha-6"},"geometry":{"type":"Polygon","coordinates":[[[14.357476,50.091375],[14.35737,50.091348],[14.355697,50.090926],[14.353691,50.090412],[14.351911,50.089963],[14.351549,50.089876],[14.350118,50.089512],[14.348659,50.089146],[14.348489,50.089412],[14.348487,50.089421],[14.348465,50.089456],[14.348402,50.08955],[14.348399,50.089568],[14.348648,50.089654],[14.348335,50.090188],[14.348265,50.090255],[14.347886,50.090439],[14.347911,50.090849],[14.349654,50.090814],[14.350592,50.09078],[14.350984,50.090797],[14.351011,50.090999],[14.351057,50.091048],[14.351311,50.09118],[14.351612,50.091352],[14.351705,50.091378],[14.351824,50.091416],[14.351921,50.091425],[14.352231,50.091425],[14.353636,50.091387],[14.354154,50.091406],[14.354417,50.09143],[14.354588,50.09149],[14.354723,50.091584],[14.355023,50.091565],[14.355608,50.091536],[14.356459,50.091512],[14.35703,50.091481],[14.357476,50.091375]]]}},{"type":"Feature","properties":{"cislo":6094,"kod":26831,"mestskaCast":"praha-6"},"geometry":{"type":"Polygon","coordinates":[[[14.345937,50.090583],[14.346701,50.090769],[14.34697,50.090829],[14.347233,50.090853],[14.347484,50.090866],[14.347911,50.090849],[14.347886,50.090439],[14.348265,50.090255],[14.348335,50.090188],[14.348648,50.089654],[14.348399,50.089568],[14.348402,50.08955],[14.348465,50.089456],[14.348487,50.089421],[14.348489,50.089412],[14.348659,50.089146],[14.348271,50.089048],[14.347214,50.088781],[14.347053,50.08874],[14.345937,50.090583]]]}},{"type":"Feature","properties":{"cislo":6095,"kod":26833,"mestskaCast":"praha-6"},"geometry":{"type":"Polygon","coordinates":[[[14.345937,50.090583],[14.347053,50.08874],[14.346263,50.088542],[14.344832,50.088179],[14.343729,50.090023],[14.345937,50.090583]]]}},{"type":"Feature","properties":{"cislo":6096,"kod":26835,"mestskaCast":"praha-6"},"geometry":{"type":"Polygon","coordinates":[[[14.33949,50.089073],[14.33987,50.089143],[14.340212,50.089255],[14.340589,50.089407],[14.341151,50.089548],[14.342008,50.08976],[14.342513,50.089842],[14.343064,50.0899],[14.34331,50.08994],[14.343729,50.090023],[14.344832,50.088179],[14.344551,50.088108],[14.344203,50.088023],[14.342985,50.087714],[14.341594,50.087363],[14.340913,50.087184],[14.340376,50.087055],[14.340135,50.086997],[14.340109,50.086986],[14.339448,50.086518],[14.338874,50.085713],[14.338789,50.085715],[14.338538,50.085702],[14.338105,50.085681],[14.337765,50.085687],[14.337501,50.085736],[14.337214,50.085819],[14.337004,50.085946],[14.336541,50.086259],[14.336539,50.086267],[14.336565,50.086279],[14.336603,50.0863],[14.336495,50.086409],[14.336357,50.086524],[14.33631,50.086547],[14.336263,50.08657],[14.336166,50.086624],[14.336133,50.086649],[14.336019,50.08672],[14.336001,50.086737],[14.335881,50.086835],[14.33581,50.086901],[14.335773,50.086943],[14.335661,50.08707],[14.335606,50.087128],[14.33559,50.087136],[14.335551,50.087187],[14.335514,50.087229],[14.33551,50.087247],[14.335435,50.087331],[14.33542,50.087338],[14.335398,50.087373],[14.335361,50.087415],[14.335341,50.08744],[14.335339,50.087449],[14.335318,50.087484],[14.335298,50.087509],[14.335263,50.087542],[14.335245,50.087559],[14.335151,50.087669],[14.335149,50.087677],[14.335092,50.087745],[14.335189,50.087754],[14.335258,50.08776],[14.335327,50.087766],[14.335355,50.087768],[14.335424,50.087775],[14.335577,50.087852],[14.335589,50.087862],[14.335603,50.087863],[14.335716,50.087928],[14.335805,50.087972],[14.335827,50.088001],[14.335897,50.088071],[14.335932,50.088101],[14.33597,50.088123],[14.33602,50.088155],[14.336216,50.088227],[14.33635,50.088257],[14.336538,50.088301],[14.336797,50.088342],[14.337086,50.088377],[14.337238,50.08839],[14.337377,50.088403],[14.3375,50.088423],[14.337561,50.088465],[14.33807,50.088592],[14.338543,50.088752],[14.338997,50.088938],[14.33949,50.089073]]]}},{"type":"Feature","properties":{"cislo":6097,"kod":26837,"mestskaCast":"praha-6"},"geometry":{"type":"Polygon","coordinates":[[[14.338874,50.085713],[14.339448,50.086518],[14.340109,50.086986],[14.340135,50.086997],[14.340376,50.087055],[14.340913,50.087184],[14.342153,50.085162],[14.342347,50.084852],[14.342073,50.084356],[14.346725,50.083255],[14.346488,50.08298],[14.345613,50.082003],[14.344725,50.081016],[14.343611,50.081997],[14.342332,50.081057],[14.341816,50.080702],[14.341805,50.080756],[14.341954,50.080914],[14.342069,50.081033],[14.342079,50.081052],[14.342105,50.081064],[14.342117,50.081074],[14.342129,50.081084],[14.342139,50.081103],[14.342163,50.081123],[14.342187,50.081144],[14.342314,50.081273],[14.342477,50.081433],[14.342489,50.08177],[14.342491,50.081824],[14.342496,50.08187],[14.342506,50.082016],[14.342506,50.082216],[14.342519,50.082417],[14.342528,50.082572],[14.342539,50.082718],[14.342541,50.082773],[14.342529,50.082763],[14.342344,50.082837],[14.342068,50.082939],[14.341378,50.083196],[14.341194,50.083261],[14.340579,50.083496],[14.340151,50.083649],[14.339599,50.083854],[14.338864,50.084124],[14.338588,50.084226],[14.33828,50.084344],[14.338219,50.084366],[14.338144,50.084387],[14.338053,50.084415],[14.337975,50.084453],[14.33814,50.084604],[14.338173,50.084643],[14.33815,50.084687],[14.33801,50.084747],[14.338046,50.084777],[14.338091,50.084763],[14.338135,50.084821],[14.338179,50.08488],[14.338573,50.085342],[14.338784,50.085606],[14.338842,50.085665],[14.338874,50.085713]]]}},{"type":"Feature","properties":{"cislo":6098,"kod":26839,"mestskaCast":"praha-6"},"geometry":{"type":"Polygon","coordinates":[[[14.340913,50.087184],[14.341594,50.087363],[14.342985,50.087714],[14.344203,50.088023],[14.345435,50.085972],[14.342153,50.085162],[14.340913,50.087184]]]}},{"type":"Feature","properties":{"cislo":6099,"kod":26841,"mestskaCast":"praha-6"},"geometry":{"type":"Polygon","coordinates":[[[14.344832,50.088179],[14.346263,50.088542],[14.347053,50.08874],[14.347638,50.087793],[14.34738,50.087616],[14.347118,50.087393],[14.347052,50.087305],[14.347022,50.087185],[14.346927,50.086641],[14.346911,50.086585],[14.346875,50.086491],[14.346801,50.086375],[14.346652,50.08628],[14.346589,50.086247],[14.345435,50.085972],[14.344203,50.088023],[14.344551,50.088108],[14.344832,50.088179]]]}},{"type":"Feature","properties":{"cislo":6100,"kod":26843,"mestskaCast":"praha-6"},"geometry":{"type":"Polygon","coordinates":[[[14.349194,50.086661],[14.349022,50.08641],[14.346911,50.086585],[14.346927,50.086641],[14.347022,50.087185],[14.347052,50.087305],[14.347118,50.087393],[14.34738,50.087616],[14.347638,50.087793],[14.347053,50.08874],[14.347214,50.088781],[14.348271,50.089048],[14.348659,50.089146],[14.350118,50.089512],[14.351549,50.089876],[14.3518,50.089499],[14.351835,50.089402],[14.35179,50.08928],[14.351714,50.08911],[14.351521,50.088957],[14.351063,50.088725],[14.350583,50.088464],[14.350333,50.088252],[14.350082,50.087975],[14.349322,50.086854],[14.349194,50.086661]]]}},{"type":"Feature","properties":{"cislo":6101,"kod":26845,"mestskaCast":"praha-6"},"geometry":{"type":"Polygon","coordinates":[[[14.351549,50.089876],[14.351911,50.089963],[14.353691,50.090412],[14.355697,50.090926],[14.35737,50.091348],[14.357476,50.091375],[14.357818,50.091034],[14.358197,50.090323],[14.358309,50.089344],[14.358319,50.087983],[14.359206,50.087799],[14.359823,50.087618],[14.360292,50.087405],[14.360216,50.087299],[14.36004,50.087328],[14.360011,50.087335],[14.359922,50.087354],[14.359877,50.087368],[14.359776,50.087378],[14.359703,50.087389],[14.359618,50.087391],[14.359478,50.087387],[14.359363,50.087395],[14.359278,50.087397],[14.359235,50.087402],[14.359193,50.087398],[14.359138,50.087393],[14.359094,50.087399],[14.359039,50.087394],[14.358839,50.087403],[14.358713,50.087401],[14.358614,50.087401],[14.358401,50.087409],[14.358343,50.087413],[14.357991,50.087409],[14.357986,50.087436],[14.357976,50.08748],[14.357968,50.087516],[14.357929,50.08783],[14.357937,50.087858],[14.35792,50.088002],[14.357316,50.087993],[14.356045,50.088062],[14.355006,50.088105],[14.354901,50.088132],[14.354177,50.088349],[14.353649,50.088511],[14.353525,50.088364],[14.353464,50.088322],[14.3534,50.088289],[14.353262,50.088277],[14.353009,50.088272],[14.352487,50.088271],[14.352502,50.088073],[14.352567,50.088033],[14.352465,50.087915],[14.352375,50.087807],[14.352309,50.087656],[14.351826,50.087477],[14.352099,50.087193],[14.352845,50.087459],[14.353043,50.087395],[14.353348,50.087286],[14.35364,50.087176],[14.35367,50.087169],[14.353649,50.087004],[14.353245,50.086587],[14.353229,50.086594],[14.353081,50.086627],[14.351928,50.086742],[14.351479,50.086793],[14.350519,50.086798],[14.35008,50.086804],[14.349926,50.086799],[14.349665,50.086767],[14.349194,50.086661],[14.349322,50.086854],[14.350082,50.087975],[14.350333,50.088252],[14.350583,50.088464],[14.351063,50.088725],[14.351521,50.088957],[14.351714,50.08911],[14.35179,50.08928],[14.351835,50.089402],[14.3518,50.089499],[14.351549,50.089876]]]}},{"type":"Feature","properties":{"cislo":6102,"kod":26847,"mestskaCast":"praha-6"},"geometry":{"type":"Polygon","coordinates":[[[14.346911,50.086585],[14.349022,50.08641],[14.348036,50.084897],[14.34752,50.084216],[14.347253,50.083883],[14.34695,50.08352],[14.34583,50.085317],[14.345435,50.085972],[14.346589,50.086247],[14.346652,50.08628],[14.346801,50.086375],[14.346875,50.086491],[14.346911,50.086585]]]}},{"type":"Feature","properties":{"cislo":6103,"kod":26849,"mestskaCast":"praha-6"},"geometry":{"type":"Polygon","coordinates":[[[14.342153,50.085162],[14.345435,50.085972],[14.34583,50.085317],[14.34695,50.08352],[14.346771,50.083305],[14.346725,50.083255],[14.342073,50.084356],[14.342347,50.084852],[14.342153,50.085162]]]}},{"type":"Feature","properties":{"cislo":6104,"kod":26851,"mestskaCast":"praha-6"},"geometry":{"type":"Polygon","coordinates":[[[14.393783,50.138276],[14.392651,50.137242],[14.392297,50.136231],[14.392494,50.135483],[14.393519,50.134381],[14.394793,50.133574],[14.396682,50.132616],[14.398453,50.131759],[14.399561,50.1312],[14.400496,50.130452],[14.400496,50.130451],[14.400874,50.129388],[14.40075,50.128321],[14.400782,50.12714],[14.400138,50.126323],[14.398934,50.125129],[14.397545,50.123939],[14.39636,50.122867],[14.395178,50.121971],[14.394953,50.1218],[14.394953,50.1218],[14.394482,50.121704],[14.394429,50.12169],[14.394196,50.121724],[14.394138,50.121728],[14.393858,50.121721],[14.393662,50.121777],[14.393498,50.121817],[14.393468,50.12176],[14.39347,50.121751],[14.393283,50.121834],[14.393573,50.122259],[14.393925,50.12259],[14.393879,50.12267],[14.393873,50.122668],[14.393718,50.122915],[14.393896,50.123209],[14.39475,50.12374],[14.395011,50.123724],[14.395645,50.123897],[14.395777,50.124001],[14.395803,50.124024],[14.395908,50.124159],[14.396002,50.124199],[14.396053,50.124275],[14.396341,50.12471],[14.396429,50.124706],[14.396437,50.12472],[14.396392,50.125023],[14.395924,50.125544],[14.395184,50.125624],[14.395099,50.125631],[14.395005,50.125677],[14.395064,50.125832],[14.394763,50.126353],[14.394702,50.126979],[14.394695,50.127023],[14.394526,50.127192],[14.394777,50.127434],[14.394824,50.12748],[14.394784,50.127475],[14.394789,50.127507],[14.394871,50.127511],[14.394948,50.127499],[14.394962,50.127514],[14.39504,50.127603],[14.395224,50.127958],[14.395338,50.128179],[14.395283,50.128304],[14.395082,50.128286],[14.395092,50.128376],[14.395076,50.128375],[14.39507,50.128399],[14.395096,50.128414],[14.395114,50.128583],[14.394972,50.128969],[14.394677,50.129214],[14.394554,50.129146],[14.394212,50.129036],[14.394072,50.128991],[14.393783,50.128898],[14.393382,50.128765],[14.393161,50.128701],[14.392687,50.128686],[14.392699,50.12872],[14.392876,50.128878],[14.392858,50.128987],[14.392608,50.128956],[14.392394,50.128909],[14.392332,50.128897],[14.392229,50.12891],[14.392181,50.129026],[14.392176,50.129214],[14.39212,50.129309],[14.391974,50.129407],[14.392165,50.129439],[14.392494,50.129572],[14.3927,50.129692],[14.392961,50.129953],[14.392967,50.129958],[14.392941,50.129962],[14.392886,50.129973],[14.392919,50.130076],[14.392933,50.130164],[14.392491,50.13023],[14.39244,50.130175],[14.39217,50.129883],[14.392006,50.129885],[14.391954,50.129886],[14.391921,50.129945],[14.391961,50.129992],[14.39197,50.130003],[14.391771,50.130227],[14.391487,50.130681],[14.391423,50.130733],[14.391259,50.130887],[14.391139,50.131083],[14.391136,50.1311],[14.391123,50.131126],[14.390975,50.131381],[14.390935,50.131458],[14.390886,50.131541],[14.390694,50.131857],[14.390689,50.131865],[14.3906,50.131845],[14.390598,50.131851],[14.390245,50.132798],[14.390163,50.133012],[14.390125,50.133113],[14.390007,50.133225],[14.38979,50.133434],[14.389663,50.133401],[14.389606,50.133535],[14.389523,50.13363],[14.389469,50.133691],[14.389454,50.133773],[14.389367,50.133876],[14.389186,50.13401],[14.389136,50.134043],[14.389099,50.134216],[14.389078,50.134222],[14.38906,50.134226],[14.388983,50.134236],[14.388847,50.134238],[14.388684,50.134329],[14.388678,50.134392],[14.388676,50.134411],[14.388659,50.134531],[14.388667,50.13455],[14.388538,50.134796],[14.388387,50.135037],[14.388575,50.13542],[14.388612,50.135415],[14.388983,50.135568],[14.389093,50.135657],[14.389166,50.135748],[14.389221,50.135885],[14.389367,50.136034],[14.389371,50.136146],[14.389347,50.13639],[14.389551,50.136562],[14.389684,50.136759],[14.389709,50.136775],[14.389877,50.136881],[14.390114,50.136978],[14.390681,50.136954],[14.390615,50.137044],[14.390686,50.137741],[14.391543,50.138394],[14.392045,50.138546],[14.392122,50.138664],[14.392683,50.1385],[14.392764,50.138457],[14.392788,50.138444],[14.392863,50.138431],[14.393783,50.138276]]]}}]}
